
#################### N = 58, p = 5 ####################
N = 58, p = 5: E = 58a1 (conductor 58), delta* = 1, expected degree 3
[BuildTripleCover] building model of X_0(290)* (eval_prec = 400, cached if available)... [cache] loaded 3000-term star forms for level 290
done (1.430 s)
[cache] loaded triple-cover map for (N=58, p=5) -> 58a1
X_0(290)* = Curve over Rational Field defined by
z[1]^3*z[3] - z[1]^2*z[2]^2 - 3*z[1]^2*z[3]^2 + 3*z[1]*z[2]*z[3]^2 + 2*z[1]*z[3]^3 - z[2]^3*z[3] - 3*z[2]^2*z[3]^2 - 2*z[2]*z[3]^3
E = [ 1, -1, 0, -1, 1 ] (58a1)

===== SWEEP of CM discriminants for X_0(290)* -> X_0(58)* =====
found 11 small rational points on X_0(290)* (bound 100000)
found CM point at discriminant -4
found CM point at discriminant -16
found CM point at discriminant -100
found CM point at discriminant -20
found CM point at discriminant -24
found CM point at discriminant -36
found CM point at discriminant -760
found CM point at discriminant -180
found CM point at discriminant -120

labelling the rational points:
  disc = -24 -> rats[7] -> (0 : -1 : 1) (CM)
  disc = -4 -> rats[9] -> (5/3 : 2/9 : 1) (CM)
  disc = -180 -> rats[6] -> (2 : 0 : 1) (CM)
  disc = -760 -> rats[3] -> (3 : 1 : 1) (CM)
  disc = -36 -> rats[8] -> (0 : 1 : 0) (CM)
  disc = -120 -> rats[10] -> (0 : 0 : 1) (CM)
  disc = -100 -> rats[1] -> (0 : -2 : 1) (CM)
  disc = -20 -> rats[11] -> (-1 : -3 : 1) (CM)
  disc = -16 -> rats[2] -> (1 : 0 : 1) (CM)
  Cusp -> rats[4]
Labelled 10 CM+cusp, 1 exceptional
  exceptional: rats[5] = (-2/9 : -5/3 : 1)
Computing degree 2 CM points
Done.
Planes found: 10 (0 with algebraic CM match)
  exc=rats[5]: 24*z[1] - 29*z[2] - 43*z[3]=0  comps=[ 1, 1, 2 ]  CM={ -760 }  matched=false
    exact rational points on plane: [ (3 : 1 : 1), (-2/9 : -5/3 : 1) ]
  exc=rats[5]: 9*z[1] - 9*z[2] - 13*z[3]=0  comps=[ 1, 1, 2 ]  CM={ -4 }  matched=false
    exact rational points on plane: [ (-2/9 : -5/3 : 1), (5/3 : 2/9 : 1) ]
  exc=rats[5]: 3*z[1] - 4*z[2] - 6*z[3]=0  comps=[ 1, 1, 2 ]  CM={ -180 }  matched=false
    exact rational points on plane: [ (-2/9 : -5/3 : 1), (2 : 0 : 1) ]
  exc=rats[5]: 3*z[1] + 2*z[2] + 4*z[3]=0  comps=[ 1, 1, 2 ]  CM={ -100 }  matched=false
    exact rational points on plane: [ (0 : -2 : 1), (-2/9 : -5/3 : 1) ]
  exc=rats[5]: 3*z[1] - z[2] - z[3]=0  comps=[ 1, 1, 2 ]  CM={ -24 }  matched=false
    exact rational points on plane: [ (-2/9 : -5/3 : 1), (0 : -1 : 1) ]
  exc=rats[5]: 15*z[1] - 11*z[2] - 15*z[3]=0  comps=[ 1, 1, 2 ]  CM={ -16 }  matched=false
    exact rational points on plane: [ (1 : 0 : 1), (-2/9 : -5/3 : 1) ]
  exc=rats[5]: 3*z[2] + 5*z[3]=0  comps=[ 1, 1, 2 ]  CM={ cusp }  matched=false
    exact rational points on plane: [ (1 : 0 : 0), (-2/9 : -5/3 : 1) ]
  exc=rats[5]: 12*z[1] - 7*z[2] - 9*z[3]=0  comps=[ 1, 1, 2 ]  CM={ -20 }  matched=false
    exact rational points on plane: [ (-2/9 : -5/3 : 1), (-1 : -3 : 1) ]
  exc=rats[5]: 9*z[1] + 2*z[3]=0  comps=[ 1, 1, 2 ]  CM={ -36 }  matched=false
    exact rational points on plane: [ (-2/9 : -5/3 : 1), (0 : 1 : 0) ]
  exc=rats[5]: 15*z[1] - 2*z[2]=0  comps=[ 1, 1, 2 ]  CM={ -120 }  matched=false
    exact rational points on plane: [ (-2/9 : -5/3 : 1), (0 : 0 : 1) ]
All exceptional points geometrically covered: true
All exceptional points CM-confirmed: false

small rational points, their labels and images under pi:
  P1 = (0 : -2 : 1)  [CM disc -100]  |-->  (0 : -1 : 1)
  P2 = (1 : 0 : 1)  [CM disc -16]  |-->  (-1 : 1 : 1)
  P3 = (3 : 1 : 1)  [CM disc -760]  |-->  (15 : -64 : 1)
  P4 = (1 : 0 : 0)  [cusp]  |-->  (0 : 1 : 0)
  P5 = (-2/9 : -5/3 : 1)  [NOT CM (exceptional)]  |-->  (1441/3249 : -171520/185193 : 1)
  P6 = (2 : 0 : 1)  [CM disc -180]  |-->  (4 : 5 : 1)
  P7 = (0 : -1 : 1)  [CM disc -24]  |-->  (1 : 0 : 1)
  P8 = (0 : 1 : 0)  [CM disc -36]  |-->  (3/4 : -7/8 : 1)
  P9 = (5/3 : 2/9 : 1)  [CM disc -4]  |-->  (15 : 49 : 1)
  P10 = (0 : 0 : 1)  [CM disc -120]  |-->  (2 : -3 : 1)
  P11 = (-1 : -3 : 1)  [CM disc -20]  |-->  (1 : -1 : 1)

candidate discs (degree-2 CM points on X_0(290)*): [ -64, -80, -136, -196, -260, -580, -660, -840, -1060, -1240, -3480, -7540 ]

--- CUSP FIBER: fiber of pi over Q = (0 : 1 : 0) (contains the cusp), splits as degrees [ 1, 2 ] ---
  deg-2 place (mult 1) over Number Field with defining polynomial x^2 + 1/4*x - 1/4 over the Rational Field:
      (2*K.1 + 1 : K.1 : 1)
  deg-1 place (mult 1): rational point (1 : 0 : 0)  [cusp]  <-- the cusp
cusp-fiber status: cusp fiber: degrees [ 1, 2 ]

--- fiber of pi over Q = (0 : -1 : 1) through known point (0 : -2 : 1) [CM disc -100], splits as degrees [ 1, 2 ] ---
  deg-1 place (mult 1): rational point (0 : -2 : 1)  [CM disc -100]  <-- P itself
  deg-2 place (mult 1) over Number Field with defining polynomial x^2 + 4*x - 1 over the Rational Field:
      (1 : K.1 : 1)

--- fiber of pi over Q = (-1 : 1 : 1) through known point (1 : 0 : 1) [CM disc -16], splits as degrees [ 1, 2 ] ---
  deg-1 place (mult 1): rational point (1 : 0 : 1)  [CM disc -16]  <-- P itself
  deg-2 place (mult 1) over Number Field with defining polynomial x^2 + x + 2 over the Rational Field:
      (-1 : K.1 : 1)

--- fiber of pi over Q = (15 : -64 : 1) through known point (3 : 1 : 1) [CM disc -760], splits as degrees [ 1, 2 ] ---
  deg-1 place (mult 1): rational point (3 : 1 : 1)  [CM disc -760]  <-- P itself
  deg-2 place (mult 1) over Number Field with defining polynomial x^2 - 2*x - 1 over the Rational Field:
      (3*K.1 + 1 : K.1 : 1)

--- fiber of pi over Q = (0 : 1 : 0) through known point (1 : 0 : 0) [cusp], splits as degrees [ 1, 2 ] ---
  deg-2 place (mult 1) over Number Field with defining polynomial x^2 + 1/4*x - 1/4 over the Rational Field:
      (2*K.1 + 1 : K.1 : 1)
  deg-1 place (mult 1): rational point (1 : 0 : 0)  [cusp]  <-- P itself

--- fiber of pi over Q = (1441/3249 : -171520/185193 : 1) through known point (-2/9 : -5/3 : 1) [NOT CM (exceptional)], splits as degrees [ 1, 2 ] ---
  deg-1 place (mult 1): rational point (-2/9 : -5/3 : 1)  [NOT CM (exceptional)]  <-- P itself
  deg-2 place (mult 1) over Number Field with defining polynomial x^2 + 328/19*x - 91/19 over the Rational Field:
      (1/190*(-31*K.1 + 169) : K.1 : 1)

--- fiber of pi over Q = (4 : 5 : 1) through known point (2 : 0 : 1) [CM disc -180], splits as degrees [ 1, 2 ] ---
  deg-1 place (mult 1): rational point (2 : 0 : 1)  [CM disc -180]  <-- P itself
  deg-2 place (mult 1) over Number Field with defining polynomial x^2 - 4*x - 1 over the Rational Field:
      (K.1 : -1 : 1)

--- fiber of pi over Q = (1 : 0 : 1) through known point (0 : -1 : 1) [CM disc -24], splits as degrees [ 1, 2 ] ---
  deg-2 place (mult 1) over Number Field with defining polynomial x^2 - x + 2 over the Rational Field:
      (K.1 : 1 : 1)
  deg-1 place (mult 1): rational point (0 : -1 : 1)  [CM disc -24]  <-- P itself

--- fiber of pi over Q = (3/4 : -7/8 : 1) through known point (0 : 1 : 0) [CM disc -36], splits as degrees [ 1, 2 ] ---
  deg-2 place (mult 1) over Number Field with defining polynomial x^2 + 3/2*x - 1/2 over the Rational Field:
      (1/2*(K.1 + 1) : K.1 : 1)
  deg-1 place (mult 1): rational point (0 : 1 : 0)  [CM disc -36]  <-- P itself

--- fiber of pi over Q = (15 : 49 : 1) through known point (5/3 : 2/9 : 1) [CM disc -4], splits as degrees [ 1, 2 ] ---
  deg-1 place (mult 1): rational point (5/3 : 2/9 : 1)  [CM disc -4]  <-- P itself
  deg-2 place (mult 1) over Number Field with defining polynomial x^2 + 1659/361*x + 1144/361 over the Rational Field:
      (1/31*(-190*K.1 - 169) : K.1 : 1)

--- fiber of pi over Q = (2 : -3 : 1) through known point (0 : 0 : 1) [CM disc -120], splits as degrees [ 1, 2 ] ---
  deg-1 place (mult 1): rational point (0 : 0 : 1)  [CM disc -120]  <-- P itself
  deg-2 place (mult 1) over Number Field with defining polynomial x^2 + 3 over the Rational Field:
      (K.1 : K.1 : 1)

--- fiber of pi over Q = (1 : -1 : 1) through known point (-1 : -3 : 1) [CM disc -20], splits as degrees [ 1, 2 ] ---
  deg-1 place (mult 1): rational point (-1 : -3 : 1)  [CM disc -20]  <-- P itself
  deg-2 place (mult 1) over Number Field with defining polynomial x^2 + 8*x - 2 over the Rational Field:
      (1/3*(K.1 + 1) : K.1 : 1)
rational-point-fiber status: 11 known point(s) checked

--- D = -64 (h = 1) ---
  CM point at tau = 0.234483 + 0.0137931*$.1  |-->  Q = (1 : -1 : 1)
  CM point at tau = 0.165517 + 0.0137931*$.1  |-->  Q = (1 : -1 : 1)
all disc--64 CM points map to the SAME rational point — as expected

--- fiber of pi over Q1 = (1 : -1 : 1) (image of the disc--64 CM points) ---
  deg-1 place (mult 1): rational point (-1 : -3 : 1)  [CM disc -20]
  deg-2 place (mult 1) over Number Field with defining polynomial x^2 + 8*x - 2 over the Rational Field:
      (1/3*(K.1 + 1) : K.1 : 1)   <-- the two disc--64 CM points
>>> THIRD POINT in the fiber over Q = (1 : -1 : 1):
>>>     (-1 : -3 : 1)   —   CM disc -20
status: 1 rational fiber(s)

--- D = -80 (h = 2) ---
  CM point at tau = 0.310345 + 0.0154212*$.1  |-->  Q = (0 : -1 : 1)
  CM point at tau = 0.436781 + 0.00514039*$.1  |-->  Q = (0 : -1 : 1)
all disc--80 CM points map to the SAME rational point — as expected

--- fiber of pi over Q1 = (0 : -1 : 1) (image of the disc--80 CM points) ---
  deg-1 place (mult 1): rational point (0 : -2 : 1)  [CM disc -100]
  deg-2 place (mult 1) over Number Field with defining polynomial x^2 + 4*x - 1 over the Rational Field:
      (1 : K.1 : 1)   <-- the two disc--80 CM points
>>> THIRD POINT in the fiber over Q = (0 : -1 : 1):
>>>     (0 : -2 : 1)   —   CM disc -100
status: 1 rational fiber(s)

--- D = -136 (h = 4) ---
  CM point at tau = 0.255172 + 0.0201067*$.1  |-->  Q = (0 : 1 : 0)
  CM point at tau = 0.0551724 + 0.0201067*$.1  |-->  Q = (0 : 1 : 0)
all disc--136 CM points map to the SAME rational point — as expected

--- fiber of pi over Q1 = (0 : 1 : 0) (image of the disc--136 CM points) ---
  deg-2 place (mult 1) over Number Field with defining polynomial x^2 + 1/4*x - 1/4 over the Rational Field:
      (2*K.1 + 1 : K.1 : 1)   <-- the two disc--136 CM points
  deg-1 place (mult 1): rational point (1 : 0 : 0)  [cusp]
>>> THIRD POINT in the fiber over Q = (0 : 1 : 0):
>>>     (1 : 0 : 0)   —   cusp
status: 1 rational fiber(s)

--- D = -196 (h = 1) ---
  CM point at tau = 0.410345 + 0.0241379*$.1  |-->  Q = (1 : 0 : 1)
  CM point at tau = 0.210345 + 0.0241379*$.1  |-->  Q = (1 : 0 : 1)
all disc--196 CM points map to the SAME rational point — as expected

--- fiber of pi over Q1 = (1 : 0 : 1) (image of the disc--196 CM points) ---
  deg-2 place (mult 1) over Number Field with defining polynomial x^2 - x + 2 over the Rational Field:
      (K.1 : 1 : 1)   <-- the two disc--196 CM points
  deg-1 place (mult 1): rational point (0 : -1 : 1)  [CM disc -24]
>>> THIRD POINT in the fiber over Q = (1 : 0 : 1):
>>>     (0 : -1 : 1)   —   CM disc -24
status: 1 rational fiber(s)

--- D = -260 (h = 8) ---
  CM point at tau = 0.0517241 + 0.0278009*$.1: image NOT recognized as rational: [ 72.78015987 - 2.805749017E-197*$.1, -654.0214388 - 1.137610139E-195*$.1, 1.000000000 ]
  CM point at tau = 0.350574 + 0.00926696*$.1: image NOT recognized as rational: [ 0.2198401327 - 5.009368833E-76*$.1, -0.9785611939 - 1.160467813E-75*$.1, 1.000000000 ]
status: images not rational (no rational fiber)

--- D = -580 (h = 8) ---
  CM point at tau = 0.500000 + 0.0415227*$.1: image NOT recognized as rational: [ 3.380199322 - 3.145645103E-398*$.1, 3.570298983 - 5.700085281E-398*$.1, 1.000000000 ]
  CM point at tau = 0.357143 + 0.00593182*$.1: image NOT recognized as rational: [ 0.3698006776 + 9.436342006E-46*$.1, -0.9452989835 + 2.738645097E-46*$.1, 1.000000000 ]
status: images not rational (no rational fiber)

--- D = -660 (h = 8) ---
  CM point at tau = 0.189655 + 0.0442939*$.1: image NOT recognized as rational: [ 0.8750000000 - 0.4841229183*$.1, -0.3125000000 + 0.7261843774*$.1, 1.000000000 ]
  CM point at tau = -0.189655 + 0.0442939*$.1: image NOT recognized as rational: [ 0.8750000000 + 0.4841229183*$.1, -0.3125000000 - 0.7261843774*$.1, 1.000000000 ]
status: images not rational (no rational fiber)

--- D = -840 (h = 8) ---
  CM point at tau = 0.448276 + 0.0499703*$.1: image NOT recognized as rational: [ 2.695312500 + 0.03025768239*$.1, 2.178710938 + 0.05673315448*$.1, 1.000000000 ]
  CM point at tau = -0.448276 + 0.0499703*$.1: image NOT recognized as rational: [ 2.695312500 - 0.03025768239*$.1, 2.178710938 - 0.05673315448*$.1, 1.000000000 ]
status: images not rational (no rational fiber)

--- D = -1060 (h = 8) ---
  CM point at tau = 0.0172414 + 0.0561339*$.1: image NOT recognized as rational: [ 12.97955772 + 8.452532159E-199*$.1, -51.74815718 + 1.390005528E-197*$.1, 1.000000000 ]
  CM point at tau = 0.283251 + 0.00801912*$.1: image NOT recognized as rational: [ 0.7704422764 - 1.814199189E-65*$.1, -0.8768428186 - 1.702689212E-67*$.1, 1.000000000 ]
status: images not rational (no rational fiber)

--- D = -1240 (h = 8) ---
  CM point at tau = 0.310345 + 0.0607132*$.1: image NOT recognized as rational: [ -0.5937500000 + 0.5219779090*$.1, -1.054687500 - 0.3914834318*$.1, 1.000000000 ]
  CM point at tau = -0.310345 + 0.0607132*$.1: image NOT recognized as rational: [ -0.5937500000 - 0.5219779090*$.1, -1.054687500 + 0.3914834318*$.1, 1.000000000 ]
status: images not rational (no rational fiber)

--- D = -3480 (h = 16) ---
  CM point at tau = 0.101709*$.1: image NOT recognized as rational: [ 12.52079729, -49.08318916, 1.000000000 ]
  CM point at tau = 0.230769 + 0.00782381*$.1: image NOT recognized as rational: [ 0.4792027106 - 2.450864885E-63*$.1, -0.9168108424 - 3.020110839E-63*$.1, 1.000000000 ]
status: images not rational (no rational fiber)

--- D = -7540 (h = 16) ---
  CM point at tau = 0.500000 + 0.149712*$.1: image NOT recognized as rational: [ 6.444627682 + 1.186123460E-199*$.1, 11.97872660 + 3.851972540E-199*$.1, 1.000000000 ]
  CM point at tau = 0.147059 + 0.00880662*$.1: image NOT recognized as rational: [ 0.8630646256 - 3.908157862E-72*$.1, -0.9018035267 + 3.624894582E-72*$.1, 1.000000000 ]
status: images not rational (no rational fiber)

================ SWEEP SUMMARY for X_0(290)* -> X_0(58)* ================
  D = -64: CM points |--> Q = (1 : -1 : 1); THIRD POINT (-1 : -3 : 1) — CM disc -20
  D = -80: CM points |--> Q = (0 : -1 : 1); THIRD POINT (0 : -2 : 1) — CM disc -100
  D = -136: CM points |--> Q = (0 : 1 : 0); THIRD POINT (1 : 0 : 0) — cusp
  D = -196: CM points |--> Q = (1 : 0 : 1); THIRD POINT (0 : -1 : 1) — CM disc -24

#################### N = 77, p = 2 ####################
N = 77, p = 2: E = 77a1 (conductor 77), delta* = 1, expected degree 3
[BuildTripleCover] building model of X_0(154)* (eval_prec = 400, cached if available)... [cache] loaded 3000-term star forms for level 154
done (24.510 s)
[cache] loaded triple-cover map for (N=77, p=2) -> 77a1
X_0(154)* = Hyperelliptic Curve defined by y^2 = x^6 - 4*x^5 + 2*x^4 - 4*x^3 + 13*x^2 + 4*x + 4 over Rational Field
E = [ 0, 0, 1, 2, 0 ] (77a1)

===== SWEEP of CM discriminants for X_0(154)* -> X_0(77)* =====
found 13 small rational points on X_0(154)* (bound 100000)
found CM point at discriminant -7
found CM point at discriminant -28
found CM point at discriminant -52
found CM point at discriminant -24
found CM point at discriminant -112
found CM point at discriminant -40
found CM point at discriminant -84
found CM point at discriminant -132
found CM point at discriminant -1540
found CM point at discriminant -1848

labelling the rational points:
  disc = -24 -> rats[3], (0 : -2 : 1), (CM hyperelliptic)
  disc = -112 -> rats[11], (-1 : 56 : 3), (CM hyperelliptic)
  disc = -1848 -> rats[12], (4 : -22 : 1), (CM hyperelliptic)
  disc = -7 -> rats[5], (1 : -4 : 1) (CM hyperelliptic, elliptic order 2)
  disc = -132 -> rats[13], (4 : 22 : 1), (CM hyperelliptic)
  disc = -1540 -> rats[9], (-3 : 77 : 2), (CM hyperelliptic)
  disc = -40 -> rats[2], (1 : 1 : 0) (CM hyperelliptic, WPS infinity)
  disc = -52 -> rats[4], (0 : 2 : 1), (CM hyperelliptic)
  disc = -84 -> rats[7], (2 : 0 : 1), (CM hyperelliptic)
  disc = -28 -> rats[6], (1 : 4 : 1) (CM hyperelliptic, elliptic order 2)
  Cusp -> rats[1] (1 : -1 : 0)
Labelled 11 CM+cusp, 2 exceptional
  exceptional: rats[8] = (-3 : -77 : 2)
  exceptional: rats[10] = (-1 : -56 : 3)
Involution pairs found: 2
  rats[8] = (-3 : -77 : 2) is hyperelliptic involution of rats[9] (CM disc { -1540 })
  rats[10] = (-1 : -56 : 3) is hyperelliptic involution of rats[11] (CM disc { -112 })
All exceptional points explained: true

small rational points, their labels and images under pi:
  P1 = (1 : -1 : 0)  [cusp]  |-->  (0 : 1 : 0)
  P2 = (1 : 1 : 0)  [CM disc -40]  |-->  (0 : 0 : 1)
  P3 = (0 : -2 : 1)  [CM disc -24]  |-->  (0 : -1 : 1)
  P4 = (0 : 2 : 1)  [CM disc -52]  |-->  (4 : -9 : 1)
  P5 = (1 : -4 : 1)  [CM disc -7]  |-->  (4 : -9 : 1)
  P6 = (1 : 4 : 1)  [CM disc -28]  |-->  (0 : -1 : 1)
  P7 = (2 : 0 : 1)  [CM disc -84]  |-->  (2 : 3 : 1)
  P8 = (-3 : -77 : 2)  [NOT CM (exceptional)]  |-->  (1/4 : 3/8 : 1)
  P9 = (-3 : 77 : 2)  [CM disc -1540]  |-->  (30 : 164 : 1)
  P10 = (-1 : -56 : 3)  [NOT CM (exceptional)]  |-->  (-26/225 : -1243/3375 : 1)
  P11 = (-1 : 56 : 3)  [CM disc -112]  |-->  (30 : -165 : 1)
  P12 = (4 : -22 : 1)  [CM disc -1848]  |-->  (4 : -9 : 1)
  P13 = (4 : 22 : 1)  [CM disc -132]  |-->  (0 : -1 : 1)

candidate discs (degree-2 CM points on X_0(154)*): [ -55, -63, -68, -220, -252, -264, -292, -308, -420, -448, -616, -868, -952, -1672, -2772, -8008, -8932 ]

--- CUSP FIBER: fiber of pi over Q = (0 : 1 : 0) (contains the cusp), splits as degrees [ 1, 2 ] ---
  deg-2 place (mult 1) over Number Field with defining polynomial x^2 - x - 1 over the Rational Field:
      (K.1 : -3*K.1 + 1 : 1)
  deg-1 place (mult 1): rational point (1 : -1 : 0)  [cusp]  <-- the cusp
cusp-fiber status: cusp fiber: degrees [ 1, 2 ]

--- fiber of pi over Q = (0 : 1 : 0) through known point (1 : -1 : 0) [cusp], splits as degrees [ 1, 2 ] ---
  deg-2 place (mult 1) over Number Field with defining polynomial x^2 - x - 1 over the Rational Field:
      (K.1 : -3*K.1 + 1 : 1)
  deg-1 place (mult 1): rational point (1 : -1 : 0)  [cusp]  <-- P itself

--- fiber of pi over Q = (0 : 0 : 1) through known point (1 : 1 : 0) [CM disc -40], splits as degrees [ 1, 2 ] ---
  deg-2 place (mult 1) over Number Field with defining polynomial x^2 - x - 1 over the Rational Field:
      (K.1 : 3*K.1 - 1 : 1)
  deg-1 place (mult 1): rational point (1 : 1 : 0)  [CM disc -40]  <-- P itself

--- fiber of pi over Q = (0 : -1 : 1) through known point (0 : -2 : 1) [CM disc -24], splits as degrees [ 1, 1, 1 ] ---
  deg-1 place (mult 1): rational point (4 : 22 : 1)  [CM disc -132]
  deg-1 place (mult 1): rational point (1 : 4 : 1)  [CM disc -28]
  deg-1 place (mult 1): rational point (0 : -2 : 1)  [CM disc -24]  <-- P itself

--- fiber of pi over Q = (4 : -9 : 1) through known point (0 : 2 : 1) [CM disc -52], splits as degrees [ 1, 1, 1 ] ---
  deg-1 place (mult 1): rational point (4 : -22 : 1)  [CM disc -1848]
  deg-1 place (mult 1): rational point (1 : -4 : 1)  [CM disc -7]
  deg-1 place (mult 1): rational point (0 : 2 : 1)  [CM disc -52]  <-- P itself

--- fiber of pi over Q = (4 : -9 : 1) through known point (1 : -4 : 1) [CM disc -7], splits as degrees [ 1, 1, 1 ] ---
  deg-1 place (mult 1): rational point (4 : -22 : 1)  [CM disc -1848]
  deg-1 place (mult 1): rational point (1 : -4 : 1)  [CM disc -7]  <-- P itself
  deg-1 place (mult 1): rational point (0 : 2 : 1)  [CM disc -52]

--- fiber of pi over Q = (0 : -1 : 1) through known point (1 : 4 : 1) [CM disc -28], splits as degrees [ 1, 1, 1 ] ---
  deg-1 place (mult 1): rational point (4 : 22 : 1)  [CM disc -132]
  deg-1 place (mult 1): rational point (1 : 4 : 1)  [CM disc -28]  <-- P itself
  deg-1 place (mult 1): rational point (0 : -2 : 1)  [CM disc -24]

--- fiber of pi over Q = (2 : 3 : 1) through known point (2 : 0 : 1) [CM disc -84], splits as degrees [ 1, 2 ] ---
  deg-1 place (mult 1): rational point (2 : 0 : 1)  [CM disc -84]  <-- P itself
  deg-2 place (mult 1) over Number Field with defining polynomial x^2 + x + 2 over the Rational Field:
      (K.1 : 0 : 1)

--- fiber of pi over Q = (1/4 : 3/8 : 1) through known point (-3 : -77 : 2) [NOT CM (exceptional)], splits as degrees [ 1, 2 ] ---
  deg-1 place (mult 1): rational point (-3 : -77 : 2)  [NOT CM (exceptional)]  <-- P itself
  deg-2 place (mult 1) over Number Field with defining polynomial x^2 + x - 5 over the Rational Field:
      (K.1 : 9*K.1 - 13 : 1)

--- fiber of pi over Q = (30 : 164 : 1) through known point (-3 : 77 : 2) [CM disc -1540], splits as degrees [ 1, 2 ] ---
  deg-1 place (mult 1): rational point (-3 : 77 : 2)  [CM disc -1540]  <-- P itself
  deg-2 place (mult 1) over Number Field with defining polynomial x^2 + x - 5 over the Rational Field:
      (K.1 : -9*K.1 + 13 : 1)

--- fiber of pi over Q = (-26/225 : -1243/3375 : 1) through known point (-1 : -56 : 3) [NOT CM (exceptional)], splits as degrees [ 1, 2 ] ---
  deg-1 place (mult 1): rational point (-1 : -56 : 3)  [NOT CM (exceptional)]  <-- P itself
  deg-2 place (mult 1) over Number Field with defining polynomial x^2 - 44/5*x + 52/5 over the Rational Field:
      (K.1 : 1/25*(1164*K.1 - 1532) : 1)

--- fiber of pi over Q = (30 : -165 : 1) through known point (-1 : 56 : 3) [CM disc -112], splits as degrees [ 1, 2 ] ---
  deg-1 place (mult 1): rational point (-1 : 56 : 3)  [CM disc -112]  <-- P itself
  deg-2 place (mult 1) over Number Field with defining polynomial x^2 - 44/5*x + 52/5 over the Rational Field:
      (K.1 : 1/25*(-1164*K.1 + 1532) : 1)

--- fiber of pi over Q = (4 : -9 : 1) through known point (4 : -22 : 1) [CM disc -1848], splits as degrees [ 1, 1, 1 ] ---
  deg-1 place (mult 1): rational point (4 : -22 : 1)  [CM disc -1848]  <-- P itself
  deg-1 place (mult 1): rational point (1 : -4 : 1)  [CM disc -7]
  deg-1 place (mult 1): rational point (0 : 2 : 1)  [CM disc -52]

--- fiber of pi over Q = (0 : -1 : 1) through known point (4 : 22 : 1) [CM disc -132], splits as degrees [ 1, 1, 1 ] ---
  deg-1 place (mult 1): rational point (4 : 22 : 1)  [CM disc -132]  <-- P itself
  deg-1 place (mult 1): rational point (1 : 4 : 1)  [CM disc -28]
  deg-1 place (mult 1): rational point (0 : -2 : 1)  [CM disc -24]
>>> PARTNER in the fiber over Q = (0 : -1 : 1) (via known point (0 : -2 : 1) [CM disc -24]):
>>>     (4 : 22 : 1)   —   CM disc -132
>>> PARTNER in the fiber over Q = (0 : -1 : 1) (via known point (0 : -2 : 1) [CM disc -24]):
>>>     (1 : 4 : 1)   —   CM disc -28
>>> PARTNER in the fiber over Q = (4 : -9 : 1) (via known point (0 : 2 : 1) [CM disc -52]):
>>>     (4 : -22 : 1)   —   CM disc -1848
>>> PARTNER in the fiber over Q = (4 : -9 : 1) (via known point (0 : 2 : 1) [CM disc -52]):
>>>     (1 : -4 : 1)   —   CM disc -7
>>> PARTNER in the fiber over Q = (4 : -9 : 1) (via known point (1 : -4 : 1) [CM disc -7]):
>>>     (4 : -22 : 1)   —   CM disc -1848
>>> PARTNER in the fiber over Q = (0 : -1 : 1) (via known point (1 : 4 : 1) [CM disc -28]):
>>>     (4 : 22 : 1)   —   CM disc -132
rational-point-fiber status: 13 known point(s) checked

--- D = -55 (h = 4) ---
  CM point at tau = 0.321429 + 0.0240786*$.1  |-->  Q = (0 : 1 : 0)
  CM point at tau = 0.178571 + 0.0240786*$.1: image NOT recognized as rational: [ 16.00000000 - 1.075912633E-188*$.1, -69418688.00 + 67395740.52*$.1, 1.000000000 ]

--- fiber of pi over Q1 = (0 : 1 : 0) (image of the disc--55 CM points) ---
  deg-2 place (mult 1) over Number Field with defining polynomial x^2 - x - 1 over the Rational Field:
      (K.1 : -3*K.1 + 1 : 1)   (quadratic pair, NOT the disc--55 CM points)
  deg-1 place (mult 1): rational point (1 : -1 : 0)  [cusp]
>>> THIRD POINT in the fiber over Q = (0 : 1 : 0):
>>>     (1 : -1 : 0)   —   cusp
status: 1 rational fiber(s)

--- D = -63 (h = 1) ---
  CM point at tau = 0.340909 + 0.0257703*$.1  |-->  Q = (1/4 : 3/8 : 1)
  CM point at tau = 0.159091 + 0.0257703*$.1  |-->  Q = (1/4 : 3/8 : 1)
all disc--63 CM points map to the SAME rational point — as expected

--- fiber of pi over Q1 = (1/4 : 3/8 : 1) (image of the disc--63 CM points) ---
  deg-1 place (mult 1): rational point (-3 : -77 : 2)  [NOT CM (exceptional)]
  deg-2 place (mult 1) over Number Field with defining polynomial x^2 + x - 5 over the Rational Field:
      (K.1 : 9*K.1 - 13 : 1)   <-- the two disc--63 CM points
>>> THIRD POINT in the fiber over Q = (1/4 : 3/8 : 1):
>>>     (-3 : -77 : 2)   —   NOT CM (exceptional)
status: 1 rational fiber(s)

--- D = -68 (h = 4) ---
  CM point at tau = 0.331169 + 0.0267734*$.1: image NOT recognized as rational: [ 0.2222222222 + 8.203643987E-199*$.1, 0.3398918867 + 4.948585457E-198*$.1, 1.000000000 ]
  CM point at tau = 0.240260 + 0.0267734*$.1: image NOT recognized as rational: [ 0.2222222222 + 2.990169592E-199*$.1, -1.339891887 - 4.601575905E-199*$.1, 1.000000000 ]
status: images not rational (no rational fiber)

--- D = -220 (h = 4) ---
  CM point at tau = 0.357143 + 0.0481572*$.1: image NOT recognized as rational: [ 0.7200000000 - 0.5306599665*$.1, 0.8640000000 - 0.6367919598*$.1, 1.000000000 ]
  CM point at tau = -0.357143 + 0.0481572*$.1: image NOT recognized as rational: [ 0.7200000000 + 0.5306599665*$.1, 0.8640000000 + 0.6367919598*$.1, 1.000000000 ]
status: images not rational (no rational fiber)

--- D = -252 (h = 1) ---
  CM point at tau = 0.318182 + 0.0515406*$.1: image NOT recognized as rational: [ 0.3750000000 + 0.6495190528*$.1, 0.5000000000 + 0.6495190528*$.1, 1.000000000 ]
  CM point at tau = -0.318182 + 0.0515406*$.1: image NOT recognized as rational: [ 0.3750000000 - 0.6495190528*$.1, 0.5000000000 - 0.6495190528*$.1, 1.000000000 ]
status: images not rational (no rational fiber)

--- D = -264 (h = 8) ---
  CM point at tau = 0.285714 + 0.0527535*$.1: image NOT recognized as rational: [ 1.899116864E-199 + 1.414213562*$.1, 1.538489940E-199 - 2.549582331E-199*$.1, 1.000000000 ]
  CM point at tau = -0.285714 + 0.0527535*$.1: image NOT recognized as rational: [ 1.899116864E-199 - 1.414213562*$.1, 1.538489940E-199 + 2.549582331E-199*$.1, 1.000000000 ]
status: images not rational (no rational fiber)

--- D = -292 (h = 4) ---
  CM point at tau = 0.487013 + 0.0554805*$.1: image NOT recognized as rational: [ 103.2640225 - 1.173441784E-196*$.1, 1048.956230 - 1.112198398E-195*$.1, 1.000000000 ]
  CM point at tau = 0.0584416 + 0.0554805*$.1: image NOT recognized as rational: [ 0.7359775281 - 4.398023226E-199*$.1, -1.956230337 + 5.622919405E-199*$.1, 1.000000000 ]
status: images not rational (no rational fiber)

--- D = -308 (h = 8) ---
  CM point at tau = 0.500000 + 0.0569803*$.1: image NOT recognized as rational: [ 84.50746734 + 1.151940078E-396*$.1, 776.4686995 + 1.012672065E-395*$.1, 1.000000000 ]
  CM point at tau = 0.166667 + 0.0189934*$.1: image NOT recognized as rational: [ 0.1325326667 + 8.325367156E-141*$.1, 0.2193005335 + 7.659337783E-140*$.1, 1.000000000 ]
status: images not rational (no rational fiber)

--- D = -420 (h = 8) ---
  CM point at tau = 0.0454546 + 0.0665387*$.1: image NOT recognized as rational: [ 1.389079479 + 1.610308718E-199*$.1, -2.889235416 - 2.478133464E-199*$.1, 1.000000000 ]
  CM point at tau = 0.318182 + 0.0221795*$.1: image NOT recognized as rational: [ -0.08329435506 - 1.359113760E-176*$.1, -0.2121920817 + 1.285462071E-175*$.1, 1.000000000 ]
status: images not rational (no rational fiber)

--- D = -448 (h = 1) ---
  CM point at tau = 0.0909091 + 0.0687208*$.1: image NOT recognized as rational: [ 0.3200000000 - 1.047664068*$.1, -1.256000000 + 0.8381312547*$.1, 1.000000000 ]
  CM point at tau = -0.0909091 + 0.0687208*$.1: image NOT recognized as rational: [ 0.3200000000 + 1.047664068*$.1, -1.256000000 - 0.8381312547*$.1, 1.000000000 ]
status: images not rational (no rational fiber)

--- D = -616 (h = 8) ---
  CM point at tau = 0.0805823*$.1: image NOT recognized as rational: [ 2.530700298, -5.138871516, 1.000000000 ]
  CM point at tau = 0.200000 + 0.0161165*$.1: image NOT recognized as rational: [ -0.1240415587 + 2.562867648E-118*$.1, -0.4971119197 - 1.039035308E-117*$.1, 1.000000000 ]
status: images not rational (no rational fiber)

--- D = -868 (h = 8) ---
  CM point at tau = 0.318182 + 0.0956553*$.1: image NOT recognized as rational: [ 1.320000000 + 2.004395171*$.1, 0.4440000000 + 3.407471790*$.1, 1.000000000 ]
  CM point at tau = -0.318182 + 0.0956553*$.1: image NOT recognized as rational: [ 1.320000000 - 2.004395171*$.1, 0.4440000000 - 3.407471790*$.1, 1.000000000 ]
status: images not rational (no rational fiber)

--- D = -952 (h = 8) ---
  CM point at tau = 0.272727 + 0.100177*$.1: image NOT recognized as rational: [ -0.4765868887 + 2.065957966*$.1, -2.899516633 + 0.6830990047*$.1, 1.000000000 ]
  CM point at tau = -0.272727 + 0.100177*$.1: image NOT recognized as rational: [ -0.4765868887 - 2.065957966*$.1, -2.899516633 - 0.6830990047*$.1, 1.000000000 ]
status: images not rational (no rational fiber)

--- D = -1672 (h = 8) ---
  CM point at tau = 0.428571 + 0.132760*$.1: image NOT recognized as rational: [ 16.00000000 - 2.828427125*$.1, 63.00000000 - 16.97056275*$.1, 1.000000000 ]
  CM point at tau = -0.428571 + 0.132760*$.1: image NOT recognized as rational: [ 16.00000000 + 2.828427125*$.1, 63.00000000 + 16.97056275*$.1, 1.000000000 ]
status: images not rational (no rational fiber)

--- D = -2772 (h = 8) ---
  CM point at tau = 0.500000 + 0.170941*$.1: image NOT recognized as rational: [ 26.94987437 + 6.703068944E-200*$.1, 139.5989950 + 5.217252690E-199*$.1, 1.000000000 ]
  CM point at tau = 0.115385 + 0.0131493*$.1: image NOT recognized as rational: [ 7.050125629 + 2.880468146E-104*$.1, -19.59899497 - 7.726927291E-104*$.1, 1.000000000 ]
status: images not rational (no rational fiber)

--- D = -8008 (h = 16) ---
  CM point at tau = 0.290544*$.1  |-->  Q = (30 : -165 : 1)
  CM point at tau = 0.117647 + 0.0170908*$.1  |-->  Q = (30 : -165 : 1)
all disc--8008 CM points map to the SAME rational point — as expected

--- fiber of pi over Q1 = (30 : -165 : 1) (image of the disc--8008 CM points) ---
  deg-1 place (mult 1): rational point (-1 : 56 : 3)  [CM disc -112]
  deg-2 place (mult 1) over Number Field with defining polynomial x^2 - 44/5*x + 52/5 over the Rational Field:
      (K.1 : 1/25*(-1164*K.1 + 1532) : 1)   <-- the two disc--8008 CM points
>>> THIRD POINT in the fiber over Q = (30 : -165 : 1):
>>>     (-1 : 56 : 3)   —   CM disc -112
status: 1 rational fiber(s)

--- D = -8932 (h = 16) ---
  CM point at tau = 0.500000 + 0.306848*$.1: image NOT recognized as rational: [ 67.81086162 + 1.187788078E-198*$.1, 558.0261275 + 1.467061135E-197*$.1, 1.000000000 ]
  CM point at tau = 0.346154 + 0.0236037*$.1: image NOT recognized as rational: [ 0.1510658056 + 3.332479628E-189*$.1, 0.2453717633 + 2.746891506E-188*$.1, 1.000000000 ]
status: images not rational (no rational fiber)

================ SWEEP SUMMARY for X_0(154)* -> X_0(77)* ================
  RATIONAL-POINT fiber |--> Q = (0 : -1 : 1); RESIDUAL POINT (4 : 22 : 1) — CM disc -132  (partner of known point (0 : -2 : 1) [CM disc -24])
  RATIONAL-POINT fiber |--> Q = (0 : -1 : 1); RESIDUAL POINT (1 : 4 : 1) — CM disc -28  (partner of known point (0 : -2 : 1) [CM disc -24])
  RATIONAL-POINT fiber |--> Q = (4 : -9 : 1); RESIDUAL POINT (4 : -22 : 1) — CM disc -1848  (partner of known point (0 : 2 : 1) [CM disc -52])
  RATIONAL-POINT fiber |--> Q = (4 : -9 : 1); RESIDUAL POINT (1 : -4 : 1) — CM disc -7  (partner of known point (0 : 2 : 1) [CM disc -52])
  RATIONAL-POINT fiber |--> Q = (4 : -9 : 1); RESIDUAL POINT (4 : -22 : 1) — CM disc -1848  (partner of known point (1 : -4 : 1) [CM disc -7])
  RATIONAL-POINT fiber |--> Q = (0 : -1 : 1); RESIDUAL POINT (4 : 22 : 1) — CM disc -132  (partner of known point (1 : 4 : 1) [CM disc -28])
  D = -55: CM points |--> Q = (0 : 1 : 0); THIRD POINT (1 : -1 : 0) — cusp
  D = -63: CM points |--> Q = (1/4 : 3/8 : 1); THIRD POINT (-3 : -77 : 2) — NOT CM (exceptional)
  D = -8008: CM points |--> Q = (30 : -165 : 1); THIRD POINT (-1 : 56 : 3) — CM disc -112

#################### N = 91, p = 5 ####################
N = 91, p = 5: E = 91a1 (conductor 91), delta* = 1, expected degree 3
[BuildTripleCover] building model of X_0(455)* (eval_prec = 400, cached if available)... [cache] loaded 3000-term star forms for level 455
done (2.450 s)
[cache] loaded triple-cover map for (N=91, p=5) -> 91a1
X_0(455)* = Curve over Rational Field defined by
z[1]^3*z[3] - z[1]^2*z[2]^2 - z[1]*z[2]^3 - 3*z[1]*z[2]^2*z[3] - 3*z[1]*z[2]*z[3]^2 - 2*z[1]*z[3]^3 + 2*z[2]^3*z[3] + 3*z[2]^2*z[3]^2 + 2*z[2]*z[3]^3 + z[3]^4
E = [ 0, 0, 1, 1, 0 ] (91a1)

===== SWEEP of CM discriminants for X_0(455)* -> X_0(91)* =====
found 8 small rational points on X_0(455)* (bound 100000)
found CM point at discriminant -91
found CM point at discriminant -35
found CM point at discriminant -40
found CM point at discriminant -315
found CM point at discriminant -595
found CM point at discriminant -195

labelling the rational points:
  disc = -91 -> rats[2] -> (-1 : 1 : 0) (CM)
  disc = -35 -> rats[7] -> (0 : 1 : 0) (CM)
  disc = -595 -> rats[1] -> (1 : 0 : 1) (CM)
  disc = -40 -> rats[8] -> (1/2 : -1/2 : 1) (CM)
  disc = -195 -> rats[3] -> (0 : -1 : 1) (CM)
  disc = -315 -> rats[4] -> (-1 : -2/3 : 1) (CM)
  Cusp -> rats[5]
Labelled 7 CM+cusp, 1 exceptional
  exceptional: rats[6] = (3/4 : 1/2 : 1)
Computing degree 2 CM points
Done.
Planes found: 7 (0 with algebraic CM match)
  exc=rats[6]: 2*z[1] + z[2] - 2*z[3]=0  comps=[ 1, 1, 2 ]  CM={ -595 }  matched=false
    exact rational points on plane: [ (1 : 0 : 1), (3/4 : 1/2 : 1) ]
  exc=rats[6]: 4*z[1] + 4*z[2] - 5*z[3]=0  comps=[ 1, 1, 2 ]  CM={ -91 }  matched=false
    exact rational points on plane: [ (-1 : 1 : 0), (3/4 : 1/2 : 1) ]
  exc=rats[6]: 2*z[1] - z[2] - z[3]=0  comps=[ 1, 1, 2 ]  CM={ -195 }  matched=false
    exact rational points on plane: [ (0 : -1 : 1), (3/4 : 1/2 : 1) ]
  exc=rats[6]: 8*z[1] - 2*z[2] - 5*z[3]=0  comps=[ 1, 1, 2 ]  CM={ -40 }  matched=false
    exact rational points on plane: [ (3/4 : 1/2 : 1), (1/2 : -1/2 : 1) ]
  exc=rats[6]: 2*z[1] - 3*z[2]=0  comps=[ 1, 1, 2 ]  CM={ -315 }  matched=false
    exact rational points on plane: [ (-1 : -2/3 : 1), (3/4 : 1/2 : 1) ]
  exc=rats[6]: 4*z[1] - 3*z[3]=0  comps=[ 1, 1, 2 ]  CM={ -35 }  matched=false
    exact rational points on plane: [ (3/4 : 1/2 : 1), (0 : 1 : 0) ]
  exc=rats[6]: 2*z[2] - z[3]=0  comps=[ 1, 1, 2 ]  CM={ cusp }  matched=false
    exact rational points on plane: [ (1 : 0 : 0), (3/4 : 1/2 : 1) ]
All exceptional points geometrically covered: true
All exceptional points CM-confirmed: false

small rational points, their labels and images under pi:
  P1 = (1 : 0 : 1)  [CM disc -595]  |-->  (3 : -6 : 1)
  P2 = (-1 : 1 : 0)  [CM disc -91]  |-->  (-2/9 : -10/27 : 1)
  P3 = (0 : -1 : 1)  [CM disc -195]  |-->  (0 : -1 : 1)
  P4 = (-1 : -2/3 : 1)  [CM disc -315]  |-->  (1 : -2 : 1)
  P5 = (1 : 0 : 0)  [cusp]  |-->  (0 : 1 : 0)
  P6 = (3/4 : 1/2 : 1)  [NOT CM (exceptional)]  |-->  (33/4 : 187/8 : 1)
  P7 = (0 : 1 : 0)  [CM disc -35]  |-->  (1 : 1 : 1)
  P8 = (1/2 : -1/2 : 1)  [CM disc -40]  |-->  (0 : 0 : 1)

candidate discs (degree-2 CM points on X_0(455)*): [ -55, -56, -75, -160, -220, -259, -355, -420, -819, -2275, -3640, -5460, -13195 ]

--- CUSP FIBER: fiber of pi over Q = (0 : 1 : 0) (contains the cusp), splits as degrees [ 1, 2 ] ---
  deg-2 place (mult 1) over Number Field with defining polynomial x^2 + 1/3 over the Rational Field:
      (1/2*(K.1 + 1) : K.1 : 1)
  deg-1 place (mult 1): rational point (1 : 0 : 0)  [cusp]  <-- the cusp
cusp-fiber status: cusp fiber: degrees [ 1, 2 ]

--- fiber of pi over Q = (3 : -6 : 1) through known point (1 : 0 : 1) [CM disc -595], splits as degrees [ 1, 2 ] ---
  deg-1 place (mult 1): rational point (1 : 0 : 1)  [CM disc -595]  <-- P itself
  deg-2 place (mult 1) over Number Field with defining polynomial x^2 + x + 1 over the Rational Field:
      (-1 : K.1 : 1)

--- fiber of pi over Q = (-2/9 : -10/27 : 1) through known point (-1 : 1 : 0) [CM disc -91], splits as degrees [ 1, 2 ] ---
  deg-2 place (mult 1) over Number Field with defining polynomial x^2 - 13/9*x + 11/27 over the Rational Field:
      (K.1 : -2/3 : 1)
  deg-1 place (mult 1): rational point (-1 : 1 : 0)  [CM disc -91]  <-- P itself

--- fiber of pi over Q = (0 : -1 : 1) through known point (0 : -1 : 1) [CM disc -195], splits as degrees [ 1, 2 ] ---
  deg-1 place (mult 1): rational point (0 : -1 : 1)  [CM disc -195]  <-- P itself
  deg-2 place (mult 1) over Number Field with defining polynomial x^2 - 2*x - 1 over the Rational Field:
      (-2*K.1 : K.1 : 1)

--- fiber of pi over Q = (1 : -2 : 1) through known point (-1 : -2/3 : 1) [CM disc -315], splits as degrees [ 1, 2 ] ---
  deg-1 place (mult 1): rational point (-1 : -2/3 : 1)  [CM disc -315]  <-- P itself
  deg-2 place (mult 1) over Number Field with defining polynomial x^2 + 7/11*x + 1/11 over the Rational Field:
      (10*K.1 + 3 : K.1 : 1)

--- fiber of pi over Q = (0 : 1 : 0) through known point (1 : 0 : 0) [cusp], splits as degrees [ 1, 2 ] ---
  deg-2 place (mult 1) over Number Field with defining polynomial x^2 + 1/3 over the Rational Field:
      (1/2*(K.1 + 1) : K.1 : 1)
  deg-1 place (mult 1): rational point (1 : 0 : 0)  [cusp]  <-- P itself

--- fiber of pi over Q = (33/4 : 187/8 : 1) through known point (3/4 : 1/2 : 1) [NOT CM (exceptional)], splits as degrees [ 1, 2 ] ---
  deg-1 place (mult 1): rational point (3/4 : 1/2 : 1)  [NOT CM (exceptional)]  <-- P itself
  deg-2 place (mult 1) over Number Field with defining polynomial x^2 + 4*x - 1 over the Rational Field:
      (1/2*(-7*K.1 + 3) : K.1 : 1)

--- fiber of pi over Q = (1 : 1 : 1) through known point (0 : 1 : 0) [CM disc -35], splits as degrees [ 1, 2 ] ---
  deg-2 place (mult 1) over Number Field with defining polynomial x^2 + 2*x + 1/2 over the Rational Field:
      (-2*K.1 : K.1 : 1)
  deg-1 place (mult 1): rational point (0 : 1 : 0)  [CM disc -35]  <-- P itself

--- fiber of pi over Q = (0 : 0 : 1) through known point (1/2 : -1/2 : 1) [CM disc -40], splits as degrees [ 1, 2 ] ---
  deg-1 place (mult 1): rational point (1/2 : -1/2 : 1)  [CM disc -40]  <-- P itself
  deg-2 place (mult 1) over Number Field with defining polynomial x^2 + 14*x + 12 over the Rational Field:
      (1/2*(-K.1 + 2) : K.1 : 1)
rational-point-fiber status: 8 known point(s) checked

--- D = -55 (h = 4) ---
  CM point at tau = 0.478022 + 0.00814967*$.1: image NOT recognized as rational: [ -0.2360679775 + 4.746490659E-67*$.1, -0.4721359550 - 8.124396151E-66*$.1, 1.000000000 ]
  CM point at tau = 0.0934066 + 0.00814967*$.1: image NOT recognized as rational: [ 4.236067977 - 1.028629728E-65*$.1, 8.472135955 + 2.503743702E-66*$.1, 1.000000000 ]
status: images not rational (no rational fiber)

--- D = -56 (h = 4) ---
  CM point at tau = 0.353846 + 0.00822343*$.1  |-->  Q = (0 : -1 : 1)
  CM point at tau = 0.0461538 + 0.00822343*$.1  |-->  Q = (0 : -1 : 1)
all disc--56 CM points map to the SAME rational point — as expected

--- fiber of pi over Q1 = (0 : -1 : 1) (image of the disc--56 CM points) ---
  deg-1 place (mult 1): rational point (0 : -1 : 1)  [CM disc -195]
  deg-2 place (mult 1) over Number Field with defining polynomial x^2 - 2*x - 1 over the Rational Field:
      (-2*K.1 : K.1 : 1)   <-- the two disc--56 CM points
>>> THIRD POINT in the fiber over Q = (0 : -1 : 1):
>>>     (0 : -1 : 1)   —   CM disc -195
status: 1 rational fiber(s)

--- D = -75 (h = 1) ---
  CM point at tau = 0.181319 + 0.00951676*$.1: image NOT recognized as rational: [ 0.7639320225 + 5.733209602E-77*$.1, -1.708203933 + 3.083465449E-77*$.1, 1.000000000 ]
  CM point at tau = 0.104396 + 0.00951676*$.1: image NOT recognized as rational: [ 5.236067977 + 3.029077047E-77*$.1, 11.70820393 + 1.358980239E-76*$.1, 1.000000000 ]
status: images not rational (no rational fiber)

--- D = -160 (h = 2) ---
  CM point at tau = 0.439560 + 0.0139001*$.1: image NOT recognized as rational: [ -1.000000000 + 1.000000000*$.1, 1.000000000 + 1.000000000*$.1, 1.000000000 ]
  CM point at tau = -0.131868 + 0.0139001*$.1: image NOT recognized as rational: [ -1.000000000 - 1.000000000*$.1, 1.000000000 - 1.000000000*$.1, 1.000000000 ]
status: images not rational (no rational fiber)

--- D = -220 (h = 4) ---
  CM point at tau = 0.186813 + 0.0162993*$.1  |-->  Q = (1 : -2 : 1)
  CM point at tau = 0.0439560 + 0.0162993*$.1  |-->  Q = (1 : -2 : 1)
all disc--220 CM points map to the SAME rational point — as expected

--- fiber of pi over Q1 = (1 : -2 : 1) (image of the disc--220 CM points) ---
  deg-1 place (mult 1): rational point (-1 : -2/3 : 1)  [CM disc -315]
  deg-2 place (mult 1) over Number Field with defining polynomial x^2 + 7/11*x + 1/11 over the Rational Field:
      (10*K.1 + 3 : K.1 : 1)   <-- the two disc--220 CM points
>>> THIRD POINT in the fiber over Q = (1 : -2 : 1):
>>>     (-1 : -2/3 : 1)   —   CM disc -315
status: 1 rational fiber(s)

--- D = -259 (h = 4) ---
  CM point at tau = 0.484615 + 0.0176851*$.1  |-->  Q = (0 : 0 : 1)
  CM point at tau = 0.284616 + 0.0176851*$.1  |-->  Q = (0 : 0 : 1)
all disc--259 CM points map to the SAME rational point — as expected

--- fiber of pi over Q1 = (0 : 0 : 1) (image of the disc--259 CM points) ---
  deg-1 place (mult 1): rational point (1/2 : -1/2 : 1)  [CM disc -40]
  deg-2 place (mult 1) over Number Field with defining polynomial x^2 + 14*x + 12 over the Rational Field:
      (1/2*(-K.1 + 2) : K.1 : 1)   <-- the two disc--259 CM points
>>> THIRD POINT in the fiber over Q = (0 : 0 : 1):
>>>     (1/2 : -1/2 : 1)   —   CM disc -40
status: 1 rational fiber(s)

--- D = -355 (h = 4) ---
  CM point at tau = 0.489011 + 0.0207049*$.1: image NOT recognized as rational: [ 0.09549150281 - 8.300925184E-169*$.1, 0.08852549156 - 9.436442982E-168*$.1, 1.000000000 ]
  CM point at tau = 0.203297 + 0.0207049*$.1: image NOT recognized as rational: [ 0.6545084972 + 1.788692610E-169*$.1, -1.588525492 + 3.048476399E-169*$.1, 1.000000000 ]
status: images not rational (no rational fiber)

--- D = -420 (h = 8) ---
  CM point at tau = 0.153846 + 0.0225208*$.1: image NOT recognized as rational: [ 0.8888888889 + 1.242259988*$.1, -1.185185185 - 1.656346650*$.1, 1.000000000 ]
  CM point at tau = -0.153846 + 0.0225208*$.1: image NOT recognized as rational: [ 0.8888888889 - 1.242259988*$.1, -1.185185185 + 1.656346650*$.1, 1.000000000 ]
status: images not rational (no rational fiber)

--- D = -819 (h = 2) ---
  CM point at tau = 0.100000 + 0.0314485*$.1: image NOT recognized as rational: [ -1.176470588 + 0.7058823530*$.1, 0.7058823530 - 1.823529412*$.1, 1.000000000 ]
  CM point at tau = -0.100000 + 0.0314485*$.1: image NOT recognized as rational: [ -1.176470588 - 0.7058823530*$.1, 0.7058823530 + 1.823529412*$.1, 1.000000000 ]
status: images not rational (no rational fiber)

--- D = -2275 (h = 2) ---
  CM point at tau = 0.500000 + 0.0524142*$.1: image NOT recognized as rational: [ 0.4688711259 + 2.678692865E-200*$.1, 0.4066133776 + 2.451621364E-200*$.1, 1.000000000 ]
  CM point at tau = 0.236842 + 0.00275864*$.1: image NOT recognized as rational: [ 8.531128874 + 4.517292564E-22*$.1, 24.59338662 - 4.579776658E-21*$.1, 1.000000000 ]
status: images not rational (no rational fiber)

--- D = -3640 (h = 16) ---
  CM point at tau = 0.0662993*$.1: image NOT recognized as rational: [ 8.531128874, -25.59338662, 1.000000000 ]
  CM point at tau = 0.363636 + 0.00602721*$.1: image NOT recognized as rational: [ 0.4688711259 + 6.710296370E-48*$.1, -1.406613378 + 3.287980942E-48*$.1, 1.000000000 ]
status: images not rational (no rational fiber)

--- D = -5460 (h = 16) ---
  CM point at tau = 0.0811998*$.1: image NOT recognized as rational: [ 9.486120978, -29.88296893, 1.000000000 ]
  CM point at tau = 0.500000 + 0.0405999*$.1: image NOT recognized as rational: [ 0.3097973889 + 2.092554453E-200*$.1, 0.2678085792 + 1.755026995E-200*$.1, 1.000000000 ]
status: images not rational (no rational fiber)

--- D = -13195 (h = 16) ---
  CM point at tau = 0.500000 + 0.126230*$.1: image NOT recognized as rational: [ 2.331006562 + 7.096425314E-200*$.1, 3.404707956 + 1.572123415E-199*$.1, 1.000000000 ]
  CM point at tau = 0.0454546 + 0.0114755*$.1: image NOT recognized as rational: [ 0.3553839703 - 1.711776952E-94*$.1, -1.306392071 + 3.604555852E-94*$.1, 1.000000000 ]
status: images not rational (no rational fiber)

================ SWEEP SUMMARY for X_0(455)* -> X_0(91)* ================
  D = -56: CM points |--> Q = (0 : -1 : 1); THIRD POINT (0 : -1 : 1) — CM disc -195
  D = -220: CM points |--> Q = (1 : -2 : 1); THIRD POINT (-1 : -2/3 : 1) — CM disc -315
  D = -259: CM points |--> Q = (0 : 0 : 1); THIRD POINT (1/2 : -1/2 : 1) — CM disc -40

#################### N = 118, p = 5 ####################
N = 118, p = 5: E = 118a1 (conductor 118), delta* = 1, expected degree 3
[BuildTripleCover] building model of X_0(590)* (eval_prec = 400, cached if available)... [cache] loaded 3000-term star forms for level 590
done (0.070 s)
[cache] loaded triple-cover map for (N=118, p=5) -> 118a1
X_0(590)* = Curve over Rational Field defined by
2*z[1]*z[3] - 2*z[2]^2 + 5*z[2]*z[6] - z[3]*z[5] + 2*z[3]*z[6] - 2*z[4]^2 + z[4]*z[5] + 4*z[4]*z[6] - z[5]^2 + 3*z[5]*z[6] - 4*z[6]^2,
2*z[1]*z[4] - 2*z[2]*z[3] + z[2]*z[6] - z[3]*z[5] + 2*z[3]*z[6] + 2*z[4]^2 + z[4]*z[5] - 4*z[4]*z[6] + z[5]^2 - 3*z[5]*z[6],
z[1]*z[5] - z[2]*z[6] - z[3]^2 + z[4]^2 - z[4]*z[5] - 2*z[4]*z[6] + 2*z[6]^2,
2*z[1]*z[6] - z[2]*z[6] - 2*z[3]*z[4] - z[3]*z[5] + 4*z[4]^2 + z[4]*z[5] - 6*z[4]*z[6] + z[5]^2 - 3*z[5]*z[6] + 4*z[6]^2,
z[2]*z[4] - 2*z[2]*z[6] - z[3]^2 - z[3]*z[6] + 2*z[4]^2 - 4*z[4]*z[6] + z[5]^2 - z[5]*z[6] + 4*z[6]^2,
2*z[2]*z[5] - z[2]*z[6] - 2*z[3]*z[4] + z[3]*z[5] + 2*z[3]*z[6] - 3*z[4]*z[5] - z[5]^2 - z[5]*z[6]
E = [ 1, 1, 0, 1, 1 ] (118a1)

===== SWEEP of CM discriminants for X_0(590)* -> X_0(118)* =====
found 6 small rational points on X_0(590)* (bound 100000)
found CM point at discriminant -24
found CM point at discriminant -40
found CM point at discriminant -280
found CM point at discriminant -760
found CM point at discriminant -120

labelling the rational points:
  disc = -24 -> rats[4] -> (1 : 0 : 1 : 0 : 1 : 0) (CM)
  disc = -760 -> rats[5] -> (10 : 8 : 5 : 3 : 4 : 1) (CM)
  disc = -120 -> rats[2] -> (0 : 0 : 1 : 1 : 0 : 1) (CM)
  disc = -40 -> rats[6] -> (0 : 2 : 0 : 0 : 1 : 1) (CM)
  disc = -280 -> rats[3] -> (-4 : 2 : -3 : 1 : -2 : 1) (CM)
  Cusp -> rats[1]
Labelled 6 CM+cusp, 0 exceptional

small rational points, their labels and images under pi:
  P1 = (1 : 0 : 0 : 0 : 0 : 0)  [cusp]  |-->  (0 : 1 : 0)
  P2 = (0 : 0 : 1 : 1 : 0 : 1)  [CM disc -120]  |-->  (0 : -1 : 1)
  P3 = (-4 : 2 : -3 : 1 : -2 : 1)  [CM disc -280]  |-->  (0 : 1 : 1)
  P4 = (1 : 0 : 1 : 0 : 1 : 0)  [CM disc -24]  |-->  (-1 : 1 : 1)
  P5 = (10 : 8 : 5 : 3 : 4 : 1)  [CM disc -760]  |-->  (2 : -5 : 1)
  P6 = (0 : 2 : 0 : 0 : 1 : 1)  [CM disc -40]  |-->  (-1 : 0 : 1)

candidate discs (degree-2 CM points on X_0(590)*): [ -55, -56, -136, -160, -220, -260, -360, -660, -840, -1380, -1540, -1780, -2020 ]

--- CUSP FIBER: fiber of pi over Q = (0 : 1 : 0) (contains the cusp), splits as degrees [ 1, 2 ] ---
  deg-1 place (mult 1): rational point (1 : 0 : 0 : 0 : 0 : 0)  [cusp]  <-- the cusp
  deg-2 place (mult 1) over Number Field with defining polynomial x^2 + 9/10*x + 2531/400 over the Rational Field:
      (1/70*(-20*K.1 - 9) : 1/70*(-20*K.1 - 9) : 1/70*(-20*K.1 - 9) : 1/70*(-20*K.1 - 9) : 1 : 0)
cusp-fiber status: cusp fiber: degrees [ 1, 2 ]

--- fiber of pi over Q = (0 : 1 : 0) through known point (1 : 0 : 0 : 0 : 0 : 0) [cusp], splits as degrees [ 1, 2 ] ---
  deg-1 place (mult 1): rational point (1 : 0 : 0 : 0 : 0 : 0)  [cusp]  <-- P itself
  deg-2 place (mult 1) over Number Field with defining polynomial x^2 + 9/10*x + 2531/400 over the Rational Field:
      (1/70*(-20*K.1 - 9) : 1/70*(-20*K.1 - 9) : 1/70*(-20*K.1 - 9) : 1/70*(-20*K.1 - 9) : 1 : 0)

--- fiber of pi over Q = (0 : -1 : 1) through known point (0 : 0 : 1 : 1 : 0 : 1) [CM disc -120], splits as degrees [ 1, 2 ] ---
  deg-1 place (mult 1): rational point (0 : 0 : 1 : 1 : 0 : 1)  [CM disc -120]  <-- P itself
  deg-2 place (mult 1) over Number Field with defining polynomial x^2 - 2*x - 1 over the Rational Field:
      (K.1 : K.1 + 1 : 1 : 1 : K.1 : 1)

--- fiber of pi over Q = (0 : 1 : 1) through known point (-4 : 2 : -3 : 1 : -2 : 1) [CM disc -280], splits as degrees [ 1, 2 ] ---
  deg-1 place (mult 1): rational point (-4 : 2 : -3 : 1 : -2 : 1)  [CM disc -280]  <-- P itself
  deg-2 place (mult 1) over Number Field with defining polynomial x^2 + 1 over the Rational Field:
      (1 : 2 : -K.1 : 1 : K.1 : 1)

--- fiber of pi over Q = (-1 : 1 : 1) through known point (1 : 0 : 1 : 0 : 1 : 0) [CM disc -24], splits as degrees [ 1, 2 ] ---
  deg-2 place (mult 1) over Number Field with defining polynomial x^2 - 1/2*x + 1 over the Rational Field:
      (K.1 : 2 : -K.1 : 0 : K.1 : 1)
  deg-1 place (mult 1): rational point (1 : 0 : 1 : 0 : 1 : 0)  [CM disc -24]  <-- P itself

--- fiber of pi over Q = (2 : -5 : 1) through known point (10 : 8 : 5 : 3 : 4 : 1) [CM disc -760], splits as degrees [ 1, 2 ] ---
  deg-1 place (mult 1): rational point (10 : 8 : 5 : 3 : 4 : 1)  [CM disc -760]  <-- P itself
  deg-2 place (mult 1) over Number Field with defining polynomial x^2 + 2/3*x + 7/3 over the Rational Field:
      (1/2*(-K.1 - 3) : 1/2*(-3*K.1 + 1) : 1/2*(-K.1 + 5) : 3 : K.1 : 1)

--- fiber of pi over Q = (-1 : 0 : 1) through known point (0 : 2 : 0 : 0 : 1 : 1) [CM disc -40], splits as degrees [ 1, 2 ] ---
  deg-1 place (mult 1): rational point (0 : 2 : 0 : 0 : 1 : 1)  [CM disc -40]  <-- P itself
  deg-2 place (mult 1) over Number Field with defining polynomial x^2 - 3*x + 1 over the Rational Field:
      (K.1 - 1 : -K.1 + 2 : K.1 : 0 : K.1 : 1)
rational-point-fiber status: 6 known point(s) checked

--- D = -55 (h = 4) ---
  CM point at tau = 0.351695 + 0.00628491*$.1: image NOT recognized as rational: [ -0.1111111111 + 0.7370277312*$.1, -0.5925925926 - 0.4913518208*$.1, 1.000000000 ]
  CM point at tau = -0.148305 + 0.00628491*$.1: image NOT recognized as rational: [ -0.1111111111 - 0.7370277312*$.1, -0.5925925926 + 0.4913518208*$.1, 1.000000000 ]
status: images not rational (no rational fiber)

--- D = -56 (h = 4) ---
  CM point at tau = 0.159322 + 0.00634179*$.1  |-->  Q = (0 : -1 : 1)
  CM point at tau = 0.0406780 + 0.00634179*$.1  |-->  Q = (0 : -1 : 1)
all disc--56 CM points map to the SAME rational point — as expected

--- fiber of pi over Q1 = (0 : -1 : 1) (image of the disc--56 CM points) ---
  deg-1 place (mult 1): rational point (0 : 0 : 1 : 1 : 0 : 1)  [CM disc -120]
  deg-2 place (mult 1) over Number Field with defining polynomial x^2 - 2*x - 1 over the Rational Field:
      (K.1 : K.1 + 1 : 1 : 1 : K.1 : 1)   <-- the two disc--56 CM points
>>> THIRD POINT in the fiber over Q = (0 : -1 : 1):
>>>     (0 : 0 : 1 : 1 : 0 : 1)   —   CM disc -120
status: 1 rational fiber(s)

--- D = -136 (h = 4) ---
  CM point at tau = 0.108475 + 0.00988297*$.1  |-->  Q = (0 : 1 : 0)
  CM point at tau = -0.0915254 + 0.00988297*$.1  |-->  Q = (0 : 1 : 0)
all disc--136 CM points map to the SAME rational point — as expected

--- fiber of pi over Q1 = (0 : 1 : 0) (image of the disc--136 CM points) ---
  deg-1 place (mult 1): rational point (1 : 0 : 0 : 0 : 0 : 0)  [cusp]
  deg-2 place (mult 1) over Number Field with defining polynomial x^2 + 9/10*x + 2531/400 over the Rational Field:
      (1/70*(-20*K.1 - 9) : 1/70*(-20*K.1 - 9) : 1/70*(-20*K.1 - 9) : 1/70*(-20*K.1 - 9) : 1 : 0)   <-- the two disc--136 CM points
>>> THIRD POINT in the fiber over Q = (0 : 1 : 0):
>>>     (1 : 0 : 0 : 0 : 0 : 0)   —   cusp
status: 1 rational fiber(s)

--- D = -160 (h = 2) ---
  CM point at tau = 0.423729 + 0.0107196*$.1: image NOT recognized as rational: [ -2.184107244E-88 + 1.000000000*$.1, -1.209470360E-87 + 3.493185044E-87*$.1, 1.000000000 ]
  CM point at tau = -0.423729 + 0.0107196*$.1: image NOT recognized as rational: [ -2.184107244E-88 - 1.000000000*$.1, -1.209470360E-87 - 3.493185044E-87*$.1, 1.000000000 ]
status: images not rational (no rational fiber)

--- D = -220 (h = 4) ---
  CM point at tau = 0.296610 + 0.0125698*$.1  |-->  Q = (-1 : 0 : 1)
  CM point at tau = 0.470944 + 0.00179569*$.1  |-->  Q = (-1 : 0 : 1)
all disc--220 CM points map to the SAME rational point — as expected

--- fiber of pi over Q1 = (-1 : 0 : 1) (image of the disc--220 CM points) ---
  deg-1 place (mult 1): rational point (0 : 2 : 0 : 0 : 1 : 1)  [CM disc -40]
  deg-2 place (mult 1) over Number Field with defining polynomial x^2 - 3*x + 1 over the Rational Field:
      (K.1 - 1 : -K.1 + 2 : K.1 : 0 : K.1 : 1)   <-- the two disc--220 CM points
>>> THIRD POINT in the fiber over Q = (-1 : 0 : 1):
>>>     (0 : 2 : 0 : 0 : 1 : 1)   —   CM disc -40
status: 1 rational fiber(s)

--- D = -260 (h = 8) ---
  CM point at tau = 0.228814 + 0.0136648*$.1  |-->  Q = (0 : 1 : 1)
  CM point at tau = -0.228814 + 0.0136648*$.1  |-->  Q = (0 : 1 : 1)
all disc--260 CM points map to the SAME rational point — as expected

--- fiber of pi over Q1 = (0 : 1 : 1) (image of the disc--260 CM points) ---
  deg-1 place (mult 1): rational point (-4 : 2 : -3 : 1 : -2 : 1)  [CM disc -280]
  deg-2 place (mult 1) over Number Field with defining polynomial x^2 + 1 over the Rational Field:
      (1 : 2 : -K.1 : 1 : K.1 : 1)   <-- the two disc--260 CM points
>>> THIRD POINT in the fiber over Q = (0 : 1 : 1):
>>>     (-4 : 2 : -3 : 1 : -2 : 1)   —   CM disc -280
status: 1 rational fiber(s)

--- D = -360 (h = 2) ---
  CM point at tau = 0.135593 + 0.0160794*$.1: image NOT recognized as rational: [ 0.5000000000 + 1.936491673*$.1, 3.801469740E-130 - 3.872983346*$.1, 1.000000000 ]
  CM point at tau = -0.135593 + 0.0160794*$.1: image NOT recognized as rational: [ 0.5000000000 - 1.936491673*$.1, 3.801469740E-130 + 3.872983346*$.1, 1.000000000 ]
status: images not rational (no rational fiber)

--- D = -660 (h = 8) ---
  CM point at tau = 0.262712 + 0.0217716*$.1  |-->  Q = (-1 : 1 : 1)
  CM point at tau = -0.262712 + 0.0217716*$.1  |-->  Q = (-1 : 1 : 1)
all disc--660 CM points map to the SAME rational point — as expected

--- fiber of pi over Q1 = (-1 : 1 : 1) (image of the disc--660 CM points) ---
  deg-2 place (mult 1) over Number Field with defining polynomial x^2 - 1/2*x + 1 over the Rational Field:
      (K.1 : 2 : -K.1 : 0 : K.1 : 1)   <-- the two disc--660 CM points
  deg-1 place (mult 1): rational point (1 : 0 : 1 : 0 : 1 : 0)  [CM disc -24]
>>> THIRD POINT in the fiber over Q = (-1 : 1 : 1):
>>>     (1 : 0 : 1 : 0 : 1 : 0)   —   CM disc -24
status: 1 rational fiber(s)

--- D = -840 (h = 8) ---
  CM point at tau = 0.220339 + 0.0245616*$.1: image NOT recognized as rational: [ -0.1666666667 - 0.6454972244*$.1, 0.8333333333 + 0.2151657415*$.1, 1.000000000 ]
  CM point at tau = -0.220339 + 0.0245616*$.1: image NOT recognized as rational: [ -0.1666666667 + 0.6454972244*$.1, 0.8333333333 - 0.2151657415*$.1, 1.000000000 ]
status: images not rational (no rational fiber)

--- D = -1380 (h = 8) ---
  CM point at tau = 0.194915 + 0.0314817*$.1: image NOT recognized as rational: [ 2.612840353E-200 - 1.000000000*$.1, -6.532100883E-200 + 1.000000000*$.1, 1.000000000 ]
  CM point at tau = -0.194915 + 0.0314817*$.1: image NOT recognized as rational: [ 2.612840353E-200 + 1.000000000*$.1, -6.532100883E-200 - 1.000000000*$.1, 1.000000000 ]
status: images not rational (no rational fiber)

--- D = -1540 (h = 8) ---
  CM point at tau = 0.364407 + 0.0332566*$.1: image NOT recognized as rational: [ -0.5000000000 + 1.000000000*$.1, -0.7500000000 - 0.2500000000*$.1, 1.000000000 ]
  CM point at tau = -0.364407 + 0.0332566*$.1: image NOT recognized as rational: [ -0.5000000000 - 1.000000000*$.1, -0.7500000000 + 0.2500000000*$.1, 1.000000000 ]
status: images not rational (no rational fiber)

--- D = -1780 (h = 8) ---
  CM point at tau = 0.144068 + 0.0357543*$.1  |-->  Q = (2 : -5 : 1)
  CM point at tau = -0.144068 + 0.0357543*$.1  |-->  Q = (2 : -5 : 1)
all disc--1780 CM points map to the SAME rational point — as expected

--- fiber of pi over Q1 = (2 : -5 : 1) (image of the disc--1780 CM points) ---
  deg-1 place (mult 1): rational point (10 : 8 : 5 : 3 : 4 : 1)  [CM disc -760]
  deg-2 place (mult 1) over Number Field with defining polynomial x^2 + 2/3*x + 7/3 over the Rational Field:
      (1/2*(-K.1 - 3) : 1/2*(-3*K.1 + 1) : 1/2*(-K.1 + 5) : 3 : K.1 : 1)   <-- the two disc--1780 CM points
>>> THIRD POINT in the fiber over Q = (2 : -5 : 1):
>>>     (10 : 8 : 5 : 3 : 4 : 1)   —   CM disc -760
status: 1 rational fiber(s)

--- D = -2020 (h = 8) ---
  CM point at tau = 0.279661 + 0.0380885*$.1: image NOT recognized as rational: [ -1.250000000 + 6.706460347E-201*$.1, 0.6250000000 - 0.5000000000*$.1, 1.000000000 ]
  CM point at tau = -0.279661 + 0.0380885*$.1: image NOT recognized as rational: [ -1.250000000 - 6.706460347E-201*$.1, 0.6250000000 + 0.5000000000*$.1, 1.000000000 ]
status: images not rational (no rational fiber)

================ SWEEP SUMMARY for X_0(590)* -> X_0(118)* ================
  D = -56: CM points |--> Q = (0 : -1 : 1); THIRD POINT (0 : 0 : 1 : 1 : 0 : 1) — CM disc -120
  D = -136: CM points |--> Q = (0 : 1 : 0); THIRD POINT (1 : 0 : 0 : 0 : 0 : 0) — cusp
  D = -220: CM points |--> Q = (-1 : 0 : 1); THIRD POINT (0 : 2 : 0 : 0 : 1 : 1) — CM disc -40
  D = -260: CM points |--> Q = (0 : 1 : 1); THIRD POINT (-4 : 2 : -3 : 1 : -2 : 1) — CM disc -280
  D = -660: CM points |--> Q = (-1 : 1 : 1); THIRD POINT (1 : 0 : 1 : 0 : 1 : 0) — CM disc -24
  D = -1780: CM points |--> Q = (2 : -5 : 1); THIRD POINT (10 : 8 : 5 : 3 : 4 : 1) — CM disc -760

#################### N = 123, p = 2 ####################
N = 123, p = 2: E = 123b1 (conductor 123), delta* = 1, expected degree 3
[BuildTripleCover] building model of X_0(246)* (eval_prec = 400, cached if available)... [cache] loaded 3000-term star forms for level 246
done (0.870 s)
[cache] loaded triple-cover map for (N=123, p=2) -> 123b1
X_0(246)* = Curve over Rational Field defined by
z[1]^3*z[3] - z[1]^2*z[2]^2 - z[1]^2*z[3]^2 - z[1]*z[2]^2*z[3] - z[1]*z[2]*z[3]^2 + z[1]*z[3]^3 + 2*z[2]^3*z[3] + z[2]^2*z[3]^2 - z[2]*z[3]^3
E = [ 0, -1, 1, 1, -1 ] (123b1)

===== SWEEP of CM discriminants for X_0(246)* -> X_0(123)* =====
found 12 small rational points on X_0(246)* (bound 100000)
found CM point at discriminant -8
found CM point at discriminant -20
found CM point at discriminant -72
found CM point at discriminant -36
found CM point at discriminant -408
found CM point at discriminant -84
found CM point at discriminant -228
found CM point at discriminant -168
found CM point at discriminant -312
found CM point at discriminant -132

labelling the rational points:
  disc = -132 -> rats[8] -> (0 : 1 : 0) (CM)
  disc = -72 -> rats[5] -> (0 : 1/2 : 1) (CM)
  disc = -408 -> rats[3] -> (2 : 1 : 1) (CM)
  disc = -228 -> rats[2] -> (-1 : 1 : 1) (CM)
  disc = -168 -> rats[4] -> (1 : -1 : 1) (CM)
  disc = -20 -> rats[11] -> (0 : 0 : 1) (CM)
  disc = -36 -> rats[9] -> (1 : 1 : 1) (CM)
  disc = -8 -> rats[7] -> (0 : -1 : 1) (CM)
  disc = -84 -> rats[10] -> (1 : 1/2 : 1) (CM)
  disc = -312 -> rats[12] -> (-2 : 2 : 1) (CM)
  Cusp -> rats[6]
Labelled 11 CM+cusp, 1 exceptional
  exceptional: rats[1] = (1/4 : 1/2 : 1)
Computing degree 2 CM points
Done.
Planes found: 9 (0 with algebraic CM match)
  exc=rats[1]: 2*z[2] - z[3]=0  comps=[ 1, 1, 1, 1 ]  CM={ -84, -72, cusp }  matched=false
    exact rational points on plane: [ (1/4 : 1/2 : 1), (0 : 1/2 : 1), (1 : 0 : 0), (1 : 1/2 : 1) ]
  exc=rats[1]: 2*z[1] - 7*z[2] + 3*z[3]=0  comps=[ 1, 1, 2 ]  CM={ -408 }  matched=false
    exact rational points on plane: [ (1/4 : 1/2 : 1), (2 : 1 : 1) ]
  exc=rats[1]: 2*z[1] - 3*z[2] + z[3]=0  comps=[ 1, 1, 2 ]  CM={ -36 }  matched=false
    exact rational points on plane: [ (1/4 : 1/2 : 1), (1 : 1 : 1) ]
  exc=rats[1]: 6*z[1] - z[2] - z[3]=0  comps=[ 1, 1, 2 ]  CM={ -8 }  matched=false
    exact rational points on plane: [ (1/4 : 1/2 : 1), (0 : -1 : 1) ]
  exc=rats[1]: 2*z[1] + 5*z[2] - 3*z[3]=0  comps=[ 1, 1, 2 ]  CM={ -228 }  matched=false
    exact rational points on plane: [ (1/4 : 1/2 : 1), (-1 : 1 : 1) ]
  exc=rats[1]: 2*z[1] + z[2] - z[3]=0  comps=[ 1, 1, 2 ]  CM={ -168 }  matched=false
    exact rational points on plane: [ (1/4 : 1/2 : 1), (1 : -1 : 1) ]
  exc=rats[1]: 2*z[1] + 3*z[2] - 2*z[3]=0  comps=[ 1, 1, 2 ]  CM={ -312 }  matched=false
    exact rational points on plane: [ (1/4 : 1/2 : 1), (-2 : 2 : 1) ]
  exc=rats[1]: 2*z[1] - z[2]=0  comps=[ 1, 1, 2 ]  CM={ -20 }  matched=false
    exact rational points on plane: [ (1/4 : 1/2 : 1), (0 : 0 : 1) ]
  exc=rats[1]: 4*z[1] - z[3]=0  comps=[ 1, 1, 2 ]  CM={ -132 }  matched=false
    exact rational points on plane: [ (1/4 : 1/2 : 1), (0 : 1 : 0) ]
All exceptional points geometrically covered: true
All exceptional points CM-confirmed: false

small rational points, their labels and images under pi:
  P1 = (1/4 : 1/2 : 1)  [NOT CM (exceptional)]  |-->  (13/4 : 37/8 : 1)
  P2 = (-1 : 1 : 1)  [CM disc -228]  |-->  (13/4 : 37/8 : 1)
  P3 = (2 : 1 : 1)  [CM disc -408]  |-->  (1 : -1 : 1)
  P4 = (1 : -1 : 1)  [CM disc -168]  |-->  (0 : 1 : 0)
  P5 = (0 : 1/2 : 1)  [CM disc -72]  |-->  (3 : 4 : 1)
  P6 = (1 : 0 : 0)  [cusp]  |-->  (0 : 1 : 0)
  P7 = (0 : -1 : 1)  [CM disc -8]  |-->  (3 : -5 : 1)
  P8 = (0 : 1 : 0)  [CM disc -132]  |-->  (1 : 0 : 1)
  P9 = (1 : 1 : 1)  [CM disc -36]  |-->  (0 : 1 : 0)
  P10 = (1 : 1/2 : 1)  [CM disc -84]  |-->  (1 : 0 : 1)
  P11 = (0 : 0 : 1)  [CM disc -20]  |-->  (1 : 0 : 1)
  P12 = (-2 : 2 : 1)  [CM disc -312]  |-->  (3 : 4 : 1)

candidate discs (degree-2 CM points on X_0(246)*): [ -32, -39, -156, -180, -264, -420, -456, -564, -660, -840, -852, -1128, -1320, -5412 ]

--- CUSP FIBER: fiber of pi over Q = (0 : 1 : 0) (contains the cusp), splits as degrees [ 1, 1, 1 ] ---
  deg-1 place (mult 1): rational point (1 : 1 : 1)  [CM disc -36]
  deg-1 place (mult 1): rational point (1 : -1 : 1)  [CM disc -168]
  deg-1 place (mult 1): rational point (1 : 0 : 0)  [cusp]  <-- the cusp
>>> RESIDUAL POINT in the cusp fiber over Q = (0 : 1 : 0):
>>>     (1 : 1 : 1)   —   CM disc -36
>>> RESIDUAL POINT in the cusp fiber over Q = (0 : 1 : 0):
>>>     (1 : -1 : 1)   —   CM disc -168
cusp-fiber status: cusp fiber: degrees [ 1, 1, 1 ]

--- fiber of pi over Q = (13/4 : 37/8 : 1) through known point (1/4 : 1/2 : 1) [NOT CM (exceptional)], splits as degrees [ 1, 1 ] ---
  deg-1 place (mult 2): rational point (-1 : 1 : 1)  [CM disc -228]
  deg-1 place (mult 1): rational point (1/4 : 1/2 : 1)  [NOT CM (exceptional)]  <-- P itself

--- fiber of pi over Q = (13/4 : 37/8 : 1) through known point (-1 : 1 : 1) [CM disc -228], splits as degrees [ 1, 1 ] ---
  deg-1 place (mult 2): rational point (-1 : 1 : 1)  [CM disc -228]  <-- P itself
  deg-1 place (mult 1): rational point (1/4 : 1/2 : 1)  [NOT CM (exceptional)]

--- fiber of pi over Q = (1 : -1 : 1) through known point (2 : 1 : 1) [CM disc -408], splits as degrees [ 1, 2 ] ---
  deg-1 place (mult 1): rational point (2 : 1 : 1)  [CM disc -408]  <-- P itself
  deg-2 place (mult 1) over Number Field with defining polynomial x^2 - 6*x - 4 over the Rational Field:
      (1/2*K.1 : K.1 : 1)

--- fiber of pi over Q = (0 : 1 : 0) through known point (1 : -1 : 1) [CM disc -168], splits as degrees [ 1, 1, 1 ] ---
  deg-1 place (mult 1): rational point (1 : 1 : 1)  [CM disc -36]
  deg-1 place (mult 1): rational point (1 : -1 : 1)  [CM disc -168]  <-- P itself
  deg-1 place (mult 1): rational point (1 : 0 : 0)  [cusp]

--- fiber of pi over Q = (3 : 4 : 1) through known point (0 : 1/2 : 1) [CM disc -72], splits as degrees [ 1, 1 ] ---
  deg-1 place (mult 1): rational point (-2 : 2 : 1)  [CM disc -312]
  deg-1 place (mult 2): rational point (0 : 1/2 : 1)  [CM disc -72]  <-- P itself

--- fiber of pi over Q = (0 : 1 : 0) through known point (1 : 0 : 0) [cusp], splits as degrees [ 1, 1, 1 ] ---
  deg-1 place (mult 1): rational point (1 : 1 : 1)  [CM disc -36]
  deg-1 place (mult 1): rational point (1 : -1 : 1)  [CM disc -168]
  deg-1 place (mult 1): rational point (1 : 0 : 0)  [cusp]  <-- P itself

--- fiber of pi over Q = (3 : -5 : 1) through known point (0 : -1 : 1) [CM disc -8], splits as degrees [ 1, 2 ] ---
  deg-2 place (mult 1) over Number Field with defining polynomial x^2 - 7*x + 9 over the Rational Field:
      (K.1 : 2 : 1)
  deg-1 place (mult 1): rational point (0 : -1 : 1)  [CM disc -8]  <-- P itself

--- fiber of pi over Q = (1 : 0 : 1) through known point (0 : 1 : 0) [CM disc -132], splits as degrees [ 1, 1, 1 ] ---
  deg-1 place (mult 1): rational point (1 : 1/2 : 1)  [CM disc -84]
  deg-1 place (mult 1): rational point (0 : 0 : 1)  [CM disc -20]
  deg-1 place (mult 1): rational point (0 : 1 : 0)  [CM disc -132]  <-- P itself

--- fiber of pi over Q = (0 : 1 : 0) through known point (1 : 1 : 1) [CM disc -36], splits as degrees [ 1, 1, 1 ] ---
  deg-1 place (mult 1): rational point (1 : 1 : 1)  [CM disc -36]  <-- P itself
  deg-1 place (mult 1): rational point (1 : -1 : 1)  [CM disc -168]
  deg-1 place (mult 1): rational point (1 : 0 : 0)  [cusp]

--- fiber of pi over Q = (1 : 0 : 1) through known point (1 : 1/2 : 1) [CM disc -84], splits as degrees [ 1, 1, 1 ] ---
  deg-1 place (mult 1): rational point (1 : 1/2 : 1)  [CM disc -84]  <-- P itself
  deg-1 place (mult 1): rational point (0 : 0 : 1)  [CM disc -20]
  deg-1 place (mult 1): rational point (0 : 1 : 0)  [CM disc -132]

--- fiber of pi over Q = (1 : 0 : 1) through known point (0 : 0 : 1) [CM disc -20], splits as degrees [ 1, 1, 1 ] ---
  deg-1 place (mult 1): rational point (1 : 1/2 : 1)  [CM disc -84]
  deg-1 place (mult 1): rational point (0 : 0 : 1)  [CM disc -20]  <-- P itself
  deg-1 place (mult 1): rational point (0 : 1 : 0)  [CM disc -132]

--- fiber of pi over Q = (3 : 4 : 1) through known point (-2 : 2 : 1) [CM disc -312], splits as degrees [ 1, 1 ] ---
  deg-1 place (mult 1): rational point (-2 : 2 : 1)  [CM disc -312]  <-- P itself
  deg-1 place (mult 2): rational point (0 : 1/2 : 1)  [CM disc -72]
>>> PARTNER in the fiber over Q = (13/4 : 37/8 : 1) (via known point (1/4 : 1/2 : 1) [NOT CM (exceptional)]):
>>>     (-1 : 1 : 1)   —   CM disc -228
>>> PARTNER in the fiber over Q = (0 : 1 : 0) (via known point (1 : -1 : 1) [CM disc -168]):
>>>     (1 : 1 : 1)   —   CM disc -36
>>> PARTNER in the fiber over Q = (0 : 1 : 0) (via known point (1 : -1 : 1) [CM disc -168]):
>>>     (1 : 0 : 0)   —   cusp
>>> PARTNER in the fiber over Q = (3 : 4 : 1) (via known point (0 : 1/2 : 1) [CM disc -72]):
>>>     (-2 : 2 : 1)   —   CM disc -312
>>> PARTNER in the fiber over Q = (0 : 1 : 0) (via known point (1 : 0 : 0) [cusp]):
>>>     (1 : 1 : 1)   —   CM disc -36
>>> PARTNER in the fiber over Q = (1 : 0 : 1) (via known point (0 : 1 : 0) [CM disc -132]):
>>>     (1 : 1/2 : 1)   —   CM disc -84
>>> PARTNER in the fiber over Q = (1 : 0 : 1) (via known point (0 : 1 : 0) [CM disc -132]):
>>>     (0 : 0 : 1)   —   CM disc -20
>>> PARTNER in the fiber over Q = (1 : 0 : 1) (via known point (1 : 1/2 : 1) [CM disc -84]):
>>>     (0 : 0 : 1)   —   CM disc -20
rational-point-fiber status: 12 known point(s) checked

--- D = -32 (h = 1) ---
  CM point at tau = 0.422764 + 0.0114977*$.1: image NOT recognized as rational: [ -2.094701450E-93 - 1.000000000*$.1, -1.000000000 + 6.302121840E-93*$.1, 1.000000000 ]
  CM point at tau = 0.0894309 + 0.0114977*$.1: image NOT recognized as rational: [ -1.396038752E-93 + 1.000000000*$.1, -1.000000000 + 1.530760846E-93*$.1, 1.000000000 ]
status: images not rational (no rational fiber)

--- D = -39 (h = 4) ---
  CM point at tau = 0.298780 + 0.0126931*$.1  |-->  Q = (1 : -1 : 1)
  CM point at tau = 0.201220 + 0.0126931*$.1  |-->  Q = (1 : -1 : 1)
all disc--39 CM points map to the SAME rational point — as expected

--- fiber of pi over Q1 = (1 : -1 : 1) (image of the disc--39 CM points) ---
  deg-1 place (mult 1): rational point (2 : 1 : 1)  [CM disc -408]
  deg-2 place (mult 1) over Number Field with defining polynomial x^2 - 6*x - 4 over the Rational Field:
      (1/2*K.1 : K.1 : 1)   <-- the two disc--39 CM points
>>> THIRD POINT in the fiber over Q = (1 : -1 : 1):
>>>     (2 : 1 : 1)   —   CM disc -408
status: 1 rational fiber(s)

--- D = -156 (h = 4) ---
  CM point at tau = 0.402439 + 0.0253862*$.1: image NOT recognized as rational: [ 2.000000000 - 1.732050808*$.1, 1.000000000 - 3.464101615*$.1, 1.000000000 ]
  CM point at tau = -0.402439 + 0.0253862*$.1: image NOT recognized as rational: [ 2.000000000 + 1.732050808*$.1, 1.000000000 + 3.464101615*$.1, 1.000000000 ]
status: images not rational (no rational fiber)

--- D = -180 (h = 2) ---
  CM point at tau = 0.426829 + 0.0272691*$.1: image NOT recognized as rational: [ -0.8750000000 - 3.388860428*$.1, -6.937500000 - 1.694430214*$.1, 1.000000000 ]
  CM point at tau = -0.426829 + 0.0272691*$.1: image NOT recognized as rational: [ -0.8750000000 + 3.388860428*$.1, -6.937500000 + 1.694430214*$.1, 1.000000000 ]
status: images not rational (no rational fiber)

--- D = -264 (h = 8) ---
  CM point at tau = 0.317073 + 0.0330245*$.1: image NOT recognized as rational: [ 1.710767583 + 9.672811333E-200*$.1, 1.243843270 + 1.716002056E-199*$.1, 1.000000000 ]
  CM point at tau = 0.136585 + 0.00660491*$.1: image NOT recognized as rational: [ 1.351732417 - 1.295503614E-53*$.1, 0.6155317303 + 3.726695840E-54*$.1, 1.000000000 ]
status: images not rational (no rational fiber)

--- D = -420 (h = 8) ---
  CM point at tau = 0.207317 + 0.0416543*$.1: image NOT recognized as rational: [ 0.1250000000 + 0.4841229183*$.1, -0.6875000000 - 0.7261843774*$.1, 1.000000000 ]
  CM point at tau = -0.207317 + 0.0416543*$.1: image NOT recognized as rational: [ 0.1250000000 - 0.4841229183*$.1, -0.6875000000 + 0.7261843774*$.1, 1.000000000 ]
status: images not rational (no rational fiber)

--- D = -456 (h = 8) ---
  CM point at tau = 0.487805 + 0.0434027*$.1: image NOT recognized as rational: [ 32.09966887 + 2.356412799E-198*$.1, 178.5980132 - 5.652699643E-197*$.1, 1.000000000 ]
  CM point at tau = 0.297561 + 0.00868055*$.1: image NOT recognized as rational: [ 1.900331129 - 1.218400025E-71*$.1, -2.598013223 - 2.192806643E-69*$.1, 1.000000000 ]
status: images not rational (no rational fiber)

--- D = -564 (h = 8) ---
  CM point at tau = 0.134146 + 0.0482697*$.1: image NOT recognized as rational: [ 0.1250000000 - 0.8569568251*$.1, -0.4375000000 - 0.4284784125*$.1, 1.000000000 ]
  CM point at tau = -0.134146 + 0.0482697*$.1: image NOT recognized as rational: [ 0.1250000000 + 0.8569568251*$.1, -0.4375000000 + 0.4284784125*$.1, 1.000000000 ]
status: images not rational (no rational fiber)

--- D = -660 (h = 8) ---
  CM point at tau = 0.0365854 + 0.0522164*$.1: image NOT recognized as rational: [ 1.351732417 + 2.127571900E-200*$.1, -1.615531730 - 6.434976503E-200*$.1, 1.000000000 ]
  CM point at tau = 0.207317 + 0.0104433*$.1: image NOT recognized as rational: [ 1.710767583 - 4.774374007E-84*$.1, -2.243843270 + 9.800270237E-84*$.1, 1.000000000 ]
status: images not rational (no rational fiber)

--- D = -840 (h = 8) ---
  CM point at tau = 0.0243903 + 0.0589080*$.1: image NOT recognized as rational: [ 1.658084014 - 1.875467391E-200*$.1, -2.148428530 - 3.321480713E-200*$.1, 1.000000000 ]
  CM point at tau = 0.195122 + 0.0117816*$.1: image NOT recognized as rational: [ 0.8575409857 + 3.521688185E-95*$.1, -0.4472745946 - 2.971031223E-97*$.1, 1.000000000 ]
status: images not rational (no rational fiber)

--- D = -852 (h = 8) ---
  CM point at tau = 0.256098 + 0.0593273*$.1: image NOT recognized as rational: [ 0.08680555555 + 1.258070973*$.1, -1.380497685 + 0.5241962388*$.1, 1.000000000 ]
  CM point at tau = -0.256098 + 0.0593273*$.1: image NOT recognized as rational: [ 0.08680555555 - 1.258070973*$.1, -1.380497685 - 0.5241962388*$.1, 1.000000000 ]
status: images not rational (no rational fiber)

--- D = -1128 (h = 8) ---
  CM point at tau = 0.219512 + 0.0682636*$.1: image NOT recognized as rational: [ -0.4444444444 + 0.7617394000*$.1, -1.314814815 - 0.8886959667*$.1, 1.000000000 ]
  CM point at tau = -0.219512 + 0.0682636*$.1: image NOT recognized as rational: [ -0.4444444444 - 0.7617394000*$.1, -1.314814815 + 0.8886959667*$.1, 1.000000000 ]
status: images not rational (no rational fiber)

--- D = -1320 (h = 8) ---
  CM point at tau = 0.121951 + 0.0738451*$.1: image NOT recognized as rational: [ 0.03125000000 - 1.089276566*$.1, 0.1328125000 + 0.2118037768*$.1, 1.000000000 ]
  CM point at tau = -0.121951 + 0.0738451*$.1: image NOT recognized as rational: [ 0.03125000000 + 1.089276566*$.1, 0.1328125000 - 0.2118037768*$.1, 1.000000000 ]
status: images not rational (no rational fiber)

--- D = -5412 (h = 16) ---
  CM point at tau = 0.500000 + 0.149525*$.1: image NOT recognized as rational: [ 19.74456265 + 1.122930846E-199*$.1, 85.09509455 + 7.419207757E-199*$.1, 1.000000000 ]
  CM point at tau = 0.115385 + 0.0115019*$.1: image NOT recognized as rational: [ 8.255437354 + 6.085660906E-93*$.1, 21.90490544 - 2.620013245E-91*$.1, 1.000000000 ]
status: images not rational (no rational fiber)

================ SWEEP SUMMARY for X_0(246)* -> X_0(123)* ================
  CUSP fiber |--> Q = (0 : 1 : 0); RESIDUAL POINT (1 : 1 : 1) — CM disc -36
  CUSP fiber |--> Q = (0 : 1 : 0); RESIDUAL POINT (1 : -1 : 1) — CM disc -168
  RATIONAL-POINT fiber |--> Q = (13/4 : 37/8 : 1); RESIDUAL POINT (-1 : 1 : 1) — CM disc -228  (partner of known point (1/4 : 1/2 : 1) [NOT CM (exceptional)])
  RATIONAL-POINT fiber |--> Q = (0 : 1 : 0); RESIDUAL POINT (1 : 1 : 1) — CM disc -36  (partner of known point (1 : -1 : 1) [CM disc -168])
  RATIONAL-POINT fiber |--> Q = (0 : 1 : 0); RESIDUAL POINT (1 : 0 : 0) — cusp  (partner of known point (1 : -1 : 1) [CM disc -168])
  RATIONAL-POINT fiber |--> Q = (3 : 4 : 1); RESIDUAL POINT (-2 : 2 : 1) — CM disc -312  (partner of known point (0 : 1/2 : 1) [CM disc -72])
  RATIONAL-POINT fiber |--> Q = (0 : 1 : 0); RESIDUAL POINT (1 : 1 : 1) — CM disc -36  (partner of known point (1 : 0 : 0) [cusp])
  RATIONAL-POINT fiber |--> Q = (1 : 0 : 1); RESIDUAL POINT (1 : 1/2 : 1) — CM disc -84  (partner of known point (0 : 1 : 0) [CM disc -132])
  RATIONAL-POINT fiber |--> Q = (1 : 0 : 1); RESIDUAL POINT (0 : 0 : 1) — CM disc -20  (partner of known point (0 : 1 : 0) [CM disc -132])
  RATIONAL-POINT fiber |--> Q = (1 : 0 : 1); RESIDUAL POINT (0 : 0 : 1) — CM disc -20  (partner of known point (1 : 1/2 : 1) [CM disc -84])
  D = -39: CM points |--> Q = (1 : -1 : 1); THIRD POINT (2 : 1 : 1) — CM disc -408

#################### N = 143, p = 2 ####################
N = 143, p = 2: E = 143a1 (conductor 143), delta* = 1, expected degree 3
[BuildTripleCover] building model of X_0(286)* (eval_prec = 400, cached if available)... [cache] loaded 3000-term star forms for level 286
done (15.590 s)
[cache] loaded triple-cover map for (N=143, p=2) -> 143a1
X_0(286)* = Hyperelliptic Curve defined by y^2 = 1/4*x^6 + 1/2*x^4 + 5/4*x^2 - 3*x - 1 over Rational Field
E = [ 0, -1, 1, -1, -2 ] (143a1)

===== SWEEP of CM discriminants for X_0(286)* -> X_0(143)* =====
found 6 small rational points on X_0(286)* (bound 100000)
found CM point at discriminant -88
found CM point at discriminant -52
found CM point at discriminant -40

labelling the rational points:
  disc = -88 -> rats[4], (-1 : 2 : 1) (CM hyperelliptic, elliptic order 2)
  disc = -40 -> rats[2], (1 : 1/2 : 0) (CM hyperelliptic, WPS infinity)
  disc = -52 -> rats[3], (-1 : -2 : 1) (CM hyperelliptic, elliptic order 2)
  Cusp -> rats[1] (1 : -1/2 : 0)
Labelled 4 CM+cusp, 2 exceptional
  exceptional: rats[5] = (5/2 : -143/16 : 1)
  exceptional: rats[6] = (5/2 : 143/16 : 1)
Involution pairs found: 0
All exceptional points explained: false

small rational points, their labels and images under pi:
  P1 = (1 : -1/2 : 0)  [cusp]  |-->  (0 : 1 : 0)
  P2 = (1 : 1/2 : 0)  [CM disc -40]  |-->  (2 : -1 : 1)
  P3 = (-1 : -2 : 1)  [CM disc -52]  |-->  (2 : 0 : 1)
  P4 = (-1 : 2 : 1)  [CM disc -88]  |-->  (46 : 308 : 1)
  P5 = (5/2 : -143/16 : 1)  [NOT CM (exceptional)]  |-->  (4 : -7 : 1)
  P6 = (5/2 : 143/16 : 1)  [NOT CM (exceptional)]  |-->  (29/4 : -147/8 : 1)

candidate discs (degree-2 CM points on X_0(286)*): [ -39, -55, -68, -120, -156, -208, -220, -260, -264, -308, -352, -468, -568, -660, -792, -1716, -1768, -3432, -8008 ]

--- CUSP FIBER: fiber of pi over Q = (0 : 1 : 0) (contains the cusp), splits as degrees [ 1, 2 ] ---
  deg-2 place (mult 1) over Number Field with defining polynomial x^2 - x - 1 over the Rational Field:
      (K.1 : 1/2*(K.1 + 3) : 1)
  deg-1 place (mult 1): rational point (1 : -1/2 : 0)  [cusp]  <-- the cusp
cusp-fiber status: cusp fiber: degrees [ 1, 2 ]

--- fiber of pi over Q = (0 : 1 : 0) through known point (1 : -1/2 : 0) [cusp], splits as degrees [ 1, 2 ] ---
  deg-2 place (mult 1) over Number Field with defining polynomial x^2 - x - 1 over the Rational Field:
      (K.1 : 1/2*(K.1 + 3) : 1)
  deg-1 place (mult 1): rational point (1 : -1/2 : 0)  [cusp]  <-- P itself

--- fiber of pi over Q = (2 : -1 : 1) through known point (1 : 1/2 : 0) [CM disc -40], splits as degrees [ 1, 2 ] ---
  deg-2 place (mult 1) over Number Field with defining polynomial x^2 - x - 1 over the Rational Field:
      (K.1 : 1/2*(-K.1 - 3) : 1)
  deg-1 place (mult 1): rational point (1 : 1/2 : 0)  [CM disc -40]  <-- P itself

--- fiber of pi over Q = (2 : 0 : 1) through known point (-1 : -2 : 1) [CM disc -52], splits as degrees [ 1, 2 ] ---
  deg-1 place (mult 1): rational point (-1 : -2 : 1)  [CM disc -52]  <-- P itself
  deg-2 place (mult 1) over Number Field with defining polynomial x^2 + 4*x - 8 over the Rational Field:
      (K.1 : 12*K.1 - 19 : 1)

--- fiber of pi over Q = (46 : 308 : 1) through known point (-1 : 2 : 1) [CM disc -88], splits as degrees [ 1, 2 ] ---
  deg-1 place (mult 1): rational point (-1 : 2 : 1)  [CM disc -88]  <-- P itself
  deg-2 place (mult 1) over Number Field with defining polynomial x^2 + 4*x - 8 over the Rational Field:
      (K.1 : -12*K.1 + 19 : 1)

--- fiber of pi over Q = (4 : -7 : 1) through known point (5/2 : -143/16 : 1) [NOT CM (exceptional)], splits as degrees [ 1, 2 ] ---
  deg-1 place (mult 1): rational point (5/2 : -143/16 : 1)  [NOT CM (exceptional)]  <-- P itself
  deg-2 place (mult 1) over Number Field with defining polynomial x^2 - 3*x - 1 over the Rational Field:
      (K.1 : 1/2*(11*K.1 + 3) : 1)

--- fiber of pi over Q = (29/4 : -147/8 : 1) through known point (5/2 : 143/16 : 1) [NOT CM (exceptional)], splits as degrees [ 1, 2 ] ---
  deg-1 place (mult 1): rational point (5/2 : 143/16 : 1)  [NOT CM (exceptional)]  <-- P itself
  deg-2 place (mult 1) over Number Field with defining polynomial x^2 - 3*x - 1 over the Rational Field:
      (K.1 : 1/2*(-11*K.1 - 3) : 1)
rational-point-fiber status: 6 known point(s) checked

--- D = -39 (h = 4) ---
  CM point at tau = 0.295455 + 0.0109178*$.1  |-->  Q = (4 : -7 : 1)
  CM point at tau = 0.204545 + 0.0109178*$.1  |-->  Q = (4 : -7 : 1)
all disc--39 CM points map to the SAME rational point — as expected

--- fiber of pi over Q1 = (4 : -7 : 1) (image of the disc--39 CM points) ---
  deg-1 place (mult 1): rational point (5/2 : -143/16 : 1)  [NOT CM (exceptional)]
  deg-2 place (mult 1) over Number Field with defining polynomial x^2 - 3*x - 1 over the Rational Field:
      (K.1 : 1/2*(11*K.1 + 3) : 1)   <-- the two disc--39 CM points
>>> THIRD POINT in the fiber over Q = (4 : -7 : 1):
>>>     (5/2 : -143/16 : 1)   —   NOT CM (exceptional)
status: 1 rational fiber(s)

--- D = -55 (h = 4) ---
  CM point at tau = 0.442307 + 0.0129654*$.1  |-->  Q = (0 : 1 : 0)
  CM point at tau = 0.0576923 + 0.0129654*$.1  |-->  Q = (0 : 1 : 0)
all disc--55 CM points map to the SAME rational point — as expected

--- fiber of pi over Q1 = (0 : 1 : 0) (image of the disc--55 CM points) ---
  deg-2 place (mult 1) over Number Field with defining polynomial x^2 - x - 1 over the Rational Field:
      (K.1 : 1/2*(K.1 + 3) : 1)   <-- the two disc--55 CM points
  deg-1 place (mult 1): rational point (1 : -1/2 : 0)  [cusp]
>>> THIRD POINT in the fiber over Q = (0 : 1 : 0):
>>>     (1 : -1/2 : 0)   —   cusp
status: 1 rational fiber(s)

--- D = -68 (h = 4) ---
  CM point at tau = 0.283217 + 0.0144165*$.1: image NOT recognized as rational: [ 1.702579839E-114 - 2.000000000*$.1, 2.000000000 + 2.000000000*$.1, 1.000000000 ]
  CM point at tau = 0.101399 + 0.0144165*$.1: image NOT recognized as rational: [ -5.457907373E-115 + 2.000000000*$.1, 2.000000000 - 2.000000000*$.1, 1.000000000 ]
status: images not rational (no rational fiber)

--- D = -120 (h = 4) ---
  CM point at tau = 0.328671 + 0.0191512*$.1: image NOT recognized as rational: [ 2.100505063 - 4.611184480E-153*$.1, 0.5025253170 - 2.305519950E-152*$.1, 1.000000000 ]
  CM point at tau = 0.0559441 + 0.0191512*$.1: image NOT recognized as rational: [ 21.89949494 + 1.250988490E-152*$.1, 99.49747469 + 6.141283742E-152*$.1, 1.000000000 ]
status: images not rational (no rational fiber)

--- D = -156 (h = 4) ---
  CM point at tau = 0.409091 + 0.0218357*$.1: image NOT recognized as rational: [ -1.000000000 - 5.196152423*$.1, -12.00000000 - 5.196152423*$.1, 1.000000000 ]
  CM point at tau = -0.409091 + 0.0218357*$.1: image NOT recognized as rational: [ -1.000000000 + 5.196152423*$.1, -12.00000000 + 5.196152423*$.1, 1.000000000 ]
status: images not rational (no rational fiber)

--- D = -208 (h = 2) ---
  CM point at tau = 0.363636 + 0.0252137*$.1: image NOT recognized as rational: [ 1.880000000 - 0.8400000000*$.1, 0.4880000000 - 2.184000000*$.1, 1.000000000 ]
  CM point at tau = -0.363636 + 0.0252137*$.1: image NOT recognized as rational: [ 1.880000000 + 0.8400000000*$.1, 0.4880000000 + 2.184000000*$.1, 1.000000000 ]
status: images not rational (no rational fiber)

--- D = -220 (h = 4) ---
  CM point at tau = 0.115385 + 0.0259308*$.1: image NOT recognized as rational: [ -1.750000000 - 4.893336221E-200*$.1, -0.5000000000 + 2.902046692*$.1, 1.000000000 ]
  CM point at tau = -0.115385 + 0.0259308*$.1: image NOT recognized as rational: [ -1.750000000 + 4.893336221E-200*$.1, -0.5000000000 - 2.902046692*$.1, 1.000000000 ]
status: images not rational (no rational fiber)

--- D = -260 (h = 8) ---
  CM point at tau = 0.227273 + 0.0281897*$.1: image NOT recognized as rational: [ -1.000000000 + 1.000000000*$.1, 1.000000000 + 1.000000000*$.1, 1.000000000 ]
  CM point at tau = -0.227273 + 0.0281897*$.1: image NOT recognized as rational: [ -1.000000000 - 1.000000000*$.1, 1.000000000 - 1.000000000*$.1, 1.000000000 ]
status: images not rational (no rational fiber)

--- D = -264 (h = 8) ---
  CM point at tau = 0.153846 + 0.0284057*$.1: image NOT recognized as rational: [ -1.898580857E-199 - 1.414213562*$.1, -2.000000000 - 1.414213562*$.1, 1.000000000 ]
  CM point at tau = -0.153846 + 0.0284057*$.1: image NOT recognized as rational: [ -1.898580857E-199 + 1.414213562*$.1, -2.000000000 + 1.414213562*$.1, 1.000000000 ]
status: images not rational (no rational fiber)

--- D = -308 (h = 8) ---
  CM point at tau = 0.269231 + 0.0306817*$.1: image NOT recognized as rational: [ -4.219455724E-200 - 4.987077983E-200*$.1, -0.5000000000 + 1.322875655*$.1, 1.000000000 ]
  CM point at tau = -0.269231 + 0.0306817*$.1: image NOT recognized as rational: [ -4.219455724E-200 + 4.987077983E-200*$.1, -0.5000000000 - 1.322875655*$.1, 1.000000000 ]
status: images not rational (no rational fiber)

--- D = -352 (h = 2) ---
  CM point at tau = 0.0769231 + 0.0328001*$.1: image NOT recognized as rational: [ 2.682674510E-200 + 1.414213562*$.1, -2.000000000 + 1.414213562*$.1, 1.000000000 ]
  CM point at tau = -0.0769231 + 0.0328001*$.1: image NOT recognized as rational: [ 2.682674510E-200 - 1.414213562*$.1, -2.000000000 - 1.414213562*$.1, 1.000000000 ]
status: images not rational (no rational fiber)

--- D = -468 (h = 2) ---
  CM point at tau = 0.0454546 + 0.0378205*$.1: image NOT recognized as rational: [ 2.339745962 + 2.831395591E-198*$.1, 1.301270189 + 1.085958323E-197*$.1, 1.000000000 ]
  CM point at tau = 0.435065 + 0.00540292*$.1: image NOT recognized as rational: [ 19.66025404 + 3.826266814E-40*$.1, -85.30127019 - 1.734731779E-39*$.1, 1.000000000 ]
status: images not rational (no rational fiber)

--- D = -568 (h = 4) ---
  CM point at tau = 0.496503 + 0.0416657*$.1: image NOT recognized as rational: [ 21.89949494 - 4.319437663E-197*$.1, 99.49747469 - 2.188734680E-196*$.1, 1.000000000 ]
  CM point at tau = 0.0419580 + 0.0416657*$.1: image NOT recognized as rational: [ 2.100505063 + 1.217746943E-198*$.1, 0.5025253170 + 6.111436418E-198*$.1, 1.000000000 ]
status: images not rational (no rational fiber)

--- D = -660 (h = 8) ---
  CM point at tau = 0.0384616 + 0.0449134*$.1  |-->  Q = (2 : 0 : 1)
  CM point at tau = 0.346154 + 0.0149711*$.1  |-->  Q = (2 : 0 : 1)
all disc--660 CM points map to the SAME rational point — as expected

--- fiber of pi over Q1 = (2 : 0 : 1) (image of the disc--660 CM points) ---
  deg-1 place (mult 1): rational point (-1 : -2 : 1)  [CM disc -52]
  deg-2 place (mult 1) over Number Field with defining polynomial x^2 + 4*x - 8 over the Rational Field:
      (K.1 : 12*K.1 - 19 : 1)   <-- the two disc--660 CM points
>>> THIRD POINT in the fiber over Q = (2 : 0 : 1):
>>>     (-1 : -2 : 1)   —   CM disc -52
status: 1 rational fiber(s)

--- D = -792 (h = 2) ---
  CM point at tau = 0.384615 + 0.0492002*$.1: image NOT recognized as rational: [ 4.000000000 - 2.449489743*$.1, 5.000000000 - 7.348469228*$.1, 1.000000000 ]
  CM point at tau = -0.384615 + 0.0492002*$.1: image NOT recognized as rational: [ 4.000000000 + 2.449489743*$.1, 5.000000000 + 7.348469228*$.1, 1.000000000 ]
status: images not rational (no rational fiber)

--- D = -1716 (h = 16) ---
  CM point at tau = 0.500000 + 0.0724207*$.1: image NOT recognized as rational: [ 19.66025404 - 1.467261389E-199*$.1, 84.30127019 - 9.682882631E-199*$.1, 1.000000000 ]
  CM point at tau = 0.300000 + 0.0144841*$.1: image NOT recognized as rational: [ 2.339745962 + 4.208591789E-114*$.1, -2.301270189 - 2.851422137E-113*$.1, 1.000000000 ]
status: images not rational (no rational fiber)

--- D = -1768 (h = 8) ---
  CM point at tau = 0.181818 + 0.0735098*$.1: image NOT recognized as rational: [ -0.7200000000 - 0.2039607805*$.1, -0.3520000000 - 1.346141152*$.1, 1.000000000 ]
  CM point at tau = -0.181818 + 0.0735098*$.1: image NOT recognized as rational: [ -0.7200000000 + 0.2039607805*$.1, -0.3520000000 + 1.346141152*$.1, 1.000000000 ]
status: images not rational (no rational fiber)

--- D = -3432 (h = 16) ---
  CM point at tau = 0.102418*$.1: image NOT recognized as rational: [ 2.619168480, -3.095842402, 1.000000000 ]
  CM point at tau = 0.0588235 + 0.00602461*$.1: image NOT recognized as rational: [ 21.38083152 - 6.581321538E-45*$.1, -96.90415760 + 3.250791156E-44*$.1, 1.000000000 ]
status: images not rational (no rational fiber)

--- D = -8008 (h = 16) ---
  CM point at tau = 0.156446*$.1: image NOT recognized as rational: [ 4.681334818, -9.116538381, 1.000000000 ]
  CM point at tau = 0.294117 + 0.00920273*$.1: image NOT recognized as rational: [ 5.878665182 - 3.205098139E-72*$.1, -13.18746162 + 1.115781552E-71*$.1, 1.000000000 ]
status: images not rational (no rational fiber)

================ SWEEP SUMMARY for X_0(286)* -> X_0(143)* ================
  D = -39: CM points |--> Q = (4 : -7 : 1); THIRD POINT (5/2 : -143/16 : 1) — NOT CM (exceptional)
  D = -55: CM points |--> Q = (0 : 1 : 0); THIRD POINT (1 : -1/2 : 0) — cusp
  D = -660: CM points |--> Q = (2 : 0 : 1); THIRD POINT (-1 : -2 : 1) — CM disc -52

#################### N = 114, p = 5 ####################
N = 114, p = 5: E = 57a1 (conductor 57), delta* = 1, expected degree 3
[BuildTripleCover] building model of X_0(570)* (eval_prec = 400, cached if available)... [cache] loaded 3000-term star forms for level 570
done (0.040 s)
[cache] loaded triple-cover map for (N=114, p=5) -> 57a1
X_0(570)* = Curve over Rational Field defined by
98*z[1]^2*z[3] - 98*z[1]*z[2]^2 - 7*z[1]*z[2]*z[4] + 83*z[1]*z[4]^2 + 7*z[2]^2*z[3] + 91*z[2]^2*z[4] - 76*z[2]*z[3]*z[4] - 19*z[2]*z[4]^2 - 14*z[3]^3 + 32*z[3]^2*z[4] - 75*z[3]*z[4]^2 - 58*z[4]^3,
98*z[1]^2*z[4] - 21*z[1]*z[2]*z[4] + 38*z[1]*z[4]^2 - 98*z[2]^3 + 119*z[2]^2*z[3] + 7*z[2]^2*z[4] - 28*z[2]*z[3]^2 - 171*z[2]*z[3]*z[4] - 62*z[2]*z[4]^2 - 56*z[3]^3 + 30*z[3]^2*z[4] - 6*z[3]*z[4]^2 - 36*z[4]^3,
14*z[1]*z[2]*z[3] - 3*z[1]*z[2]*z[4] - 14*z[2]^3 + 3*z[2]^2*z[3] - z[2]^2*z[4] - 2*z[2]*z[3]^2 + 13*z[2]*z[3]*z[4] + 8*z[2]*z[4]^2,
196*z[1]*z[3]^2 - 9*z[1]*z[4]^2 - 196*z[2]^2*z[3] - 42*z[2]^2*z[4] + 42*z[2]*z[3]^2 - 5*z[2]*z[3]*z[4] - 3*z[2]*z[4]^2 - 28*z[3]^3 + 176*z[3]^2*z[4] + 151*z[3]*z[4]^2 + 24*z[4]^3,
14*z[1]*z[3]*z[4] - 3*z[1]*z[4]^2 - 14*z[2]^2*z[4] + 3*z[2]*z[3]*z[4] - z[2]*z[4]^2 - 2*z[3]^2*z[4] + 13*z[3]*z[4]^2 + 8*z[4]^3
E = [ 0, -1, 1, -2, 2 ] (57a1)

===== SWEEP of CM discriminants for X_0(570)* -> X_0(114)* =====
found 8 small rational points on X_0(570)* (bound 100000)
found CM point at discriminant -15
found CM point at discriminant -60
found CM point at discriminant -84
found CM point at discriminant -240
found CM point at discriminant -420
found CM point at discriminant -1380
found CM point at discriminant -660

labelling the rational points:
  disc = -60 -> rats[1] -> (-3/2 : 1/2 : 1 : 1) (CM)
  disc = -1380 -> rats[5] -> (3 : 2 : 1 : 1) (CM)
  disc = -420 -> rats[6] -> (-1/3 : 1/3 : -2/3 : 1) (CM)
  disc = -240 -> rats[7] -> (1/2 : -1/2 : 1 : 0) (CM)
  disc = -660 -> rats[8] -> (1/3 : -1/3 : -1/3 : 1) (CM)
  disc = -15 -> rats[2] -> (-1/2 : -1/2 : -1 : 1) (CM)
  disc = -84 -> rats[3] -> (-1 : -1 : -1 : 1) (CM)
  Cusp -> rats[4]
Labelled 8 CM+cusp, 0 exceptional

small rational points, their labels and images under pi:
  P1 = (-3/2 : 1/2 : 1 : 1)  [CM disc -60]  |-->  (4 : -7 : 1)
  P2 = (-1/2 : -1/2 : -1 : 1)  [CM disc -15]  |-->  (0 : 1 : 1)
  P3 = (-1 : -1 : -1 : 1)  [CM disc -84]  |-->  (1 : 0 : 1)
  P4 = (1 : 0 : 0 : 0)  [cusp]  |-->  (0 : 1 : 0)
  P5 = (3 : 2 : 1 : 1)  [CM disc -1380]  |-->  (4 : -7 : 1)
  P6 = (-1/3 : 1/3 : -2/3 : 1)  [CM disc -420]  |-->  (-1 : -2 : 1)
  P7 = (1/2 : -1/2 : 1 : 0)  [CM disc -240]  |-->  (2 : 1 : 1)
  P8 = (1/3 : -1/3 : -1/3 : 1)  [CM disc -660]  |-->  (11 : 34 : 1)

candidate discs (degree-2 CM points on X_0(570)*): [ -56, -260, -276, -360, -456, -564, -960, -1140, -1560, -2280, -2580, -3480, -4440, -6840, -14820, -19380 ]

--- CUSP FIBER: fiber of pi over Q = (0 : 1 : 0) (contains the cusp), splits as degrees [ 1, 2 ] ---
  deg-2 place (mult 1) over Number Field with defining polynomial x^2 - x - 1/2 over the Rational Field:
      (-K.1 : 0 : K.1 : 1)
  deg-1 place (mult 1): rational point (1 : 0 : 0 : 0)  [cusp]  <-- the cusp
cusp-fiber status: cusp fiber: degrees [ 1, 2 ]

--- fiber of pi over Q = (4 : -7 : 1) through known point (-3/2 : 1/2 : 1 : 1) [CM disc -60], splits as degrees [ 1, 1 ] ---
  deg-1 place (mult 2): rational point (3 : 2 : 1 : 1)  [CM disc -1380]
  deg-1 place (mult 1): rational point (-3/2 : 1/2 : 1 : 1)  [CM disc -60]  <-- P itself

--- fiber of pi over Q = (0 : 1 : 1) through known point (-1/2 : -1/2 : -1 : 1) [CM disc -15], splits as degrees [ 1, 2 ] ---
  deg-1 place (mult 1): rational point (-1/2 : -1/2 : -1 : 1)  [CM disc -15]  <-- P itself
  deg-2 place (mult 1) over Number Field with defining polynomial x^2 - 10/3*x + 11/3 over the Rational Field:
      (-K.1 : -K.1 + 3 : K.1 : 1)

--- fiber of pi over Q = (1 : 0 : 1) through known point (-1 : -1 : -1 : 1) [CM disc -84], splits as degrees [ 1, 2 ] ---
  deg-1 place (mult 1): rational point (-1 : -1 : -1 : 1)  [CM disc -84]  <-- P itself
  deg-2 place (mult 1) over Number Field with defining polynomial x^2 - x + 2 over the Rational Field:
      (-1 : 1 : K.1 : 1)

--- fiber of pi over Q = (0 : 1 : 0) through known point (1 : 0 : 0 : 0) [cusp], splits as degrees [ 1, 2 ] ---
  deg-2 place (mult 1) over Number Field with defining polynomial x^2 - x - 1/2 over the Rational Field:
      (-K.1 : 0 : K.1 : 1)
  deg-1 place (mult 1): rational point (1 : 0 : 0 : 0)  [cusp]  <-- P itself

--- fiber of pi over Q = (4 : -7 : 1) through known point (3 : 2 : 1 : 1) [CM disc -1380], splits as degrees [ 1, 1 ] ---
  deg-1 place (mult 2): rational point (3 : 2 : 1 : 1)  [CM disc -1380]  <-- P itself
  deg-1 place (mult 1): rational point (-3/2 : 1/2 : 1 : 1)  [CM disc -60]

--- fiber of pi over Q = (-1 : -2 : 1) through known point (-1/3 : 1/3 : -2/3 : 1) [CM disc -420], splits as degrees [ 1, 2 ] ---
  deg-2 place (mult 1) over Number Field with defining polynomial x^2 + 20*x + 196 over the Rational Field:
      (1/7*(-K.1 - 21) : 1/14*K.1 : 1 : 1)
  deg-1 place (mult 1): rational point (-1/3 : 1/3 : -2/3 : 1)  [CM disc -420]  <-- P itself

--- fiber of pi over Q = (2 : 1 : 1) through known point (1/2 : -1/2 : 1 : 0) [CM disc -240], splits as degrees [ 1, 2 ] ---
  deg-2 place (mult 1) over Number Field with defining polynomial x^2 + 4*x + 1 over the Rational Field:
      (K.1 : -K.1 - 1 : K.1 : 1)
  deg-1 place (mult 1): rational point (1/2 : -1/2 : 1 : 0)  [CM disc -240]  <-- P itself

--- fiber of pi over Q = (11 : 34 : 1) through known point (1/3 : -1/3 : -1/3 : 1) [CM disc -660], splits as degrees [ 1, 2 ] ---
  deg-1 place (mult 1): rational point (1/3 : -1/3 : -1/3 : 1)  [CM disc -660]  <-- P itself
  deg-2 place (mult 1) over Number Field with defining polynomial x^2 + x - 22/5 over the Rational Field:
      (6*K.1 - 11 : -2*K.1 + 3 : K.1 : 1)
>>> PARTNER in the fiber over Q = (4 : -7 : 1) (via known point (-3/2 : 1/2 : 1 : 1) [CM disc -60]):
>>>     (3 : 2 : 1 : 1)   —   CM disc -1380
rational-point-fiber status: 8 known point(s) checked

--- D = -56 (h = 4) ---
  CM point at tau = 0.449123 + 0.00656431*$.1  |-->  Q = (1 : 0 : 1)
  CM point at tau = -0.150877 + 0.00656431*$.1  |-->  Q = (1 : 0 : 1)
all disc--56 CM points map to the SAME rational point — as expected

--- fiber of pi over Q1 = (1 : 0 : 1) (image of the disc--56 CM points) ---
  deg-1 place (mult 1): rational point (-1 : -1 : -1 : 1)  [CM disc -84]
  deg-2 place (mult 1) over Number Field with defining polynomial x^2 - x + 2 over the Rational Field:
      (-1 : 1 : K.1 : 1)   <-- the two disc--56 CM points
>>> THIRD POINT in the fiber over Q = (1 : 0 : 1):
>>>     (-1 : -1 : -1 : 1)   —   CM disc -84
status: 1 rational fiber(s)

--- D = -260 (h = 8) ---
  CM point at tau = 0.412281 + 0.0141443*$.1: image NOT recognized as rational: [ 0.4688711259 - 2.001211404E-115*$.1, -1.593386622 + 1.457855785E-114*$.1, 1.000000000 ]
  CM point at tau = 0.254386 + 0.0141443*$.1: image NOT recognized as rational: [ 8.531128874 - 1.218316054E-113*$.1, 22.59338662 - 4.740049971E-113*$.1, 1.000000000 ]
status: images not rational (no rational fiber)

--- D = -276 (h = 8) ---
  CM point at tau = 0.352632 + 0.0145730*$.1  |-->  Q = (0 : 1 : 0)
  CM point at tau = 0.247368 + 0.0145730*$.1  |-->  Q = (0 : 1 : 0)
all disc--276 CM points map to the SAME rational point — as expected

--- fiber of pi over Q1 = (0 : 1 : 0) (image of the disc--276 CM points) ---
  deg-2 place (mult 1) over Number Field with defining polynomial x^2 - x - 1/2 over the Rational Field:
      (-K.1 : 0 : K.1 : 1)   <-- the two disc--276 CM points
  deg-1 place (mult 1): rational point (1 : 0 : 0 : 0)  [cusp]
>>> THIRD POINT in the fiber over Q = (0 : 1 : 0):
>>>     (1 : 0 : 0 : 0)   —   cusp
status: 1 rational fiber(s)

--- D = -360 (h = 2) ---
  CM point at tau = 0.315790 + 0.0166436*$.1: image NOT recognized as rational: [ 1.500000000 - 2.240801069E-135*$.1, 0.1123724357 + 1.092338455E-135*$.1, 1.000000000 ]
  CM point at tau = 0.240602 + 0.00237765*$.1: image NOT recognized as rational: [ 1.500000000 + 2.517926031E-18*$.1, -1.112372436 + 2.579153304E-18*$.1, 1.000000000 ]
status: images not rational (no rational fiber)

--- D = -456 (h = 8) ---
  CM point at tau = 0.200000 + 0.0187317*$.1  |-->  Q = (0 : 1 : 1)
  CM point at tau = -0.200000 + 0.0187317*$.1  |-->  Q = (0 : 1 : 1)
all disc--456 CM points map to the SAME rational point — as expected

--- fiber of pi over Q1 = (0 : 1 : 1) (image of the disc--456 CM points) ---
  deg-1 place (mult 1): rational point (-1/2 : -1/2 : -1 : 1)  [CM disc -15]
  deg-2 place (mult 1) over Number Field with defining polynomial x^2 - 10/3*x + 11/3 over the Rational Field:
      (-K.1 : -K.1 + 3 : K.1 : 1)   <-- the two disc--456 CM points
>>> THIRD POINT in the fiber over Q = (0 : 1 : 1):
>>>     (-1/2 : -1/2 : -1 : 1)   —   CM disc -15
status: 1 rational fiber(s)

--- D = -564 (h = 8) ---
  CM point at tau = 0.478947 + 0.0208322*$.1  |-->  Q = (2 : 1 : 1)
  CM point at tau = 0.321053 + 0.0208322*$.1  |-->  Q = (2 : 1 : 1)
all disc--564 CM points map to the SAME rational point — as expected

--- fiber of pi over Q1 = (2 : 1 : 1) (image of the disc--564 CM points) ---
  deg-2 place (mult 1) over Number Field with defining polynomial x^2 + 4*x + 1 over the Rational Field:
      (K.1 : -K.1 - 1 : K.1 : 1)   <-- the two disc--564 CM points
  deg-1 place (mult 1): rational point (1/2 : -1/2 : 1 : 0)  [CM disc -240]
>>> THIRD POINT in the fiber over Q = (2 : 1 : 1):
>>>     (1/2 : -1/2 : 1 : 0)   —   CM disc -240
status: 1 rational fiber(s)

--- D = -960 (h = 2) ---
  CM point at tau = 0.0526316 + 0.0271788*$.1: image NOT recognized as rational: [ 3.333333333 + 0.8164965810*$.1, -5.000000000 - 2.177324216*$.1, 1.000000000 ]
  CM point at tau = -0.0526316 + 0.0271788*$.1: image NOT recognized as rational: [ 3.333333333 - 0.8164965810*$.1, -5.000000000 + 2.177324216*$.1, 1.000000000 ]
status: images not rational (no rational fiber)

--- D = -1140 (h = 16) ---
  CM point at tau = 0.500000 + 0.0296175*$.1: image NOT recognized as rational: [ 2.282202113 - 1.333170337E-397*$.1, 1.588989435 + 4.307639836E-397*$.1, 1.000000000 ]
  CM point at tau = 0.357143 + 0.00423107*$.1: image NOT recognized as rational: [ 19.71779789 - 8.035158313E-30*$.1, -85.58898944 - 7.004787149E-29*$.1, 1.000000000 ]
status: images not rational (no rational fiber)

--- D = -1560 (h = 16) ---
  CM point at tau = 0.105263 + 0.0346463*$.1: image NOT recognized as rational: [ 1.491735537 - 0.6967559750*$.1, -0.8493613824 + 1.203487593*$.1, 1.000000000 ]
  CM point at tau = -0.105263 + 0.0346463*$.1: image NOT recognized as rational: [ 1.491735537 + 0.6967559750*$.1, -0.8493613824 - 1.203487593*$.1, 1.000000000 ]
status: images not rational (no rational fiber)

--- D = -2280 (h = 16) ---
  CM point at tau = 0.0418854*$.1: image NOT recognized as rational: [ 4.190025427, -7.562225873, 1.000000000 ]
  CM point at tau = 0.428571 + 0.00598363*$.1: image NOT recognized as rational: [ 0.9857779754 + 1.021601921E-46*$.1, -1.014415863 + 5.869986425E-47*$.1, 1.000000000 ]
status: images not rational (no rational fiber)

--- D = -2580 (h = 16) ---
  CM point at tau = 0.131579 + 0.0445559*$.1: image NOT recognized as rational: [ 1.000000000 - 1.118033989*$.1, 0.2500000000 + 1.677050983*$.1, 1.000000000 ]
  CM point at tau = -0.131579 + 0.0445559*$.1: image NOT recognized as rational: [ 1.000000000 + 1.118033989*$.1, 0.2500000000 - 1.677050983*$.1, 1.000000000 ]
status: images not rational (no rational fiber)

--- D = -3480 (h = 16) ---
  CM point at tau = 0.263158 + 0.0517470*$.1  |-->  Q = (-1 : -2 : 1)
  CM point at tau = -0.263158 + 0.0517470*$.1  |-->  Q = (-1 : -2 : 1)
all disc--3480 CM points map to the SAME rational point — as expected

--- fiber of pi over Q1 = (-1 : -2 : 1) (image of the disc--3480 CM points) ---
  deg-2 place (mult 1) over Number Field with defining polynomial x^2 + 20*x + 196 over the Rational Field:
      (1/7*(-K.1 - 21) : 1/14*K.1 : 1 : 1)   <-- the two disc--3480 CM points
  deg-1 place (mult 1): rational point (-1/3 : 1/3 : -2/3 : 1)  [CM disc -420]
>>> THIRD POINT in the fiber over Q = (-1 : -2 : 1):
>>>     (-1/3 : 1/3 : -2/3 : 1)   —   CM disc -420
status: 1 rational fiber(s)

--- D = -4440 (h = 16) ---
  CM point at tau = 0.421052 + 0.0584503*$.1: image NOT recognized as rational: [ 1.166666667 + 1.755942292*$.1, -1.500000000 + 2.926570487*$.1, 1.000000000 ]
  CM point at tau = -0.421052 + 0.0584503*$.1: image NOT recognized as rational: [ 1.166666667 - 1.755942292*$.1, -1.500000000 - 2.926570487*$.1, 1.000000000 ]
status: images not rational (no rational fiber)

--- D = -6840 (h = 4) ---
  CM point at tau = 0.0725477*$.1: image NOT recognized as rational: [ 4.500000000, -8.507808689, 1.000000000 ]
  CM point at tau = 0.333333 + 0.0241825*$.1: image NOT recognized as rational: [ 4.500000000 - 9.272139190E-196*$.1, 7.507808689 - 2.565844799E-195*$.1, 1.000000000 ]
status: images not rational (no rational fiber)

--- D = -14820 (h = 32) ---
  CM point at tau = 0.500000 + 0.106787*$.1: image NOT recognized as rational: [ 4.341874249 + 8.815650799E-200*$.1, 7.021092812 + 2.688375050E-199*$.1, 1.000000000 ]
  CM point at tau = 0.382353 + 0.00628160*$.1: image NOT recognized as rational: [ -0.3418742494 - 1.505209274E-50*$.1, 1.166407188 + 1.781736692E-51*$.1, 1.000000000 ]
status: images not rational (no rational fiber)

--- D = -19380 (h = 32) ---
  CM point at tau = 0.500000 + 0.122116*$.1: image NOT recognized as rational: [ 5.179449472 + 1.074227826E-199*$.1, 9.698623680 + 3.587625241E-199*$.1, 1.000000000 ]
  CM point at tau = 0.423077 + 0.00939353*$.1: image NOT recognized as rational: [ 0.8205505282 + 4.754437585E-76*$.1, -1.198623679 - 2.208606171E-78*$.1, 1.000000000 ]
status: images not rational (no rational fiber)

================ SWEEP SUMMARY for X_0(570)* -> X_0(114)* ================
  RATIONAL-POINT fiber |--> Q = (4 : -7 : 1); RESIDUAL POINT (3 : 2 : 1 : 1) — CM disc -1380  (partner of known point (-3/2 : 1/2 : 1 : 1) [CM disc -60])
  D = -56: CM points |--> Q = (1 : 0 : 1); THIRD POINT (-1 : -1 : -1 : 1) — CM disc -84
  D = -276: CM points |--> Q = (0 : 1 : 0); THIRD POINT (1 : 0 : 0 : 0) — cusp
  D = -456: CM points |--> Q = (0 : 1 : 1); THIRD POINT (-1/2 : -1/2 : -1 : 1) — CM disc -15
  D = -564: CM points |--> Q = (2 : 1 : 1); THIRD POINT (1/2 : -1/2 : 1 : 0) — CM disc -240
  D = -3480: CM points |--> Q = (-1 : -2 : 1); THIRD POINT (-1/3 : 1/3 : -2/3 : 1) — CM disc -420

#################### N = 114, p = 7 ####################
N = 114, p = 7: E = 57a1 (conductor 57), delta* = 1, expected degree 3
[BuildTripleCover] building model of X_0(798)* (eval_prec = 400, cached if available)... [cache] loaded 3000-term star forms for level 798
done (0.160 s)
[cache] loaded triple-cover map for (N=114, p=7) -> 57a1
X_0(798)* = Curve over Rational Field defined by
10*z[1]^2*z[3] - 10*z[1]*z[2]^2 - 20*z[2]*z[3]^2 + 30*z[2]*z[3]*z[4] - 15*z[2]*z[4]^2 - 137*z[2]*z[4]*z[5] + 196*z[2]*z[5]^2 - 40*z[3]^3 + 25*z[3]^2*z[4] + 57*z[3]^2*z[5] + 130*z[3]*z[4]^2 - 41*z[3]*z[4]*z[5] + 139*z[3]*z[5]^2 - 60*z[4]^3 - 86*z[4]^2*z[5] - 360*z[4]*z[5]^2 - 162*z[5]^3,
25*z[1]^2*z[4] - 25*z[2]^3 - 25*z[2]*z[3]^2 + 55*z[2]*z[3]*z[4] - 44*z[2]*z[4]^2 - 136*z[2]*z[4]*z[5] + 134*z[2]*z[5]^2 - 30*z[3]^3 + 44*z[3]^2*z[4] + 73*z[3]^2*z[5] + 33*z[3]*z[4]^2 - 101*z[3]*z[4]*z[5] + 106*z[3]*z[5]^2 - 27*z[4]^3 - 54*z[4]^2*z[5] - 274*z[4]*z[5]^2 - 123*z[5]^3,
50*z[1]^2*z[5] - 50*z[2]^2*z[3] + 50*z[2]*z[3]^2 - 60*z[2]*z[3]*z[4] + 18*z[2]*z[4]^2 + 307*z[2]*z[4]*z[5] - 468*z[2]*z[5]^2 + 60*z[3]^3 + 32*z[3]^2*z[4] - 171*z[3]^2*z[5] - 376*z[3]*z[4]^2 + 42*z[3]*z[4]*z[5] - 437*z[3]*z[5]^2 + 144*z[4]^3 + 158*z[4]^2*z[5] + 778*z[4]*z[5]^2 + 346*z[5]^3,
50*z[1]*z[2]*z[3] - 50*z[2]^3 - 85*z[2]*z[3]*z[4] + 38*z[2]*z[4]^2 - 248*z[2]*z[4]*z[5] + 242*z[2]*z[5]^2 - 15*z[3]^3 - 88*z[3]^2*z[4] + 99*z[3]^2*z[5] + 284*z[3]*z[4]^2 - 108*z[3]*z[4]*z[5] + 178*z[3]*z[5]^2 - 96*z[4]^3 - 52*z[4]^2*z[5] - 452*z[4]*z[5]^2 - 224*z[5]^3,
50*z[1]*z[2]*z[4] - 50*z[2]^2*z[3] - 5*z[2]*z[3]*z[4] - z[2]*z[4]^2 + 96*z[2]*z[4]*z[5] + 266*z[2]*z[5]^2 - 45*z[3]^3 + 151*z[3]^2*z[4] + 77*z[3]^2*z[5] - 118*z[3]*z[4]^2 - 159*z[3]*z[4]*z[5] + 44*z[3]*z[5]^2 - 8*z[4]^3 - 146*z[4]^2*z[5] - 346*z[4]*z[5]^2 - 102*z[5]^3,
50*z[1]*z[2]*z[5] - 50*z[2]*z[3]^2 + 110*z[2]*z[3]*z[4] - 48*z[2]*z[4]^2 - 217*z[2]*z[4]*z[5] + 218*z[2]*z[5]^2 - 60*z[3]^3 + 48*z[3]^2*z[4] + 71*z[3]^2*z[5] + 186*z[3]*z[4]^2 - 32*z[3]*z[4]*z[5] + 187*z[3]*z[5]^2 - 84*z[4]^3 - 108*z[4]^2*z[5] - 458*z[4]*z[5]^2 - 196*z[5]^3,
50*z[1]*z[3]^2 - 50*z[2]^2*z[3] - 20*z[2]*z[3]*z[4] + z[2]*z[4]^2 + 24*z[2]*z[4]*z[5] - 26*z[2]*z[5]^2 + 20*z[3]^3 - 101*z[3]^2*z[4] - 72*z[3]^2*z[5] + 18*z[3]*z[4]^2 + 19*z[3]*z[4]*z[5] - 34*z[3]*z[5]^2 + 8*z[4]^3 + 6*z[4]^2*z[5] + 46*z[4]*z[5]^2 + 22*z[5]^3,
50*z[1]*z[3]*z[4] - 50*z[2]*z[3]^2 + 60*z[2]*z[3]*z[4] - 13*z[2]*z[4]^2 - 312*z[2]*z[4]*z[5] + 338*z[2]*z[5]^2 - 60*z[3]^3 - 37*z[3]^2*z[4] + 86*z[3]^2*z[5] + 316*z[3]*z[4]^2 - 47*z[3]*z[4]*z[5] + 292*z[3]*z[5]^2 - 104*z[4]^3 - 78*z[4]^2*z[5] - 598*z[4]*z[5]^2 - 286*z[5]^3,
50*z[1]*z[3]*z[5] - 5*z[2]*z[3]*z[4] - 6*z[2]*z[4]^2 - 144*z[2]*z[4]*z[5] + 156*z[2]*z[5]^2 - 45*z[3]^3 + 56*z[3]^2*z[4] + 57*z[3]^2*z[5] + 92*z[3]*z[4]^2 - 114*z[3]*z[4]*z[5] + 54*z[3]*z[5]^2 - 48*z[4]^3 - 36*z[4]^2*z[5] - 276*z[4]*z[5]^2 - 132*z[5]^3,
5*z[1]*z[4]^2 - 5*z[2]*z[3]*z[4] + 6*z[2]*z[4]^2 - 13*z[2]*z[4]*z[5] - 6*z[3]^2*z[4] + 8*z[3]*z[4]^2 - 7*z[3]*z[4]*z[5] + 3*z[4]^3 + 20*z[4]^2*z[5] + 11*z[4]*z[5]^2,
10*z[1]*z[4]*z[5] - z[2]*z[4]^2 - 12*z[2]*z[4]*z[5] - 9*z[3]^2*z[4] + 22*z[3]*z[4]^2 - 3*z[3]*z[4]*z[5] - 8*z[4]^3 - 6*z[4]*z[5]^2,
10*z[1]*z[5]^2 - z[2]*z[4]*z[5] - 12*z[2]*z[5]^2 - 9*z[3]^2*z[5] + 22*z[3]*z[4]*z[5] - 3*z[3]*z[5]^2 - 8*z[4]^2*z[5] - 6*z[5]^3,
50*z[2]^2*z[4] - 50*z[2]*z[3]^2 + 60*z[2]*z[3]*z[4] + 7*z[2]*z[4]^2 - 322*z[2]*z[4]*z[5] + 338*z[2]*z[5]^2 - 60*z[3]^3 - 57*z[3]^2*z[4] + 86*z[3]^2*z[5] + 426*z[3]*z[4]^2 + 13*z[3]*z[4]*z[5] + 292*z[3]*z[5]^2 - 144*z[4]^3 - 78*z[4]^2*z[5] - 578*z[4]*z[5]^2 - 286*z[5]^3,
50*z[2]^2*z[5] - 5*z[2]*z[3]*z[4] - 6*z[2]*z[4]^2 - 124*z[2]*z[4]*z[5] + 146*z[2]*z[5]^2 - 45*z[3]^3 + 56*z[3]^2*z[4] + 37*z[3]^2*z[5] + 92*z[3]*z[4]^2 - 4*z[3]*z[4]*z[5] + 114*z[3]*z[5]^2 - 48*z[4]^3 - 76*z[4]^2*z[5] - 276*z[4]*z[5]^2 - 112*z[5]^3,
10*z[2]*z[3]*z[5] - z[2]*z[4]^2 - 24*z[2]*z[4]*z[5] + 26*z[2]*z[5]^2 - 9*z[3]^2*z[4] + 12*z[3]^2*z[5] + 22*z[3]*z[4]^2 - 19*z[3]*z[4]*z[5] + 14*z[3]*z[5]^2 - 8*z[4]^3 - 6*z[4]^2*z[5] - 46*z[4]*z[5]^2 - 22*z[5]^3
E = [ 0, -1, 1, -2, 2 ] (57a1)

===== SWEEP of CM discriminants for X_0(798)* -> X_0(114)* =====
found 7 small rational points on X_0(798)* (bound 100000)
found CM point at discriminant -12
found CM point at discriminant -48
found CM point at discriminant -84
found CM point at discriminant -132
found CM point at discriminant -1428
found CM point at discriminant -420

labelling the rational points:
  disc = -420 -> rats[7] -> (0 : 0 : -2 : -1 : 1) (CM)
  disc = -12 -> rats[4] -> (-1/3 : 1/3 : -4/3 : -4/3 : 1) (CM)
  disc = -132 -> rats[1] -> (0 : 0 : -1 : -2 : 1) (CM)
  disc = -1428 -> rats[3] -> (6 : 3 : 4 : 2 : 1) (CM)
  disc = -48 -> rats[5] -> (-1 : 1 : -2 : -2 : 1) (CM)
  disc = -84 -> rats[2] -> (1 : 0 : 2 : 1 : 0) (CM)
  Cusp -> rats[6]
Labelled 7 CM+cusp, 0 exceptional

small rational points, their labels and images under pi:
  P1 = (0 : 0 : -1 : -2 : 1)  [CM disc -132]  |-->  (1 : -1 : 1)
  P2 = (1 : 0 : 2 : 1 : 0)  [CM disc -84]  |-->  (1 : 0 : 1)
  P3 = (6 : 3 : 4 : 2 : 1)  [CM disc -1428]  |-->  (11 : -35 : 1)
  P4 = (-1/3 : 1/3 : -4/3 : -4/3 : 1)  [CM disc -12]  |-->  (0 : -2 : 1)
  P5 = (-1 : 1 : -2 : -2 : 1)  [CM disc -48]  |-->  (4 : 6 : 1)
  P6 = (1 : 0 : 0 : 0 : 0)  [cusp]  |-->  (0 : 1 : 0)
  P7 = (0 : 0 : -2 : -1 : 1)  [CM disc -420]  |-->  (-1 : -2 : 1)

candidate discs (degree-2 CM points on X_0(798)*): [ -56, -192, -276, -336, -504, -1140, -2100, -2280, -3192, -4788, -5208 ]

--- CUSP FIBER: fiber of pi over Q = (0 : 1 : 0) (contains the cusp), splits as degrees [ 1, 2 ] ---
  deg-2 place (mult 1) over Number Field with defining polynomial x^2 + 2*x - 2 over the Rational Field:
      (K.1 + 2 : 1 : K.1 + 1 : K.1 : 1)
  deg-1 place (mult 1): rational point (1 : 0 : 0 : 0 : 0)  [cusp]  <-- the cusp
cusp-fiber status: cusp fiber: degrees [ 1, 2 ]

--- fiber of pi over Q = (1 : -1 : 1) through known point (0 : 0 : -1 : -2 : 1) [CM disc -132], splits as degrees [ 1, 2 ] ---
  deg-2 place (mult 1) over Number Field with defining polynomial x^2 - 9*x + 162 over the Rational Field:
      (0 : 1/9*(-K.1 + 9) : 1/9*K.1 : 0 : 1)
  deg-1 place (mult 1): rational point (0 : 0 : -1 : -2 : 1)  [CM disc -132]  <-- P itself

--- fiber of pi over Q = (1 : 0 : 1) through known point (1 : 0 : 2 : 1 : 0) [CM disc -84], splits as degrees [ 1, 2 ] ---
  deg-2 place (mult 1) over Number Field with defining polynomial x^2 + 8/3*x + 37/3 over the Rational Field:
      (1/2*(-K.1 - 1) : -2 : 1/2*(K.1 + 1) : K.1 : 1)
  deg-1 place (mult 1): rational point (1 : 0 : 2 : 1 : 0)  [CM disc -84]  <-- P itself

--- fiber of pi over Q = (11 : -35 : 1) through known point (6 : 3 : 4 : 2 : 1) [CM disc -1428], splits as degrees [ 1, 2 ] ---
  deg-1 place (mult 1): rational point (6 : 3 : 4 : 2 : 1)  [CM disc -1428]  <-- P itself
  deg-2 place (mult 1) over Number Field with defining polynomial x^2 - 6/5*x - 78/5 over the Rational Field:
      (16*K.1 + 54 : 5*K.1 + 18 : 2*K.1 + 5 : K.1 : 1)

--- fiber of pi over Q = (0 : -2 : 1) through known point (-1/3 : 1/3 : -4/3 : -4/3 : 1) [CM disc -12], splits as degrees [ 1, 2 ] ---
  deg-1 place (mult 1): rational point (-1/3 : 1/3 : -4/3 : -4/3 : 1)  [CM disc -12]  <-- P itself
  deg-2 place (mult 1) over Number Field with defining polynomial x^2 + 4/3*x + 2/3 over the Rational Field:
      (1/3*(3*K.1 + 1) : K.1 + 1 : 1/3*(-3*K.1 - 4) : K.1 : 1)

--- fiber of pi over Q = (4 : 6 : 1) through known point (-1 : 1 : -2 : -2 : 1) [CM disc -48], splits as degrees [ 1, 2 ] ---
  deg-1 place (mult 1): rational point (-1 : 1 : -2 : -2 : 1)  [CM disc -48]  <-- P itself
  deg-2 place (mult 1) over Number Field with defining polynomial x^2 + 2*x + 2/3 over the Rational Field:
      (-5*K.1 - 1 : 3*K.1 + 1 : -K.1 : K.1 : 1)

--- fiber of pi over Q = (0 : 1 : 0) through known point (1 : 0 : 0 : 0 : 0) [cusp], splits as degrees [ 1, 2 ] ---
  deg-2 place (mult 1) over Number Field with defining polynomial x^2 + 2*x - 2 over the Rational Field:
      (K.1 + 2 : 1 : K.1 + 1 : K.1 : 1)
  deg-1 place (mult 1): rational point (1 : 0 : 0 : 0 : 0)  [cusp]  <-- P itself

--- fiber of pi over Q = (-1 : -2 : 1) through known point (0 : 0 : -2 : -1 : 1) [CM disc -420], splits as degrees [ 1, 2 ] ---
  deg-1 place (mult 1): rational point (0 : 0 : -2 : -1 : 1)  [CM disc -420]  <-- P itself
  deg-2 place (mult 1) over Number Field with defining polynomial x^2 + 3/2*x + 3/2 over the Rational Field:
      (K.1 : 0 : -1 : K.1 : 1)
rational-point-fiber status: 7 known point(s) checked

--- D = -56 (h = 4) ---
  CM point at tau = 0.298245 + 0.00468879*$.1: image NOT recognized as rational: [ -0.4558441227 + 3.335215976E-36*$.1, -2.190908859 + 3.184514767E-36*$.1, 1.000000000 ]
  CM point at tau = 0.0350877 + 0.00468879*$.1: image NOT recognized as rational: [ 50.45584412 - 3.659083526E-33*$.1, 354.1909088 + 3.401712375E-31*$.1, 1.000000000 ]
status: images not rational (no rational fiber)

--- D = -192 (h = 1) ---
  CM point at tau = 0.360902 + 0.00868195*$.1  |-->  Q = (0 : -2 : 1)
  CM point at tau = 0.218045 + 0.00868195*$.1  |-->  Q = (0 : -2 : 1)
all disc--192 CM points map to the SAME rational point — as expected

--- fiber of pi over Q1 = (0 : -2 : 1) (image of the disc--192 CM points) ---
  deg-1 place (mult 1): rational point (-1/3 : 1/3 : -4/3 : -4/3 : 1)  [CM disc -12]
  deg-2 place (mult 1) over Number Field with defining polynomial x^2 + 4/3*x + 2/3 over the Rational Field:
      (1/3*(3*K.1 + 1) : K.1 + 1 : 1/3*(-3*K.1 - 4) : K.1 : 1)   <-- the two disc--192 CM points
>>> THIRD POINT in the fiber over Q = (0 : -2 : 1):
>>>     (-1/3 : 1/3 : -4/3 : -4/3 : 1)   —   CM disc -12
status: 1 rational fiber(s)

--- D = -276 (h = 8) ---
  CM point at tau = 0.176692 + 0.0104093*$.1  |-->  Q = (0 : 1 : 0)
  CM point at tau = 0.0338346 + 0.0104093*$.1  |-->  Q = (0 : 1 : 0)
all disc--276 CM points map to the SAME rational point — as expected

--- fiber of pi over Q1 = (0 : 1 : 0) (image of the disc--276 CM points) ---
  deg-2 place (mult 1) over Number Field with defining polynomial x^2 + 2*x - 2 over the Rational Field:
      (K.1 + 2 : 1 : K.1 + 1 : K.1 : 1)   <-- the two disc--276 CM points
  deg-1 place (mult 1): rational point (1 : 0 : 0 : 0 : 0)  [cusp]
>>> THIRD POINT in the fiber over Q = (0 : 1 : 0):
>>>     (1 : 0 : 0 : 0 : 0)   —   cusp
status: 1 rational fiber(s)

--- D = -336 (h = 4) ---
  CM point at tau = 0.157895 + 0.0114852*$.1: image NOT recognized as rational: [ 1.354248689 + 1.086242063E-92*$.1, -0.9372539332 + 5.666728876E-93*$.1, 1.000000000 ]
  CM point at tau = 0.231579 + 0.00229703*$.1: image NOT recognized as rational: [ 6.645751311 + 2.270241137E-17*$.1, 14.93725393 + 1.680390528E-16*$.1, 1.000000000 ]
status: images not rational (no rational fiber)

--- D = -504 (h = 4) ---
  CM point at tau = 0.105263 + 0.0140664*$.1  |-->  Q = (1 : -1 : 1)
  CM point at tau = -0.105263 + 0.0140664*$.1  |-->  Q = (1 : -1 : 1)
all disc--504 CM points map to the SAME rational point — as expected

--- fiber of pi over Q1 = (1 : -1 : 1) (image of the disc--504 CM points) ---
  deg-2 place (mult 1) over Number Field with defining polynomial x^2 - 9*x + 162 over the Rational Field:
      (0 : 1/9*(-K.1 + 9) : 1/9*K.1 : 0 : 1)   <-- the two disc--504 CM points
  deg-1 place (mult 1): rational point (0 : 0 : -1 : -2 : 1)  [CM disc -132]
>>> THIRD POINT in the fiber over Q = (1 : -1 : 1):
>>>     (0 : 0 : -1 : -2 : 1)   —   CM disc -132
status: 1 rational fiber(s)

--- D = -1140 (h = 16) ---
  CM point at tau = 0.214286 + 0.0211553*$.1  |-->  Q = (-1 : -2 : 1)
  CM point at tau = -0.214286 + 0.0211553*$.1  |-->  Q = (-1 : -2 : 1)
all disc--1140 CM points map to the SAME rational point — as expected

--- fiber of pi over Q1 = (-1 : -2 : 1) (image of the disc--1140 CM points) ---
  deg-1 place (mult 1): rational point (0 : 0 : -2 : -1 : 1)  [CM disc -420]
  deg-2 place (mult 1) over Number Field with defining polynomial x^2 + 3/2*x + 3/2 over the Rational Field:
      (K.1 : 0 : -1 : K.1 : 1)   <-- the two disc--1140 CM points
>>> THIRD POINT in the fiber over Q = (-1 : -2 : 1):
>>>     (0 : 0 : -2 : -1 : 1)   —   CM disc -420
status: 1 rational fiber(s)

--- D = -2100 (h = 4) ---
  CM point at tau = 0.394737 + 0.0287129*$.1: image NOT recognized as rational: [ 1.000000000 + 1.118033989*$.1, -1.250000000 + 1.677050983*$.1, 1.000000000 ]
  CM point at tau = -0.394737 + 0.0287129*$.1: image NOT recognized as rational: [ 1.000000000 - 1.118033989*$.1, -1.250000000 - 1.677050983*$.1, 1.000000000 ]
status: images not rational (no rational fiber)

--- D = -2280 (h = 16) ---
  CM point at tau = 0.142857 + 0.0299181*$.1  |-->  Q = (1 : 0 : 1)
  CM point at tau = -0.142857 + 0.0299181*$.1  |-->  Q = (1 : 0 : 1)
all disc--2280 CM points map to the SAME rational point — as expected

--- fiber of pi over Q1 = (1 : 0 : 1) (image of the disc--2280 CM points) ---
  deg-2 place (mult 1) over Number Field with defining polynomial x^2 + 8/3*x + 37/3 over the Rational Field:
      (1/2*(-K.1 - 1) : -2 : 1/2*(K.1 + 1) : K.1 : 1)   <-- the two disc--2280 CM points
  deg-1 place (mult 1): rational point (1 : 0 : 2 : 1 : 0)  [CM disc -84]
>>> THIRD POINT in the fiber over Q = (1 : 0 : 1):
>>>     (1 : 0 : 2 : 1 : 0)   —   CM disc -84
status: 1 rational fiber(s)

--- D = -3192 (h = 16) ---
  CM point at tau = 0.0353996*$.1: image NOT recognized as rational: [ 6.274917217, -14.54983443, 1.000000000 ]
  CM point at tau = 0.272727 + 0.00321815*$.1: image NOT recognized as rational: [ -1.274917218 - 2.345447012E-22*$.1, 0.5498344353 - 6.389940720E-22*$.1, 1.000000000 ]
status: images not rational (no rational fiber)

--- D = -4788 (h = 4) ---
  CM point at tau = 0.500000 + 0.0433555*$.1: image NOT recognized as rational: [ 3.000000000 + 2.050145079E-200*$.1, 3.274917218 + 5.159418638E-200*$.1, 1.000000000 ]
  CM point at tau = 0.423077 + 0.00333504*$.1: image NOT recognized as rational: [ 3.000000000 + 2.640185796E-25*$.1, -4.274917217 - 1.659042971E-26*$.1, 1.000000000 ]
status: images not rational (no rational fiber)

--- D = -5208 (h = 16) ---
  CM point at tau = 0.210526 + 0.0452171*$.1: image NOT recognized as rational: [ -1.500000000 - 1.280136850E-200*$.1, -0.5000000000 - 0.6123724357*$.1, 1.000000000 ]
  CM point at tau = -0.210526 + 0.0452171*$.1: image NOT recognized as rational: [ -1.500000000 + 1.280136850E-200*$.1, -0.5000000000 + 0.6123724357*$.1, 1.000000000 ]
status: images not rational (no rational fiber)

================ SWEEP SUMMARY for X_0(798)* -> X_0(114)* ================
  D = -192: CM points |--> Q = (0 : -2 : 1); THIRD POINT (-1/3 : 1/3 : -4/3 : -4/3 : 1) — CM disc -12
  D = -276: CM points |--> Q = (0 : 1 : 0); THIRD POINT (1 : 0 : 0 : 0 : 0) — cusp
  D = -504: CM points |--> Q = (1 : -1 : 1); THIRD POINT (0 : 0 : -1 : -2 : 1) — CM disc -132
  D = -1140: CM points |--> Q = (-1 : -2 : 1); THIRD POINT (0 : 0 : -2 : -1 : 1) — CM disc -420
  D = -2280: CM points |--> Q = (1 : 0 : 1); THIRD POINT (1 : 0 : 2 : 1 : 0) — CM disc -84

#################### N = 174, p = 5 ####################
N = 174, p = 5: E = 58a1 (conductor 58), delta* = 1, expected degree 3
[BuildTripleCover] building model of X_0(870)* (eval_prec = 400, cached if available)... [cache] loaded 3000-term star forms for level 870
done (0.190 s)
[cache] loaded triple-cover map for (N=174, p=5) -> 58a1
X_0(870)* = Curve over Rational Field defined by
2*z[1]*z[3] - 2*z[2]^2 + z[3]*z[6] - 5*z[3]*z[7] + z[4]*z[5] + 2*z[4]*z[6] - 4*z[4]*z[7] + z[5]^2 + z[5]*z[6] - 2*z[5]*z[7] - z[6]^2 + 2*z[6]*z[7] + 3*z[7]^2,
z[1]*z[4] - z[2]*z[3] - 5*z[3]*z[7] + z[4]*z[5] + 2*z[4]*z[6] - 7*z[4]*z[7] + 2*z[5]^2 - 2*z[5]*z[7] - 3*z[6]^2 + 4*z[6]*z[7] + 7*z[7]^2,
z[1]*z[5] - z[3]^2 + z[3]*z[6] + z[3]*z[7] - z[5]*z[7],
z[1]*z[6] - z[3]*z[4] - 3*z[3]*z[7] + 2*z[4]*z[6] - 4*z[4]*z[7] + z[5]^2 - z[5]*z[7] - 3*z[6]^2 + 2*z[6]*z[7] + 4*z[7]^2,
2*z[1]*z[7] - 2*z[3]*z[6] - 19*z[3]*z[7] - 2*z[4]^2 + 4*z[4]*z[5] + 12*z[4]*z[6] - 22*z[4]*z[7] + 7*z[5]^2 + 3*z[5]*z[6] - 10*z[5]*z[7] - 10*z[6]^2 + 12*z[6]*z[7] + 24*z[7]^2,
z[2]*z[4] - z[3]^2 - 2*z[3]*z[6] - 5*z[3]*z[7] + 2*z[4]*z[5] + 3*z[4]*z[6] - 8*z[4]*z[7] + 3*z[5]^2 + z[5]*z[6] - 4*z[5]*z[7] - 3*z[6]^2 + 6*z[6]*z[7] + 9*z[7]^2,
z[2]*z[5] - z[3]*z[4] + z[3]*z[6] + z[3]*z[7] - z[4]*z[5] + z[4]*z[6] + z[4]*z[7] - z[5]^2 + z[5]*z[7] - z[6]^2 - 2*z[6]*z[7] - z[7]^2,
2*z[2]*z[6] - 5*z[3]*z[6] - 23*z[3]*z[7] - 2*z[4]^2 + 5*z[4]*z[5] + 14*z[4]*z[6] - 26*z[4]*z[7] + 9*z[5]^2 + 3*z[5]*z[6] - 12*z[5]*z[7] - 13*z[6]^2 + 18*z[6]*z[7] + 31*z[7]^2,
2*z[2]*z[7] - z[3]*z[6] + 3*z[3]*z[7] - z[4]*z[5] + 2*z[4]*z[7] - z[5]^2 + z[5]*z[6] + z[6]^2 - 2*z[6]*z[7] - 3*z[7]^2,
2*z[3]*z[5] - 2*z[3]*z[6] - 17*z[3]*z[7] - 2*z[4]^2 + 2*z[4]*z[5] + 12*z[4]*z[6] - 18*z[4]*z[7] + 5*z[5]^2 + 3*z[5]*z[6] - 8*z[5]*z[7] - 10*z[6]^2 + 10*z[6]*z[7] + 20*z[7]^2
E = [ 1, -1, 0, -1, 1 ] (58a1)

===== SWEEP of CM discriminants for X_0(870)* -> X_0(174)* =====
found 8 small rational points on X_0(870)* (bound 100000)
found CM point at discriminant -20
found CM point at discriminant -24
found CM point at discriminant -36
found CM point at discriminant -180
found CM point at discriminant -120
found CM point at discriminant -660
found CM point at discriminant -840

labelling the rational points:
  disc = -24 -> rats[1] -> (1 : 1 : 2 : 0 : 2 : 1 : 1) (CM)
  disc = -180 -> rats[4] -> (0 : 1 : 1 : 2 : -1 : 1 : 0) (CM)
  disc = -36 -> rats[3] -> (0 : 0 : 0 : 1 : -1 : 1 : 0) (CM)
  disc = -120 -> rats[6] -> (-1 : 0 : 0 : 0 : 0 : -1 : 1) (CM)
  disc = -660 -> rats[8] -> (0 : 1/2 : -1/2 : 1 : -1/2 : -1/2 : 1) (CM)
  disc = -20 -> rats[5] -> (0 : 1 : 1 : -1 : 2 : 1 : 0) (CM)
  disc = -840 -> rats[7] -> (3 : -1 : 2 : -1 : 2 : -1 : 1) (CM)
  Cusp -> rats[2]
Labelled 8 CM+cusp, 0 exceptional

small rational points, their labels and images under pi:
  P1 = (1 : 1 : 2 : 0 : 2 : 1 : 1)  [CM disc -24]  |-->  (-1 : 1 : 1)
  P2 = (1 : 0 : 0 : 0 : 0 : 0 : 0)  [cusp]  |-->  (0 : 1 : 0)
  P3 = (0 : 0 : 0 : 1 : -1 : 1 : 0)  [CM disc -36]  |-->  (1 : -1 : 1)
  P4 = (0 : 1 : 1 : 2 : -1 : 1 : 0)  [CM disc -180]  |-->  (2 : -3 : 1)
  P5 = (0 : 1 : 1 : -1 : 2 : 1 : 0)  [CM disc -20]  |-->  (-1 : 0 : 1)
  P6 = (-1 : 0 : 0 : 0 : 0 : -1 : 1)  [CM disc -120]  |-->  (3/4 : -7/8 : 1)
  P7 = (3 : -1 : 2 : -1 : 2 : -1 : 1)  [CM disc -840]  |-->  (1 : 0 : 1)
  P8 = (0 : 1/2 : -1/2 : 1 : -1/2 : -1/2 : 1)  [CM disc -660]  |-->  (0 : -1 : 1)

candidate discs (degree-2 CM points on X_0(870)*): [ -80, -96, -260, -480, -564, -600, -1140, -1560, -1860, -2436, -2580, -2760, -3480, -4740, -12180 ]

--- CUSP FIBER: fiber of pi over Q = (0 : 1 : 0) (contains the cusp), splits as degrees [ 1, 2 ] ---
  deg-2 place (mult 1) over Number Field with defining polynomial x^2 - x + 4 over the Rational Field:
      (1 : 0 : 0 : 0 : K.1 : 1 : 1)
  deg-1 place (mult 1): rational point (1 : 0 : 0 : 0 : 0 : 0 : 0)  [cusp]  <-- the cusp
cusp-fiber status: cusp fiber: degrees [ 1, 2 ]

--- fiber of pi over Q = (-1 : 1 : 1) through known point (1 : 1 : 2 : 0 : 2 : 1 : 1) [CM disc -24], splits as degrees [ 1, 2 ] ---
  deg-1 place (mult 1): rational point (1 : 1 : 2 : 0 : 2 : 1 : 1)  [CM disc -24]  <-- P itself
  deg-2 place (mult 1) over Number Field with defining polynomial x^2 + 1/2*x + 1 over the Rational Field:
      (-1 : 2*K.1 + 1 : 2 : -K.1 : K.1 : K.1 + 1 : 1)

--- fiber of pi over Q = (0 : 1 : 0) through known point (1 : 0 : 0 : 0 : 0 : 0 : 0) [cusp], splits as degrees [ 1, 2 ] ---
  deg-2 place (mult 1) over Number Field with defining polynomial x^2 - x + 4 over the Rational Field:
      (1 : 0 : 0 : 0 : K.1 : 1 : 1)
  deg-1 place (mult 1): rational point (1 : 0 : 0 : 0 : 0 : 0 : 0)  [cusp]  <-- P itself

--- fiber of pi over Q = (1 : -1 : 1) through known point (0 : 0 : 0 : 1 : -1 : 1 : 0) [CM disc -36], splits as degrees [ 1, 2 ] ---
  deg-2 place (mult 1) over Number Field with defining polynomial x^2 - 108 over the Rational Field:
      (-1/6*K.1 : -1 : 0 : 1/6*(-K.1 + 6) : 0 : -1/6*K.1 : 1)
  deg-1 place (mult 1): rational point (0 : 0 : 0 : 1 : -1 : 1 : 0)  [CM disc -36]  <-- P itself

--- fiber of pi over Q = (2 : -3 : 1) through known point (0 : 1 : 1 : 2 : -1 : 1 : 0) [CM disc -180], splits as degrees [ 1, 2 ] ---
  deg-2 place (mult 1) over Number Field with defining polynomial x^2 + 2528/5*x + 1290496/25 over the Rational Field:
      (1/320*(-5*K.1 - 1264) : 1/320*(-5*K.1 - 1264) : 1 : 1/320*(5*K.1 + 2224) : 0 : 1 : 0)
  deg-1 place (mult 1): rational point (0 : 1 : 1 : 2 : -1 : 1 : 0)  [CM disc -180]  <-- P itself

--- fiber of pi over Q = (-1 : 0 : 1) through known point (0 : 1 : 1 : -1 : 2 : 1 : 0) [CM disc -20], splits as degrees [ 1, 2 ] ---
  deg-2 place (mult 1) over Number Field with defining polynomial x^2 + 7*x + 34 over the Rational Field:
      (1/3*(K.1 + 5) : 1/6*(-K.1 - 8) : 1/6*(-K.1 + 6) : 1/6*(K.1 + 8) : 0 : -1/6*K.1 : 1)
  deg-1 place (mult 1): rational point (0 : 1 : 1 : -1 : 2 : 1 : 0)  [CM disc -20]  <-- P itself

--- fiber of pi over Q = (3/4 : -7/8 : 1) through known point (-1 : 0 : 0 : 0 : 0 : -1 : 1) [CM disc -120], splits as degrees [ 1, 2 ] ---
  deg-1 place (mult 1): rational point (-1 : 0 : 0 : 0 : 0 : -1 : 1)  [CM disc -120]  <-- P itself
  deg-2 place (mult 1) over Number Field with defining polynomial x^2 + 39/28*x + 9/4 over the Rational Field:
      (1/48*(7*K.1 + 75) : 1/24*(5*K.1 - 15) : 1/12*(-K.1 + 3) : 1/2*(-K.1 + 3) : K.1 : 1/3*(-2*K.1 + 3) : 1)

--- fiber of pi over Q = (1 : 0 : 1) through known point (3 : -1 : 2 : -1 : 2 : -1 : 1) [CM disc -840], splits as degrees [ 1, 2 ] ---
  deg-1 place (mult 1): rational point (3 : -1 : 2 : -1 : 2 : -1 : 1)  [CM disc -840]  <-- P itself
  deg-2 place (mult 1) over Number Field with defining polynomial x^2 + 1 over the Rational Field:
      (K.1 + 1 : 1/2*(K.1 + 1) : 1/2*(-K.1 + 1) : 1/2*(K.1 + 1) : K.1 : 1/2*(K.1 + 1) : 1)

--- fiber of pi over Q = (0 : -1 : 1) through known point (0 : 1/2 : -1/2 : 1 : -1/2 : -1/2 : 1) [CM disc -660], splits as degrees [ 1, 2 ] ---
  deg-1 place (mult 1): rational point (0 : 1/2 : -1/2 : 1 : -1/2 : -1/2 : 1)  [CM disc -660]  <-- P itself
  deg-2 place (mult 1) over Number Field with defining polynomial x^2 + 1 over the Rational Field:
      (1/2*(K.1 + 3) : 1/2*(K.1 - 1) : 1/2*(-K.1 + 1) : 1 : K.1 : 1/2*(-K.1 + 1) : 1)
rational-point-fiber status: 8 known point(s) checked

--- D = -80 (h = 2) ---
  CM point at tau = 0.436781 + 0.00514039*$.1  |-->  Q = (1 : 0 : 1)
  CM point at tau = -0.229885 + 0.00514039*$.1  |-->  Q = (1 : 0 : 1)
all disc--80 CM points map to the SAME rational point — as expected

--- fiber of pi over Q1 = (1 : 0 : 1) (image of the disc--80 CM points) ---
  deg-1 place (mult 1): rational point (3 : -1 : 2 : -1 : 2 : -1 : 1)  [CM disc -840]
  deg-2 place (mult 1) over Number Field with defining polynomial x^2 + 1 over the Rational Field:
      (K.1 + 1 : 1/2*(K.1 + 1) : 1/2*(-K.1 + 1) : 1/2*(K.1 + 1) : K.1 : 1/2*(K.1 + 1) : 1)   <-- the two disc--80 CM points
>>> THIRD POINT in the fiber over Q = (1 : 0 : 1):
>>>     (3 : -1 : 2 : -1 : 2 : -1 : 1)   —   CM disc -840
status: 1 rational fiber(s)

--- D = -96 (h = 2) ---
  CM point at tau = 0.420690 + 0.00563101*$.1  |-->  Q = (1 : -1 : 1)
  CM point at tau = 0.179310 + 0.00563101*$.1  |-->  Q = (1 : -1 : 1)
all disc--96 CM points map to the SAME rational point — as expected

--- fiber of pi over Q1 = (1 : -1 : 1) (image of the disc--96 CM points) ---
  deg-2 place (mult 1) over Number Field with defining polynomial x^2 - 108 over the Rational Field:
      (-1/6*K.1 : -1 : 0 : 1/6*(-K.1 + 6) : 0 : -1/6*K.1 : 1)   <-- the two disc--96 CM points
  deg-1 place (mult 1): rational point (0 : 0 : 0 : 1 : -1 : 1 : 0)  [CM disc -36]
>>> THIRD POINT in the fiber over Q = (1 : -1 : 1):
>>>     (0 : 0 : 0 : 1 : -1 : 1 : 0)   —   CM disc -36
status: 1 rational fiber(s)

--- D = -260 (h = 8) ---
  CM point at tau = 0.350574 + 0.00926696*$.1  |-->  Q = (0 : -1 : 1)
  CM point at tau = -0.316092 + 0.00926696*$.1  |-->  Q = (0 : -1 : 1)
all disc--260 CM points map to the SAME rational point — as expected

--- fiber of pi over Q1 = (0 : -1 : 1) (image of the disc--260 CM points) ---
  deg-1 place (mult 1): rational point (0 : 1/2 : -1/2 : 1 : -1/2 : -1/2 : 1)  [CM disc -660]
  deg-2 place (mult 1) over Number Field with defining polynomial x^2 + 1 over the Rational Field:
      (1/2*(K.1 + 3) : 1/2*(K.1 - 1) : 1/2*(-K.1 + 1) : 1 : K.1 : 1/2*(-K.1 + 1) : 1)   <-- the two disc--260 CM points
>>> THIRD POINT in the fiber over Q = (0 : -1 : 1):
>>>     (0 : 1/2 : -1/2 : 1 : -1/2 : -1/2 : 1)   —   CM disc -660
status: 1 rational fiber(s)

--- D = -480 (h = 4) ---
  CM point at tau = 0.172414 + 0.0125913*$.1: image NOT recognized as rational: [ 1.724744871 - 3.553156828E-102*$.1, -2.337117307 - 1.899732673E-100*$.1, 1.000000000 ]
  CM point at tau = 0.470220 + 0.00114467*$.1: image NOT recognized as rational: [ -0.7247448667 - 5.304477278E-9*$.1, 1.337117288 + 1.010149215E-8*$.1, 1.000000000 ]
status: images not rational (no rational fiber)

--- D = -564 (h = 8) ---
  CM point at tau = 0.168966 + 0.0136487*$.1  |-->  Q = (2 : -3 : 1)
  CM point at tau = 0.0310345 + 0.0136487*$.1  |-->  Q = (2 : -3 : 1)
all disc--564 CM points map to the SAME rational point — as expected

--- fiber of pi over Q1 = (2 : -3 : 1) (image of the disc--564 CM points) ---
  deg-2 place (mult 1) over Number Field with defining polynomial x^2 + 2528/5*x + 1290496/25 over the Rational Field:
      (1/320*(-5*K.1 - 1264) : 1/320*(-5*K.1 - 1264) : 1 : 1/320*(5*K.1 + 2224) : 0 : 1 : 0)   <-- the two disc--564 CM points
  deg-1 place (mult 1): rational point (0 : 1 : 1 : 2 : -1 : 1 : 0)  [CM disc -180]
>>> THIRD POINT in the fiber over Q = (2 : -3 : 1):
>>>     (0 : 1 : 1 : 2 : -1 : 1 : 0)   —   CM disc -180
status: 1 rational fiber(s)

--- D = -600 (h = 2) ---
  CM point at tau = 0.448276 + 0.0140775*$.1: image NOT recognized as rational: [ 0.8750000000 + 0.4841229183*$.1, -0.5625000000 + 0.2420614591*$.1, 1.000000000 ]
  CM point at tau = -0.448276 + 0.0140775*$.1: image NOT recognized as rational: [ 0.8750000000 - 0.4841229183*$.1, -0.5625000000 - 0.2420614591*$.1, 1.000000000 ]
status: images not rational (no rational fiber)

--- D = -1140 (h = 16) ---
  CM point at tau = 0.120690 + 0.0194045*$.1  |-->  Q = (0 : 1 : 0)
  CM point at tau = -0.120690 + 0.0194045*$.1  |-->  Q = (0 : 1 : 0)
all disc--1140 CM points map to the SAME rational point — as expected

--- fiber of pi over Q1 = (0 : 1 : 0) (image of the disc--1140 CM points) ---
  deg-2 place (mult 1) over Number Field with defining polynomial x^2 - x + 4 over the Rational Field:
      (1 : 0 : 0 : 0 : K.1 : 1 : 1)   <-- the two disc--1140 CM points
  deg-1 place (mult 1): rational point (1 : 0 : 0 : 0 : 0 : 0 : 0)  [cusp]
>>> THIRD POINT in the fiber over Q = (0 : 1 : 0):
>>>     (1 : 0 : 0 : 0 : 0 : 0 : 0)   —   cusp
status: 1 rational fiber(s)

--- D = -1560 (h = 16) ---
  CM point at tau = 0.137931 + 0.0226993*$.1: image NOT recognized as rational: [ 5.500000000 + 3.122498999*$.1, -13.00000000 - 12.48999600*$.1, 1.000000000 ]
  CM point at tau = -0.137931 + 0.0226993*$.1: image NOT recognized as rational: [ 5.500000000 - 3.122498999*$.1, -13.00000000 + 12.48999600*$.1, 1.000000000 ]
status: images not rational (no rational fiber)

--- D = -1860 (h = 16) ---
  CM point at tau = 0.0862069 + 0.0247861*$.1: image NOT recognized as rational: [ -0.5000000000 - 1.936491673*$.1, 3.500000000 + 1.936491673*$.1, 1.000000000 ]
  CM point at tau = -0.0862069 + 0.0247861*$.1: image NOT recognized as rational: [ -0.5000000000 + 1.936491673*$.1, 3.500000000 - 1.936491673*$.1, 1.000000000 ]
status: images not rational (no rational fiber)

--- D = -2436 (h = 16) ---
  CM point at tau = 0.300000 + 0.0283654*$.1  |-->  Q = (-1 : 0 : 1)
  CM point at tau = -0.300000 + 0.0283654*$.1  |-->  Q = (-1 : 0 : 1)
all disc--2436 CM points map to the SAME rational point — as expected

--- fiber of pi over Q1 = (-1 : 0 : 1) (image of the disc--2436 CM points) ---
  deg-2 place (mult 1) over Number Field with defining polynomial x^2 + 7*x + 34 over the Rational Field:
      (1/3*(K.1 + 5) : 1/6*(-K.1 - 8) : 1/6*(-K.1 + 6) : 1/6*(K.1 + 8) : 0 : -1/6*K.1 : 1)   <-- the two disc--2436 CM points
  deg-1 place (mult 1): rational point (0 : 1 : 1 : -1 : 2 : 1 : 0)  [CM disc -20]
>>> THIRD POINT in the fiber over Q = (-1 : 0 : 1):
>>>     (0 : 1 : 1 : -1 : 2 : 1 : 0)   —   CM disc -20
status: 1 rational fiber(s)

--- D = -2580 (h = 16) ---
  CM point at tau = 0.0172414 + 0.0291918*$.1: image NOT recognized as rational: [ 2.971045315 + 1.630414159E-199*$.1, -5.684851958 + 4.632035016E-199*$.1, 1.000000000 ]
  CM point at tau = 0.456113 + 0.00265380*$.1: image NOT recognized as rational: [ 0.8414546851 + 1.053721983E-22*$.1, -0.8932730416 - 1.570556327E-20*$.1, 1.000000000 ]
status: images not rational (no rational fiber)

--- D = -2760 (h = 16) ---
  CM point at tau = 0.275862 + 0.0301929*$.1  |-->  Q = (-1 : 1 : 1)
  CM point at tau = -0.275862 + 0.0301929*$.1  |-->  Q = (-1 : 1 : 1)
all disc--2760 CM points map to the SAME rational point — as expected

--- fiber of pi over Q1 = (-1 : 1 : 1) (image of the disc--2760 CM points) ---
  deg-1 place (mult 1): rational point (1 : 1 : 2 : 0 : 2 : 1 : 1)  [CM disc -24]
  deg-2 place (mult 1) over Number Field with defining polynomial x^2 + 1/2*x + 1 over the Rational Field:
      (-1 : 2*K.1 + 1 : 2 : -K.1 : K.1 : K.1 + 1 : 1)   <-- the two disc--2760 CM points
>>> THIRD POINT in the fiber over Q = (-1 : 1 : 1):
>>>     (1 : 1 : 2 : 0 : 2 : 1 : 1)   —   CM disc -24
status: 1 rational fiber(s)

--- D = -3480 (h = 16) ---
  CM point at tau = 0.0339032*$.1: image NOT recognized as rational: [ 3.380199322, -6.950498306, 1.000000000 ]
  CM point at tau = 0.0769231 + 0.00260794*$.1: image NOT recognized as rational: [ 0.3698006776 - 9.185525754E-20*$.1, 0.5754983059 + 8.462655044E-19*$.1, 1.000000000 ]
status: images not rational (no rational fiber)

--- D = -4740 (h = 16) ---
  CM point at tau = 0.431035 + 0.0395676*$.1: image NOT recognized as rational: [ 0.8333333333 + 0.6454972244*$.1, -0.6666666667 + 0.4303314829*$.1, 1.000000000 ]
  CM point at tau = -0.431035 + 0.0395676*$.1: image NOT recognized as rational: [ 0.8333333333 - 0.6454972244*$.1, -0.6666666667 - 0.4303314829*$.1, 1.000000000 ]
status: images not rational (no rational fiber)

--- D = -12180 (h = 32) ---
  CM point at tau = 0.500000 + 0.0634271*$.1: image NOT recognized as rational: [ 1.666666667 + 3.220767351E-200*$.1, 0.5376625199 + 4.066891774E-200*$.1, 1.000000000 ]
  CM point at tau = 0.0384616 + 0.00487901*$.1: image NOT recognized as rational: [ 1.666666667 - 1.752986449E-38*$.1, -2.204329187 + 6.537744885E-38*$.1, 1.000000000 ]
status: images not rational (no rational fiber)

================ SWEEP SUMMARY for X_0(870)* -> X_0(174)* ================
  D = -80: CM points |--> Q = (1 : 0 : 1); THIRD POINT (3 : -1 : 2 : -1 : 2 : -1 : 1) — CM disc -840
  D = -96: CM points |--> Q = (1 : -1 : 1); THIRD POINT (0 : 0 : 0 : 1 : -1 : 1 : 0) — CM disc -36
  D = -260: CM points |--> Q = (0 : -1 : 1); THIRD POINT (0 : 1/2 : -1/2 : 1 : -1/2 : -1/2 : 1) — CM disc -660
  D = -564: CM points |--> Q = (2 : -3 : 1); THIRD POINT (0 : 1 : 1 : 2 : -1 : 1 : 0) — CM disc -180
  D = -1140: CM points |--> Q = (0 : 1 : 0); THIRD POINT (1 : 0 : 0 : 0 : 0 : 0 : 0) — cusp
  D = -2436: CM points |--> Q = (-1 : 0 : 1); THIRD POINT (0 : 1 : 1 : -1 : 2 : 1 : 0) — CM disc -20
  D = -2760: CM points |--> Q = (-1 : 1 : 1); THIRD POINT (1 : 1 : 2 : 0 : 2 : 1 : 1) — CM disc -24

#################### N = 182, p = 5 ####################
N = 182, p = 5: E = 91a1 (conductor 91), delta* = 1, expected degree 3
[BuildTripleCover] building model of X_0(910)* (eval_prec = 400, cached if available)... [cache] loaded 3000-term star forms for level 910
done (0.210 s)
[cache] loaded triple-cover map for (N=182, p=5) -> 91a1
X_0(910)* = Curve over Rational Field defined by
512*z[1]^2*z[3] - 512*z[1]*z[2]^2 + 512*z[2]*z[3]^2 + 1040*z[2]*z[3]*z[4] - 803*z[2]*z[4]^2 + 260*z[2]*z[4]*z[5] - 364*z[2]*z[5]^2 - 1040*z[3]^3 + 803*z[3]^2*z[4] - 642*z[3]^2*z[5] + 366*z[3]*z[4]^2 - 109*z[3]*z[4]*z[5] + 214*z[3]*z[5]^2 - 406*z[4]^3 + 1092*z[4]^2*z[5] + 58*z[4]*z[5]^2 - 156*z[5]^3,
256*z[1]^2*z[4] - 256*z[2]^3 - 256*z[2]*z[3]^2 - 144*z[2]*z[3]*z[4] + 619*z[2]*z[4]^2 + 28*z[2]*z[4]*z[5] + 140*z[2]*z[5]^2 + 400*z[3]^3 - 363*z[3]^2*z[4] - 206*z[3]^2*z[5] - 190*z[3]*z[4]^2 - 347*z[3]*z[4]*z[5] - 102*z[3]*z[5]^2 + 166*z[4]^3 - 420*z[4]^2*z[5] - 170*z[4]*z[5]^2 + 60*z[5]^3,
512*z[1]^2*z[5] - 512*z[2]^2*z[3] - 512*z[2]*z[3]^2 + 208*z[2]*z[3]*z[4] + 2457*z[2]*z[4]^2 + 820*z[2]*z[4]*z[5] + 1028*z[2]*z[5]^2 + 304*z[3]^3 - 3481*z[3]^2*z[4] - 730*z[3]^2*z[5] - 810*z[3]*z[4]^2 - 1769*z[3]*z[4]*z[5] - 1122*z[3]*z[5]^2 + 546*z[4]^3 - 3084*z[4]^2*z[5] - 78*z[4]*z[5]^2 + 148*z[5]^3,
256*z[1]*z[2]*z[3] - 256*z[2]^3 + 112*z[2]*z[3]*z[4] + 443*z[2]*z[4]^2 + 60*z[2]*z[4]*z[5] + 140*z[2]*z[5]^2 + 144*z[3]^3 - 443*z[3]^2*z[4] + 50*z[3]^2*z[5] - 222*z[3]*z[4]^2 - 107*z[3]*z[4]*z[5] - 102*z[3]*z[5]^2 + 70*z[4]^3 - 420*z[4]^2*z[5] - 10*z[4]*z[5]^2 + 60*z[5]^3,
256*z[1]*z[2]*z[4] - 256*z[2]^2*z[3] + 400*z[2]*z[3]*z[4] - 59*z[2]*z[4]^2 - 44*z[2]*z[4]*z[5] - 236*z[2]*z[5]^2 - 656*z[3]^3 + 59*z[3]^2*z[4] - 322*z[3]^2*z[5] + 222*z[3]*z[4]^2 - 437*z[3]*z[4]*z[5] + 150*z[3]*z[5]^2 - 70*z[4]^3 + 196*z[4]^2*z[5] + 10*z[4]*z[5]^2 - 28*z[5]^3,
256*z[1]*z[2]*z[5] - 256*z[2]*z[3]^2 - 304*z[2]*z[3]*z[4] + 49*z[2]*z[4]^2 - 428*z[2]*z[4]*z[5] - 28*z[2]*z[5]^2 + 48*z[3]^3 + 207*z[3]^2*z[4] - 138*z[3]^2*z[5] + 102*z[3]*z[4]^2 - 129*z[3]*z[4]*z[5] + 174*z[3]*z[5]^2 + 210*z[4]^3 + 84*z[4]^2*z[5] - 30*z[4]*z[5]^2 - 12*z[5]^3,
512*z[1]*z[3]^2 - 512*z[2]^2*z[3] - 16*z[2]*z[3]*z[4] - 189*z[2]*z[4]^2 - 36*z[2]*z[4]*z[5] - 84*z[2]*z[5]^2 + 16*z[3]^3 + 701*z[3]^2*z[4] - 286*z[3]^2*z[5] + 338*z[3]*z[4]^2 + 141*z[3]*z[4]*z[5] + 10*z[3]*z[5]^2 - 42*z[4]^3 + 252*z[4]^2*z[5] + 6*z[4]*z[5]^2 - 36*z[5]^3,
256*z[1]*z[3]*z[4] - 256*z[2]*z[3]^2 - 48*z[2]*z[3]*z[4] + 441*z[2]*z[4]^2 + 84*z[2]*z[4]*z[5] + 196*z[2]*z[5]^2 + 48*z[3]^3 - 697*z[3]^2*z[4] + 70*z[3]^2*z[5] - 106*z[3]*z[4]^2 - 329*z[3]*z[4]*z[5] - 194*z[3]*z[5]^2 + 98*z[4]^3 - 588*z[4]^2*z[5] - 14*z[4]*z[5]^2 + 84*z[5]^3,
512*z[1]*z[3]*z[5] + 1008*z[2]*z[3]*z[4] - 189*z[2]*z[4]^2 - 36*z[2]*z[4]*z[5] - 84*z[2]*z[5]^2 - 1520*z[3]^3 - 323*z[3]^2*z[4] - 798*z[3]^2*z[5] + 338*z[3]*z[4]^2 - 883*z[3]*z[4]*z[5] + 10*z[3]*z[5]^2 - 42*z[4]^3 + 252*z[4]^2*z[5] + 6*z[4]*z[5]^2 - 36*z[5]^3,
16*z[1]*z[4]^2 - 16*z[2]*z[3]*z[4] - 3*z[2]*z[4]^2 - 14*z[2]*z[4]*z[5] + 3*z[3]^2*z[4] - 2*z[3]*z[4]^2 + 7*z[3]*z[4]*z[5] + 10*z[4]^3 - 6*z[4]*z[5]^2,
32*z[1]*z[4]*z[5] + 63*z[2]*z[4]^2 + 6*z[2]*z[4]*z[5] - 95*z[3]^2*z[4] - 38*z[3]*z[4]^2 - 51*z[3]*z[4]*z[5] + 14*z[4]^3 - 64*z[4]^2*z[5] - 2*z[4]*z[5]^2,
32*z[1]*z[5]^2 + 63*z[2]*z[4]*z[5] + 6*z[2]*z[5]^2 - 95*z[3]^2*z[5] - 38*z[3]*z[4]*z[5] - 51*z[3]*z[5]^2 + 14*z[4]^2*z[5] - 64*z[4]*z[5]^2 - 2*z[5]^3,
256*z[2]^2*z[4] - 256*z[2]*z[3]^2 - 48*z[2]*z[3]*z[4] + 449*z[2]*z[4]^2 + 36*z[2]*z[4]*z[5] + 196*z[2]*z[5]^2 + 48*z[3]^3 - 705*z[3]^2*z[4] + 70*z[3]^2*z[5] - 314*z[3]*z[4]^2 - 177*z[3]*z[4]*z[5] - 194*z[3]*z[5]^2 - 14*z[4]^3 - 588*z[4]^2*z[5] + 2*z[4]*z[5]^2 + 84*z[5]^3,
512*z[2]^2*z[5] + 1008*z[2]*z[3]*z[4] - 189*z[2]*z[4]^2 - 20*z[2]*z[4]*z[5] - 180*z[2]*z[5]^2 - 1520*z[3]^3 - 323*z[3]^2*z[4] - 814*z[3]^2*z[5] + 338*z[3]*z[4]^2 - 1299*z[3]*z[4]*z[5] + 314*z[3]*z[5]^2 - 42*z[4]^3 + 28*z[4]^2*z[5] + 6*z[4]*z[5]^2 - 4*z[5]^3,
32*z[2]*z[3]*z[5] + 63*z[2]*z[4]^2 + 12*z[2]*z[4]*z[5] + 28*z[2]*z[5]^2 - 95*z[3]^2*z[4] - 6*z[3]^2*z[5] - 38*z[3]*z[4]^2 - 47*z[3]*z[4]*z[5] - 14*z[3]*z[5]^2 + 14*z[4]^3 - 84*z[4]^2*z[5] - 2*z[4]*z[5]^2 + 12*z[5]^3
E = [ 0, 0, 1, 1, 0 ] (91a1)

===== SWEEP of CM discriminants for X_0(910)* -> X_0(182)* =====
found 4 small rational points on X_0(910)* (bound 100000)
found CM point at discriminant -40
found CM point at discriminant -420
found CM point at discriminant -5460

labelling the rational points:
  disc = -5460 -> rats[1] -> (-2 : 2 : -2 : 2 : 1) (CM)
  disc = -420 -> rats[3] -> (1 : 0 : 1 : -1 : 1) (CM)
  disc = -40 -> rats[2] -> (1 : 2 : 1 : 2 : 1) (CM)
  Cusp -> rats[4]
Labelled 4 CM+cusp, 0 exceptional

small rational points, their labels and images under pi:
  P1 = (-2 : 2 : -2 : 2 : 1)  [CM disc -5460]  |-->  (1 : 1 : 1)
  P2 = (1 : 2 : 1 : 2 : 1)  [CM disc -40]  |-->  (1 : -2 : 1)
  P3 = (1 : 0 : 1 : -1 : 1)  [CM disc -420]  |-->  (0 : -1 : 1)
  P4 = (1 : 0 : 0 : 0 : 0)  [cusp]  |-->  (0 : 1 : 0)

candidate discs (degree-2 CM points on X_0(910)*): [ -55, -56, -160, -196, -220, -360, -504, -1560, -3220, -3640, -4420, -8680, -10920, -20020 ]

--- CUSP FIBER: fiber of pi over Q = (0 : 1 : 0) (contains the cusp), splits as degrees [ 1, 2 ] ---
  deg-2 place (mult 1) over Number Field with defining polynomial x^2 - 1/7 over the Rational Field:
      (2*K.1 : 0 : 0 : K.1 : 1)
  deg-1 place (mult 1): rational point (1 : 0 : 0 : 0 : 0)  [cusp]  <-- the cusp
cusp-fiber status: cusp fiber: degrees [ 1, 2 ]

--- fiber of pi over Q = (1 : 1 : 1) through known point (-2 : 2 : -2 : 2 : 1) [CM disc -5460], splits as degrees [ 1, 2 ] ---
  deg-1 place (mult 1): rational point (-2 : 2 : -2 : 2 : 1)  [CM disc -5460]  <-- P itself
  deg-2 place (mult 1) over Number Field with defining polynomial x^2 + 4/5*x - 28/25 over the Rational Field:
      (2/5 : 1/10*(-5*K.1 + 6) : -2/5 : K.1 : 1)

--- fiber of pi over Q = (1 : -2 : 1) through known point (1 : 2 : 1 : 2 : 1) [CM disc -40], splits as degrees [ 1, 2 ] ---
  deg-1 place (mult 1): rational point (1 : 2 : 1 : 2 : 1)  [CM disc -40]  <-- P itself
  deg-2 place (mult 1) over Number Field with defining polynomial x^2 - x - 1/4 over the Rational Field:
      (1 : K.1 : 1/2 : K.1 : 1)

--- fiber of pi over Q = (0 : -1 : 1) through known point (1 : 0 : 1 : -1 : 1) [CM disc -420], splits as degrees [ 1, 2 ] ---
  deg-1 place (mult 1): rational point (1 : 0 : 1 : -1 : 1)  [CM disc -420]  <-- P itself
  deg-2 place (mult 1) over Number Field with defining polynomial x^2 - 5/4*x + 9/16 over the Rational Field:
      (1/4*(-4*K.1 + 5) : 1/4*(4*K.1 - 1) : -1/4 : K.1 : 1)

--- fiber of pi over Q = (0 : 1 : 0) through known point (1 : 0 : 0 : 0 : 0) [cusp], splits as degrees [ 1, 2 ] ---
  deg-2 place (mult 1) over Number Field with defining polynomial x^2 - 1/7 over the Rational Field:
      (2*K.1 : 0 : 0 : K.1 : 1)
  deg-1 place (mult 1): rational point (1 : 0 : 0 : 0 : 0)  [cusp]  <-- P itself
rational-point-fiber status: 4 known point(s) checked

--- D = -55 (h = 4) ---
  CM point at tau = 0.453297 + 0.00407483*$.1  |-->  Q = (0 : -1 : 1)
  CM point at tau = -0.0467033 + 0.00407483*$.1  |-->  Q = (0 : -1 : 1)
all disc--55 CM points map to the SAME rational point — as expected

--- fiber of pi over Q1 = (0 : -1 : 1) (image of the disc--55 CM points) ---
  deg-1 place (mult 1): rational point (1 : 0 : 1 : -1 : 1)  [CM disc -420]
  deg-2 place (mult 1) over Number Field with defining polynomial x^2 - 5/4*x + 9/16 over the Rational Field:
      (1/4*(-4*K.1 + 5) : 1/4*(4*K.1 - 1) : -1/4 : K.1 : 1)   <-- the two disc--55 CM points
>>> THIRD POINT in the fiber over Q = (0 : -1 : 1):
>>>     (1 : 0 : 1 : -1 : 1)   —   CM disc -420
status: 1 rational fiber(s)

--- D = -56 (h = 4) ---
  CM point at tau = 0.476923 + 0.00411171*$.1  |-->  Q = (1 : 1 : 1)
  CM point at tau = 0.323077 + 0.00411171*$.1  |-->  Q = (1 : 1 : 1)
all disc--56 CM points map to the SAME rational point — as expected

--- fiber of pi over Q1 = (1 : 1 : 1) (image of the disc--56 CM points) ---
  deg-1 place (mult 1): rational point (-2 : 2 : -2 : 2 : 1)  [CM disc -5460]
  deg-2 place (mult 1) over Number Field with defining polynomial x^2 + 4/5*x - 28/25 over the Rational Field:
      (2/5 : 1/10*(-5*K.1 + 6) : -2/5 : K.1 : 1)   <-- the two disc--56 CM points
>>> THIRD POINT in the fiber over Q = (1 : 1 : 1):
>>>     (-2 : 2 : -2 : 2 : 1)   —   CM disc -5460
status: 1 rational fiber(s)

--- D = -160 (h = 2) ---
  CM point at tau = 0.219780 + 0.00695006*$.1: image NOT recognized as rational: [ 4.836899076E-57 - 1.000000000*$.1, 8.493377432E-56 - 3.298297093E-56*$.1, 1.000000000 ]
  CM point at tau = -0.0659341 + 0.00695006*$.1: image NOT recognized as rational: [ 1.581739358E-56 + 1.000000000*$.1, 3.510609650E-56 + 7.031122308E-56*$.1, 1.000000000 ]
status: images not rational (no rational fiber)

--- D = -196 (h = 1) ---
  CM point at tau = 0.438461 + 0.00769231*$.1  |-->  Q = (0 : 1 : 0)
  CM point at tau = 0.361538 + 0.00769231*$.1  |-->  Q = (0 : 1 : 0)
all disc--196 CM points map to the SAME rational point — as expected

--- fiber of pi over Q1 = (0 : 1 : 0) (image of the disc--196 CM points) ---
  deg-2 place (mult 1) over Number Field with defining polynomial x^2 - 1/7 over the Rational Field:
      (2*K.1 : 0 : 0 : K.1 : 1)   <-- the two disc--196 CM points
  deg-1 place (mult 1): rational point (1 : 0 : 0 : 0 : 0)  [cusp]
>>> THIRD POINT in the fiber over Q = (0 : 1 : 0):
>>>     (1 : 0 : 0 : 0 : 0)   —   cusp
status: 1 rational fiber(s)

--- D = -220 (h = 4) ---
  CM point at tau = 0.478022 + 0.00814967*$.1: image NOT recognized as rational: [ 0.7639320225 + 1.935760607E-65*$.1, 0.7082039325 - 3.506172441E-65*$.1, 1.000000000 ]
  CM point at tau = 0.0934066 + 0.00814967*$.1: image NOT recognized as rational: [ 5.236067977 - 2.805526475E-64*$.1, -12.70820393 + 3.529064762E-65*$.1, 1.000000000 ]
status: images not rational (no rational fiber)

--- D = -360 (h = 2) ---
  CM point at tau = 0.329670 + 0.0104251*$.1: image NOT recognized as rational: [ 2.500000000 - 4.610245244E-83*$.1, 3.786607050 - 2.265561678E-83*$.1, 1.000000000 ]
  CM point at tau = 0.0989012 + 0.0104251*$.1: image NOT recognized as rational: [ 2.500000000 + 4.810168871E-84*$.1, -4.786607050 - 2.025393976E-84*$.1, 1.000000000 ]
status: images not rational (no rational fiber)

--- D = -504 (h = 4) ---
  CM point at tau = 0.430769 + 0.0123351*$.1  |-->  Q = (1 : -2 : 1)
  CM point at tau = 0.0307692 + 0.0123351*$.1  |-->  Q = (1 : -2 : 1)
all disc--504 CM points map to the SAME rational point — as expected

--- fiber of pi over Q1 = (1 : -2 : 1) (image of the disc--504 CM points) ---
  deg-1 place (mult 1): rational point (1 : 2 : 1 : 2 : 1)  [CM disc -40]
  deg-2 place (mult 1) over Number Field with defining polynomial x^2 - x - 1/4 over the Rational Field:
      (1 : K.1 : 1/2 : K.1 : 1)   <-- the two disc--504 CM points
>>> THIRD POINT in the fiber over Q = (1 : -2 : 1):
>>>     (1 : 2 : 1 : 2 : 1)   —   CM disc -40
status: 1 rational fiber(s)

--- D = -1560 (h = 16) ---
  CM point at tau = 0.142857 + 0.0217015*$.1: image NOT recognized as rational: [ 0.1666666667 - 1.040833000*$.1, -0.5000000000 + 0.3469443333*$.1, 1.000000000 ]
  CM point at tau = -0.142857 + 0.0217015*$.1: image NOT recognized as rational: [ 0.1666666667 + 1.040833000*$.1, -0.5000000000 - 0.3469443333*$.1, 1.000000000 ]
status: images not rational (no rational fiber)

--- D = -3220 (h = 16) ---
  CM point at tau = 0.115385 + 0.0311786*$.1: image NOT recognized as rational: [ 0.8888888889 - 1.242259988*$.1, -1.185185185 + 1.656346650*$.1, 1.000000000 ]
  CM point at tau = -0.115385 + 0.0311786*$.1: image NOT recognized as rational: [ 0.8888888889 + 1.242259988*$.1, -1.185185185 - 1.656346650*$.1, 1.000000000 ]
status: images not rational (no rational fiber)

--- D = -3640 (h = 16) ---
  CM point at tau = 0.0331497*$.1: image NOT recognized as rational: [ 2.038870926, -3.780921587, 1.000000000 ]
  CM point at tau = 0.181818 + 0.00301361*$.1: image NOT recognized as rational: [ -0.1000954156 + 1.243439656E-22*$.1, -0.1141221447 - 3.847489204E-22*$.1, 1.000000000 ]
status: images not rational (no rational fiber)

--- D = -4420 (h = 16) ---
  CM point at tau = 0.214286 + 0.0365292*$.1: image NOT recognized as rational: [ -1.000000000 - 0.5000000000*$.1, 0.2500000000 - 1.250000000*$.1, 1.000000000 ]
  CM point at tau = -0.214286 + 0.0365292*$.1: image NOT recognized as rational: [ -1.000000000 + 0.5000000000*$.1, 0.2500000000 + 1.250000000*$.1, 1.000000000 ]
status: images not rational (no rational fiber)

--- D = -8680 (h = 16) ---
  CM point at tau = 0.384615 + 0.0511904*$.1: image NOT recognized as rational: [ -1.500000000 + 2.783882181*$.1, -6.000000000 + 7.532281239E-201*$.1, 1.000000000 ]
  CM point at tau = -0.384615 + 0.0511904*$.1: image NOT recognized as rational: [ -1.500000000 - 2.783882181*$.1, -6.000000000 - 7.532281239E-201*$.1, 1.000000000 ]
status: images not rational (no rational fiber)

--- D = -10920 (h = 32) ---
  CM point at tau = 0.0574169*$.1: image NOT recognized as rational: [ 2.376524617, -4.506098468, 1.000000000 ]
  CM point at tau = 0.0909091 + 0.00521972*$.1: image NOT recognized as rational: [ 12.62347538 - 1.810686608E-39*$.1, -45.49390153 - 3.964842421E-40*$.1, 1.000000000 ]
status: images not rational (no rational fiber)

--- D = -20020 (h = 32) ---
  CM point at tau = 0.500000 + 0.0777429*$.1: image NOT recognized as rational: [ 1.948821335 + 6.218409909E-200*$.1, 2.598428447 + 1.243681982E-199*$.1, 1.000000000 ]
  CM point at tau = 0.184211 + 0.00409173*$.1: image NOT recognized as rational: [ -0.1710435571 - 3.099866814E-33*$.1, -0.2280580762 - 1.815160477E-32*$.1, 1.000000000 ]
status: images not rational (no rational fiber)

================ SWEEP SUMMARY for X_0(910)* -> X_0(182)* ================
  D = -55: CM points |--> Q = (0 : -1 : 1); THIRD POINT (1 : 0 : 1 : -1 : 1) — CM disc -420
  D = -56: CM points |--> Q = (1 : 1 : 1); THIRD POINT (-2 : 2 : -2 : 2 : 1) — CM disc -5460
  D = -196: CM points |--> Q = (0 : 1 : 0); THIRD POINT (1 : 0 : 0 : 0 : 0) — cusp
  D = -504: CM points |--> Q = (1 : -2 : 1); THIRD POINT (1 : 2 : 1 : 2 : 1) — CM disc -40

#################### N = 190, p = 3 ####################
N = 190, p = 3: E = 190b1 (conductor 190), delta* = 1, expected degree 3
[BuildTripleCover] building model of X_0(570)* (eval_prec = 400, cached if available)... [cache] loaded 3000-term star forms for level 570
done (0.040 s)
[cache] loaded triple-cover map for (N=190, p=3) -> 190b1
X_0(570)* = Curve over Rational Field defined by
98*z[1]^2*z[3] - 98*z[1]*z[2]^2 - 7*z[1]*z[2]*z[4] + 83*z[1]*z[4]^2 + 7*z[2]^2*z[3] + 91*z[2]^2*z[4] - 76*z[2]*z[3]*z[4] - 19*z[2]*z[4]^2 - 14*z[3]^3 + 32*z[3]^2*z[4] - 75*z[3]*z[4]^2 - 58*z[4]^3,
98*z[1]^2*z[4] - 21*z[1]*z[2]*z[4] + 38*z[1]*z[4]^2 - 98*z[2]^3 + 119*z[2]^2*z[3] + 7*z[2]^2*z[4] - 28*z[2]*z[3]^2 - 171*z[2]*z[3]*z[4] - 62*z[2]*z[4]^2 - 56*z[3]^3 + 30*z[3]^2*z[4] - 6*z[3]*z[4]^2 - 36*z[4]^3,
14*z[1]*z[2]*z[3] - 3*z[1]*z[2]*z[4] - 14*z[2]^3 + 3*z[2]^2*z[3] - z[2]^2*z[4] - 2*z[2]*z[3]^2 + 13*z[2]*z[3]*z[4] + 8*z[2]*z[4]^2,
196*z[1]*z[3]^2 - 9*z[1]*z[4]^2 - 196*z[2]^2*z[3] - 42*z[2]^2*z[4] + 42*z[2]*z[3]^2 - 5*z[2]*z[3]*z[4] - 3*z[2]*z[4]^2 - 28*z[3]^3 + 176*z[3]^2*z[4] + 151*z[3]*z[4]^2 + 24*z[4]^3,
14*z[1]*z[3]*z[4] - 3*z[1]*z[4]^2 - 14*z[2]^2*z[4] + 3*z[2]*z[3]*z[4] - z[2]*z[4]^2 - 2*z[3]^2*z[4] + 13*z[3]*z[4]^2 + 8*z[4]^3
E = [ 1, 1, 0, 2, 2 ] (190b1)

===== SWEEP of CM discriminants for X_0(570)* -> X_0(190)* =====
found 8 small rational points on X_0(570)* (bound 100000)
found CM point at discriminant -15
found CM point at discriminant -60
found CM point at discriminant -84
found CM point at discriminant -240
found CM point at discriminant -420
found CM point at discriminant -1380
found CM point at discriminant -660

labelling the rational points:
  disc = -60 -> rats[1] -> (-3/2 : 1/2 : 1 : 1) (CM)
  disc = -1380 -> rats[5] -> (3 : 2 : 1 : 1) (CM)
  disc = -420 -> rats[6] -> (-1/3 : 1/3 : -2/3 : 1) (CM)
  disc = -240 -> rats[7] -> (1/2 : -1/2 : 1 : 0) (CM)
  disc = -660 -> rats[8] -> (1/3 : -1/3 : -1/3 : 1) (CM)
  disc = -15 -> rats[2] -> (-1/2 : -1/2 : -1 : 1) (CM)
  disc = -84 -> rats[3] -> (-1 : -1 : -1 : 1) (CM)
  Cusp -> rats[4]
Labelled 8 CM+cusp, 0 exceptional

small rational points, their labels and images under pi:
  P1 = (-3/2 : 1/2 : 1 : 1)  [CM disc -60]  |-->  (7 : -24 : 1)
  P2 = (-1/2 : -1/2 : -1 : 1)  [CM disc -15]  |-->  (-1 : 0 : 1)
  P3 = (-1 : -1 : -1 : 1)  [CM disc -84]  |-->  (-1 : 1 : 1)
  P4 = (1 : 0 : 0 : 0)  [cusp]  |-->  (0 : 1 : 0)
  P5 = (3 : 2 : 1 : 1)  [CM disc -1380]  |-->  (1 : -3 : 1)
  P6 = (-1/3 : 1/3 : -2/3 : 1)  [CM disc -420]  |-->  (-1/4 : -9/8 : 1)
  P7 = (1/2 : -1/2 : 1 : 0)  [CM disc -240]  |-->  (-1 : 0 : 1)
  P8 = (1/3 : -1/3 : -1/3 : 1)  [CM disc -660]  |-->  (-1 : 0 : 1)

candidate discs (degree-2 CM points on X_0(570)*): [ -56, -260, -276, -360, -456, -564, -960, -1140, -1560, -2280, -2580, -3480, -4440, -6840, -14820, -19380 ]

--- CUSP FIBER: fiber of pi over Q = (0 : 1 : 0) (contains the cusp), splits as degrees [ 1, 2 ] ---
  deg-2 place (mult 1) over Number Field with defining polynomial x^2 - x + 2 over the Rational Field:
      (-1 : 1 : K.1 : 1)
  deg-1 place (mult 1): rational point (1 : 0 : 0 : 0)  [cusp]  <-- the cusp
cusp-fiber status: cusp fiber: degrees [ 1, 2 ]

--- fiber of pi over Q = (7 : -24 : 1) through known point (-3/2 : 1/2 : 1 : 1) [CM disc -60], splits as degrees [ 1, 2 ] ---
  deg-1 place (mult 1): rational point (-3/2 : 1/2 : 1 : 1)  [CM disc -60]  <-- P itself
  deg-2 place (mult 1) over Number Field with defining polynomial x^2 - 7/2*x + 1/2 over the Rational Field:
      (1/2*(15*K.1 - 5) : 1/2*(5*K.1 + 1) : K.1 : 1)

--- fiber of pi over Q = (-1 : 0 : 1) through known point (-1/2 : -1/2 : -1 : 1) [CM disc -15], splits as degrees [ 1, 1, 1 ] ---
  deg-1 place (mult 1): rational point (1/3 : -1/3 : -1/3 : 1)  [CM disc -660]
  deg-1 place (mult 1): rational point (-1/2 : -1/2 : -1 : 1)  [CM disc -15]  <-- P itself
  deg-1 place (mult 1): rational point (1/2 : -1/2 : 1 : 0)  [CM disc -240]

--- fiber of pi over Q = (-1 : 1 : 1) through known point (-1 : -1 : -1 : 1) [CM disc -84], splits as degrees [ 1, 2 ] ---
  deg-1 place (mult 1): rational point (-1 : -1 : -1 : 1)  [CM disc -84]  <-- P itself
  deg-2 place (mult 1) over Number Field with defining polynomial x^2 + 4*x + 1 over the Rational Field:
      (K.1 : -K.1 - 1 : K.1 : 1)

--- fiber of pi over Q = (0 : 1 : 0) through known point (1 : 0 : 0 : 0) [cusp], splits as degrees [ 1, 2 ] ---
  deg-2 place (mult 1) over Number Field with defining polynomial x^2 - x + 2 over the Rational Field:
      (-1 : 1 : K.1 : 1)
  deg-1 place (mult 1): rational point (1 : 0 : 0 : 0)  [cusp]  <-- P itself

--- fiber of pi over Q = (1 : -3 : 1) through known point (3 : 2 : 1 : 1) [CM disc -1380], splits as degrees [ 1, 2 ] ---
  deg-1 place (mult 1): rational point (3 : 2 : 1 : 1)  [CM disc -1380]  <-- P itself
  deg-2 place (mult 1) over Number Field with defining polynomial x^2 - 8/7*x - 1 over the Rational Field:
      (-1 : 1/2*(-K.1 + 1) : K.1 : 1)

--- fiber of pi over Q = (-1/4 : -9/8 : 1) through known point (-1/3 : 1/3 : -2/3 : 1) [CM disc -420], splits as degrees [ 1, 2 ] ---
  deg-1 place (mult 1): rational point (-1/3 : 1/3 : -2/3 : 1)  [CM disc -420]  <-- P itself
  deg-2 place (mult 1) over Number Field with defining polynomial x^2 - 19/6*x - 1/6 over the Rational Field:
      (1/4*(-K.1 + 3) : 1/2*(-K.1 + 1) : K.1 : 1)

--- fiber of pi over Q = (-1 : 0 : 1) through known point (1/2 : -1/2 : 1 : 0) [CM disc -240], splits as degrees [ 1, 1, 1 ] ---
  deg-1 place (mult 1): rational point (1/3 : -1/3 : -1/3 : 1)  [CM disc -660]
  deg-1 place (mult 1): rational point (-1/2 : -1/2 : -1 : 1)  [CM disc -15]
  deg-1 place (mult 1): rational point (1/2 : -1/2 : 1 : 0)  [CM disc -240]  <-- P itself

--- fiber of pi over Q = (-1 : 0 : 1) through known point (1/3 : -1/3 : -1/3 : 1) [CM disc -660], splits as degrees [ 1, 1, 1 ] ---
  deg-1 place (mult 1): rational point (1/3 : -1/3 : -1/3 : 1)  [CM disc -660]  <-- P itself
  deg-1 place (mult 1): rational point (-1/2 : -1/2 : -1 : 1)  [CM disc -15]
  deg-1 place (mult 1): rational point (1/2 : -1/2 : 1 : 0)  [CM disc -240]
>>> PARTNER in the fiber over Q = (-1 : 0 : 1) (via known point (-1/2 : -1/2 : -1 : 1) [CM disc -15]):
>>>     (1/3 : -1/3 : -1/3 : 1)   —   CM disc -660
>>> PARTNER in the fiber over Q = (-1 : 0 : 1) (via known point (-1/2 : -1/2 : -1 : 1) [CM disc -15]):
>>>     (1/2 : -1/2 : 1 : 0)   —   CM disc -240
>>> PARTNER in the fiber over Q = (-1 : 0 : 1) (via known point (1/2 : -1/2 : 1 : 0) [CM disc -240]):
>>>     (1/3 : -1/3 : -1/3 : 1)   —   CM disc -660
rational-point-fiber status: 8 known point(s) checked

--- D = -56 (h = 4) ---
  CM point at tau = 0.449123 + 0.00656431*$.1  |-->  Q = (0 : 1 : 0)
  CM point at tau = -0.150877 + 0.00656431*$.1  |-->  Q = (0 : 1 : 0)
all disc--56 CM points map to the SAME rational point — as expected

--- fiber of pi over Q1 = (0 : 1 : 0) (image of the disc--56 CM points) ---
  deg-2 place (mult 1) over Number Field with defining polynomial x^2 - x + 2 over the Rational Field:
      (-1 : 1 : K.1 : 1)   <-- the two disc--56 CM points
  deg-1 place (mult 1): rational point (1 : 0 : 0 : 0)  [cusp]
>>> THIRD POINT in the fiber over Q = (0 : 1 : 0):
>>>     (1 : 0 : 0 : 0)   —   cusp
status: 1 rational fiber(s)

--- D = -260 (h = 8) ---
  CM point at tau = 0.412281 + 0.0141443*$.1  |-->  Q = (1 : -3 : 1)
  CM point at tau = 0.254386 + 0.0141443*$.1  |-->  Q = (1 : -3 : 1)
all disc--260 CM points map to the SAME rational point — as expected

--- fiber of pi over Q1 = (1 : -3 : 1) (image of the disc--260 CM points) ---
  deg-1 place (mult 1): rational point (3 : 2 : 1 : 1)  [CM disc -1380]
  deg-2 place (mult 1) over Number Field with defining polynomial x^2 - 8/7*x - 1 over the Rational Field:
      (-1 : 1/2*(-K.1 + 1) : K.1 : 1)   <-- the two disc--260 CM points
>>> THIRD POINT in the fiber over Q = (1 : -3 : 1):
>>>     (3 : 2 : 1 : 1)   —   CM disc -1380
status: 1 rational fiber(s)

--- D = -276 (h = 8) ---
  CM point at tau = 0.352632 + 0.0145730*$.1: image NOT recognized as rational: [ -0.7320508076 - 3.232029469E-119*$.1, -0.5358983849 + 1.978510563E-119*$.1, 1.000000000 ]
  CM point at tau = 0.247368 + 0.0145730*$.1: image NOT recognized as rational: [ 2.732050808 - 4.378457687E-118*$.1, -7.464101615 - 9.827658246E-119*$.1, 1.000000000 ]
status: images not rational (no rational fiber)

--- D = -360 (h = 2) ---
  CM point at tau = 0.315790 + 0.0166436*$.1: image NOT recognized as rational: [ -0.8989794856 + 5.193194948E-136*$.1, 1.146428199 - 9.464650958E-136*$.1, 1.000000000 ]
  CM point at tau = 0.240602 + 0.00237765*$.1: image NOT recognized as rational: [ 8.898979486 - 2.783071407E-17*$.1, -33.14642820 - 1.791710124E-16*$.1, 1.000000000 ]
status: images not rational (no rational fiber)

--- D = -456 (h = 8) ---
  CM point at tau = 0.200000 + 0.0187317*$.1: image NOT recognized as rational: [ -3.000000000 - 11.31370850*$.1, 37.00000000 + 22.62741700*$.1, 1.000000000 ]
  CM point at tau = -0.200000 + 0.0187317*$.1: image NOT recognized as rational: [ -3.000000000 + 11.31370850*$.1, 37.00000000 - 22.62741700*$.1, 1.000000000 ]
status: images not rational (no rational fiber)

--- D = -564 (h = 8) ---
  CM point at tau = 0.478947 + 0.0208322*$.1  |-->  Q = (-1 : 1 : 1)
  CM point at tau = 0.321053 + 0.0208322*$.1  |-->  Q = (-1 : 1 : 1)
all disc--564 CM points map to the SAME rational point — as expected

--- fiber of pi over Q1 = (-1 : 1 : 1) (image of the disc--564 CM points) ---
  deg-1 place (mult 1): rational point (-1 : -1 : -1 : 1)  [CM disc -84]
  deg-2 place (mult 1) over Number Field with defining polynomial x^2 + 4*x + 1 over the Rational Field:
      (K.1 : -K.1 - 1 : K.1 : 1)   <-- the two disc--564 CM points
>>> THIRD POINT in the fiber over Q = (-1 : 1 : 1):
>>>     (-1 : -1 : -1 : 1)   —   CM disc -84
status: 1 rational fiber(s)

--- D = -960 (h = 2) ---
  CM point at tau = 0.0526316 + 0.0271788*$.1: image NOT recognized as rational: [ 0.1074380165 - 0.7692612415*$.1, -1.308790383 + 0.9091269218*$.1, 1.000000000 ]
  CM point at tau = -0.0526316 + 0.0271788*$.1: image NOT recognized as rational: [ 0.1074380165 + 0.7692612415*$.1, -1.308790383 - 0.9091269218*$.1, 1.000000000 ]
status: images not rational (no rational fiber)

--- D = -1140 (h = 16) ---
  CM point at tau = 0.500000 + 0.0296175*$.1: image NOT recognized as rational: [ -0.5000000000 + 2.119875803E-397*$.1, 1.339724736 + 5.673669071E-397*$.1, 1.000000000 ]
  CM point at tau = 0.357143 + 0.00423107*$.1: image NOT recognized as rational: [ -0.5000000000 - 4.184701961E-32*$.1, -0.8397247359 + 2.051739425E-32*$.1, 1.000000000 ]
status: images not rational (no rational fiber)

--- D = -1560 (h = 16) ---
  CM point at tau = 0.105263 + 0.0346463*$.1: image NOT recognized as rational: [ -1.093750000 - 1.366093312*$.1, 2.523437500 + 0.3415233280*$.1, 1.000000000 ]
  CM point at tau = -0.105263 + 0.0346463*$.1: image NOT recognized as rational: [ -1.093750000 + 1.366093312*$.1, 2.523437500 - 0.3415233280*$.1, 1.000000000 ]
status: images not rational (no rational fiber)

--- D = -2280 (h = 16) ---
  CM point at tau = 0.0418854*$.1: image NOT recognized as rational: [ 1.762627564, -4.739429248, 1.000000000 ]
  CM point at tau = 0.428571 + 0.00598363*$.1: image NOT recognized as rational: [ 2.987372436 + 4.071306121E-45*$.1, -8.260570752 - 1.040488211E-45*$.1, 1.000000000 ]
status: images not rational (no rational fiber)

--- D = -2580 (h = 16) ---
  CM point at tau = 0.131579 + 0.0445559*$.1: image NOT recognized as rational: [ -3.000000000 - 2.236067978*$.1, 7.000000000 - 2.236067978*$.1, 1.000000000 ]
  CM point at tau = -0.131579 + 0.0445559*$.1: image NOT recognized as rational: [ -3.000000000 + 2.236067978*$.1, 7.000000000 + 2.236067978*$.1, 1.000000000 ]
status: images not rational (no rational fiber)

--- D = -3480 (h = 16) ---
  CM point at tau = 0.263158 + 0.0517470*$.1: image NOT recognized as rational: [ -1.000000000 - 2.449489743*$.1, 4.000000000 + 2.449489743*$.1, 1.000000000 ]
  CM point at tau = -0.263158 + 0.0517470*$.1: image NOT recognized as rational: [ -1.000000000 + 2.449489743*$.1, 4.000000000 - 2.449489743*$.1, 1.000000000 ]
status: images not rational (no rational fiber)

--- D = -4440 (h = 16) ---
  CM point at tau = 0.421052 + 0.0584503*$.1: image NOT recognized as rational: [ -0.1250000000 + 1.316956719*$.1, -0.4375000000 - 0.6584783596*$.1, 1.000000000 ]
  CM point at tau = -0.421052 + 0.0584503*$.1: image NOT recognized as rational: [ -0.1250000000 - 1.316956719*$.1, -0.4375000000 + 0.6584783596*$.1, 1.000000000 ]
status: images not rational (no rational fiber)

--- D = -6840 (h = 4) ---
  CM point at tau = 0.0725477*$.1: image NOT recognized as rational: [ 2.396257674, -6.464010746, 1.000000000 ]
  CM point at tau = 0.333333 + 0.0241825*$.1: image NOT recognized as rational: [ -1.090135225 + 5.313024268E-198*$.1, 0.4465180349 + 2.088310199E-197*$.1, 1.000000000 ]
status: images not rational (no rational fiber)

--- D = -14820 (h = 32) ---
  CM point at tau = 0.500000 + 0.106787*$.1: image NOT recognized as rational: [ 1.371530245 + 6.651651101E-200*$.1, 2.424605994 + 8.513247380E-200*$.1, 1.000000000 ]
  CM point at tau = 0.382353 + 0.00628160*$.1: image NOT recognized as rational: [ -0.9225506528 + 8.053435451E-50*$.1, -0.1972007460 - 6.901860634E-51*$.1, 1.000000000 ]
status: images not rational (no rational fiber)

--- D = -19380 (h = 32) ---
  CM point at tau = 0.500000 + 0.122116*$.1: image NOT recognized as rational: [ 2.000000000 + 8.054141392E-200*$.1, 3.358898944 + 1.352652351E-199*$.1, 1.000000000 ]
  CM point at tau = 0.423077 + 0.00939353*$.1: image NOT recognized as rational: [ 2.000000000 + 8.514563679E-75*$.1, -5.358898944 - 3.239629467E-75*$.1, 1.000000000 ]
status: images not rational (no rational fiber)

================ SWEEP SUMMARY for X_0(570)* -> X_0(190)* ================
  RATIONAL-POINT fiber |--> Q = (-1 : 0 : 1); RESIDUAL POINT (1/3 : -1/3 : -1/3 : 1) — CM disc -660  (partner of known point (-1/2 : -1/2 : -1 : 1) [CM disc -15])
  RATIONAL-POINT fiber |--> Q = (-1 : 0 : 1); RESIDUAL POINT (1/2 : -1/2 : 1 : 0) — CM disc -240  (partner of known point (-1/2 : -1/2 : -1 : 1) [CM disc -15])
  RATIONAL-POINT fiber |--> Q = (-1 : 0 : 1); RESIDUAL POINT (1/3 : -1/3 : -1/3 : 1) — CM disc -660  (partner of known point (1/2 : -1/2 : 1 : 0) [CM disc -240])
  D = -56: CM points |--> Q = (0 : 1 : 0); THIRD POINT (1 : 0 : 0 : 0) — cusp
  D = -260: CM points |--> Q = (1 : -3 : 1); THIRD POINT (3 : 2 : 1 : 1) — CM disc -1380
  D = -564: CM points |--> Q = (-1 : 1 : 1); THIRD POINT (-1 : -1 : -1 : 1) — CM disc -84

#################### N = 231, p = 2 ####################
N = 231, p = 2: E = 77a1 (conductor 77), delta* = 1, expected degree 3
[BuildTripleCover] building model of X_0(462)* (eval_prec = 400, cached if available)... [cache] loaded 3000-term star forms for level 462
done (65.680 s)
[cache] loaded triple-cover map for (N=231, p=2) -> 77a1
X_0(462)* = Curve over Rational Field defined by
z[1]^3*z[3] - z[1]^2*z[2]^2 + 2*z[1]^2*z[3]^2 - 7*z[1]*z[2]^2*z[3] - z[1]*z[2]*z[3]^2 - 6*z[1]*z[3]^3 + 4*z[2]^4 + 2*z[2]^3*z[3] + 7*z[2]^2*z[3]^2 + 2*z[2]*z[3]^3 + 3*z[3]^4
E = [ 0, 0, 1, 2, 0 ] (77a1)

===== SWEEP of CM discriminants for X_0(462)* -> X_0(231)* =====
found 6 small rational points on X_0(462)* (bound 100000)
found CM point at discriminant -24
found CM point at discriminant -84
found CM point at discriminant -132
found CM point at discriminant -420
found CM point at discriminant -1848

labelling the rational points:
  disc = -24 -> rats[4] -> (1 : 0 : 1) (CM)
  disc = -1848 -> rats[1] -> (51/11 : 24/11 : 1) (CM)
  disc = -420 -> rats[5] -> (1 : -1 : 1) (CM)
  disc = -132 -> rats[2] -> (-2 : 1 : 0) (CM)
  disc = -84 -> rats[3] -> (2 : 1 : 0) (CM)
  Cusp -> rats[6]
Labelled 6 CM+cusp, 0 exceptional

small rational points, their labels and images under pi:
  P1 = (51/11 : 24/11 : 1)  [CM disc -1848]  |-->  (188/289 : -9096/4913 : 1)
  P2 = (-2 : 1 : 0)  [CM disc -132]  |-->  (4 : 8 : 1)
  P3 = (2 : 1 : 0)  [CM disc -84]  |-->  (0 : 0 : 1)
  P4 = (1 : 0 : 1)  [CM disc -24]  |-->  (4 : 8 : 1)
  P5 = (1 : -1 : 1)  [CM disc -420]  |-->  (2 : 3 : 1)
  P6 = (1 : 0 : 0)  [cusp]  |-->  (0 : 1 : 0)

candidate discs (degree-2 CM points on X_0(462)*): [ -63, -68, -96, -252, -264, -308, -336, -528, -552, -600, -2100, -2772, -3108, -3192, -3828, -4452, -7392, -9240 ]

--- CUSP FIBER: fiber of pi over Q = (0 : 1 : 0) (contains the cusp), splits as degrees [ 1, 2 ] ---
  deg-2 place (mult 1) over Number Field with defining polynomial x^2 + 1 over the Rational Field:
      (0 : K.1 : 1)
  deg-1 place (mult 1): rational point (1 : 0 : 0)  [cusp]  <-- the cusp
cusp-fiber status: cusp fiber: degrees [ 1, 2 ]

--- fiber of pi over Q = (188/289 : -9096/4913 : 1) through known point (51/11 : 24/11 : 1) [CM disc -1848], splits as degrees [ 1, 2 ] ---
  deg-1 place (mult 1): rational point (51/11 : 24/11 : 1)  [CM disc -1848]  <-- P itself
  deg-2 place (mult 1) over Number Field with defining polynomial x^2 - 95/748*x + 825/544 over the Rational Field:
      (1/2465*(1318*K.1 - 1770) : K.1 : 1)

--- fiber of pi over Q = (4 : 8 : 1) through known point (-2 : 1 : 0) [CM disc -132], splits as degrees [ 1, 1 ] ---
  deg-1 place (mult 1): rational point (1 : 0 : 1)  [CM disc -24]
  deg-1 place (mult 2): rational point (-2 : 1 : 0)  [CM disc -132]  <-- P itself

--- fiber of pi over Q = (0 : 0 : 1) through known point (2 : 1 : 0) [CM disc -84], splits as degrees [ 1, 2 ] ---
  deg-2 place (mult 1) over Number Field with defining polynomial x^2 - 1/4*x + 1 over the Rational Field:
      (1/3*(2*K.1 - 1) : K.1 : 1)
  deg-1 place (mult 1): rational point (2 : 1 : 0)  [CM disc -84]  <-- P itself

--- fiber of pi over Q = (4 : 8 : 1) through known point (1 : 0 : 1) [CM disc -24], splits as degrees [ 1, 1 ] ---
  deg-1 place (mult 1): rational point (1 : 0 : 1)  [CM disc -24]  <-- P itself
  deg-1 place (mult 2): rational point (-2 : 1 : 0)  [CM disc -132]

--- fiber of pi over Q = (2 : 3 : 1) through known point (1 : -1 : 1) [CM disc -420], splits as degrees [ 1, 2 ] ---
  deg-2 place (mult 1) over Number Field with defining polynomial x^2 + 3*x - 3 over the Rational Field:
      (K.1 : 0 : 1)
  deg-1 place (mult 1): rational point (1 : -1 : 1)  [CM disc -420]  <-- P itself

--- fiber of pi over Q = (0 : 1 : 0) through known point (1 : 0 : 0) [cusp], splits as degrees [ 1, 2 ] ---
  deg-2 place (mult 1) over Number Field with defining polynomial x^2 + 1 over the Rational Field:
      (0 : K.1 : 1)
  deg-1 place (mult 1): rational point (1 : 0 : 0)  [cusp]  <-- P itself
>>> PARTNER in the fiber over Q = (4 : 8 : 1) (via known point (-2 : 1 : 0) [CM disc -132]):
>>>     (1 : 0 : 1)   —   CM disc -24
rational-point-fiber status: 6 known point(s) checked

--- D = -63 (h = 1) ---
  CM point at tau = 0.386364 + 0.00859010*$.1  |-->  Q = (2 : 3 : 1)
  CM point at tau = 0.113636 + 0.00859010*$.1  |-->  Q = (2 : 3 : 1)
all disc--63 CM points map to the SAME rational point — as expected

--- fiber of pi over Q1 = (2 : 3 : 1) (image of the disc--63 CM points) ---
  deg-2 place (mult 1) over Number Field with defining polynomial x^2 + 3*x - 3 over the Rational Field:
      (K.1 : 0 : 1)   <-- the two disc--63 CM points
  deg-1 place (mult 1): rational point (1 : -1 : 1)  [CM disc -420]
>>> THIRD POINT in the fiber over Q = (2 : 3 : 1):
>>>     (1 : -1 : 1)   —   CM disc -420
status: 1 rational fiber(s)

--- D = -68 (h = 4) ---
  CM point at tau = 0.443723 + 0.00892447*$.1  |-->  Q = (0 : 1 : 0)
  CM point at tau = 0.0800866 + 0.00892447*$.1  |-->  Q = (0 : 1 : 0)
all disc--68 CM points map to the SAME rational point — as expected

--- fiber of pi over Q1 = (0 : 1 : 0) (image of the disc--68 CM points) ---
  deg-2 place (mult 1) over Number Field with defining polynomial x^2 + 1 over the Rational Field:
      (0 : K.1 : 1)   <-- the two disc--68 CM points
  deg-1 place (mult 1): rational point (1 : 0 : 0)  [cusp]
>>> THIRD POINT in the fiber over Q = (0 : 1 : 0):
>>>     (1 : 0 : 0)   —   cusp
status: 1 rational fiber(s)

--- D = -96 (h = 2) ---
  CM point at tau = 0.207792 + 0.0106038*$.1: image NOT recognized as rational: [ 1.328869712E-86 - 1.414213562*$.1, 6.498501294E-85 + 1.759818206E-85*$.1, 1.000000000 ]
  CM point at tau = 0.0649351 + 0.0106038*$.1: image NOT recognized as rational: [ 1.800980351E-86 + 1.414213562*$.1, 3.740125347E-85 + 3.106863611E-85*$.1, 1.000000000 ]
status: images not rational (no rational fiber)

--- D = -252 (h = 1) ---
  CM point at tau = 0.227273 + 0.0171802*$.1: image NOT recognized as rational: [ 1.000000000 + 5.196152423*$.1, 5.000000000 - 10.39230485*$.1, 1.000000000 ]
  CM point at tau = -0.227273 + 0.0171802*$.1: image NOT recognized as rational: [ 1.000000000 - 5.196152423*$.1, 5.000000000 + 10.39230485*$.1, 1.000000000 ]
status: images not rational (no rational fiber)

--- D = -264 (h = 8) ---
  CM point at tau = 0.428571 + 0.0175845*$.1: image NOT recognized as rational: [ 16.00000000 - 2.828427125*$.1, 63.00000000 - 16.97056275*$.1, 1.000000000 ]
  CM point at tau = -0.428571 + 0.0175845*$.1: image NOT recognized as rational: [ 16.00000000 + 2.828427125*$.1, 63.00000000 + 16.97056275*$.1, 1.000000000 ]
status: images not rational (no rational fiber)

--- D = -308 (h = 8) ---
  CM point at tau = 0.166667 + 0.0189934*$.1  |-->  Q = (0 : 0 : 1)
  CM point at tau = -0.166667 + 0.0189934*$.1  |-->  Q = (0 : 0 : 1)
all disc--308 CM points map to the SAME rational point — as expected

--- fiber of pi over Q1 = (0 : 0 : 1) (image of the disc--308 CM points) ---
  deg-2 place (mult 1) over Number Field with defining polynomial x^2 - 1/4*x + 1 over the Rational Field:
      (1/3*(2*K.1 - 1) : K.1 : 1)   <-- the two disc--308 CM points
  deg-1 place (mult 1): rational point (2 : 1 : 0)  [CM disc -84]
>>> THIRD POINT in the fiber over Q = (0 : 0 : 1):
>>>     (2 : 1 : 0)   —   CM disc -84
status: 1 rational fiber(s)

--- D = -336 (h = 4) ---
  CM point at tau = 0.0909091 + 0.0198380*$.1: image NOT recognized as rational: [ 1.000000000 - 5.196152423*$.1, -6.000000000 - 10.39230485*$.1, 1.000000000 ]
  CM point at tau = -0.0909091 + 0.0198380*$.1: image NOT recognized as rational: [ 1.000000000 + 5.196152423*$.1, -6.000000000 + 10.39230485*$.1, 1.000000000 ]
status: images not rational (no rational fiber)

--- D = -528 (h = 4) ---
  CM point at tau = 0.285714 + 0.0248682*$.1: image NOT recognized as rational: [ 0.7200000000 + 0.5306599665*$.1, 0.8640000000 + 0.6367919598*$.1, 1.000000000 ]
  CM point at tau = -0.285714 + 0.0248682*$.1: image NOT recognized as rational: [ 0.7200000000 - 0.5306599665*$.1, 0.8640000000 - 0.6367919598*$.1, 1.000000000 ]
status: images not rational (no rational fiber)

--- D = -552 (h = 8) ---
  CM point at tau = 0.324676 + 0.0254271*$.1: image NOT recognized as rational: [ 2.453734666 - 4.689035315E-200*$.1, 3.964409132 - 1.477801206E-199*$.1, 1.000000000 ]
  CM point at tau = 0.0389611 + 0.0254271*$.1: image NOT recognized as rational: [ -0.09373466625 - 5.550215871E-201*$.1, -0.7484091325 - 4.167217304E-200*$.1, 1.000000000 ]
status: images not rational (no rational fiber)

--- D = -600 (h = 2) ---
  CM point at tau = 0.480519 + 0.0265096*$.1: image NOT recognized as rational: [ 9.662277660 + 4.252199311E-199*$.1, 29.85854123 + 2.665110959E-198*$.1, 1.000000000 ]
  CM point at tau = 0.337662 + 0.0265096*$.1: image NOT recognized as rational: [ 3.337722340 + 6.058622843E-201*$.1, 6.141458774 - 1.368663577E-199*$.1, 1.000000000 ]
status: images not rational (no rational fiber)

--- D = -2100 (h = 4) ---
  CM point at tau = 0.227273 + 0.0495950*$.1: image NOT recognized as rational: [ 1.059350350E-198 + 1.118033989*$.1, -1.250000000 - 0.5590169944*$.1, 1.000000000 ]
  CM point at tau = -0.227273 + 0.0495950*$.1: image NOT recognized as rational: [ 1.059350350E-198 - 1.118033989*$.1, -1.250000000 + 0.5590169944*$.1, 1.000000000 ]
status: images not rational (no rational fiber)

--- D = -2772 (h = 8) ---
  CM point at tau = 0.500000 + 0.0569803*$.1: image NOT recognized as rational: [ 10.97493719 + 5.262345920E-200*$.1, 36.16228015 + 2.607668539E-199*$.1, 1.000000000 ]
  CM point at tau = 0.0384616 + 0.00438310*$.1: image NOT recognized as rational: [ 1.025062814 - 1.608649852E-35*$.1, 1.337719851 - 1.672206452E-35*$.1, 1.000000000 ]
status: images not rational (no rational fiber)

--- D = -3108 (h = 16) ---
  CM point at tau = 0.409091 + 0.0603349*$.1: image NOT recognized as rational: [ 8.680000000 + 0.4214261501*$.1, 25.39200000 + 1.854275060*$.1, 1.000000000 ]
  CM point at tau = -0.409091 + 0.0603349*$.1: image NOT recognized as rational: [ 8.680000000 - 0.4214261501*$.1, 25.39200000 - 1.854275060*$.1, 1.000000000 ]
status: images not rational (no rational fiber)

--- D = -3192 (h = 16) ---
  CM point at tau = 0.181818 + 0.0611448*$.1: image NOT recognized as rational: [ -0.5000000000 - 2.895489891E-199*$.1, -0.5000000000 - 0.9354143467*$.1, 1.000000000 ]
  CM point at tau = -0.181818 + 0.0611448*$.1: image NOT recognized as rational: [ -0.5000000000 + 2.895489891E-199*$.1, -0.5000000000 + 0.9354143467*$.1, 1.000000000 ]
status: images not rational (no rational fiber)

--- D = -3828 (h = 16) ---
  CM point at tau = 0.357143 + 0.0669597*$.1: image NOT recognized as rational: [ 4.750000000 + 2.019436803*$.1, 9.593750000 + 6.563169609*$.1, 1.000000000 ]
  CM point at tau = -0.357143 + 0.0669597*$.1: image NOT recognized as rational: [ 4.750000000 - 2.019436803*$.1, 9.593750000 - 6.563169609*$.1, 1.000000000 ]
status: images not rational (no rational fiber)

--- D = -4452 (h = 16) ---
  CM point at tau = 0.136364 + 0.0722114*$.1: image NOT recognized as rational: [ -0.3200000000 - 1.008761617*$.1, 0.4920000000 - 0.6556950511*$.1, 1.000000000 ]
  CM point at tau = -0.136364 + 0.0722114*$.1: image NOT recognized as rational: [ -0.3200000000 + 1.008761617*$.1, 0.4920000000 + 0.6556950511*$.1, 1.000000000 ]
status: images not rational (no rational fiber)

--- D = -7392 (h = 8) ---
  CM point at tau = 0.0930485*$.1: image NOT recognized as rational: [ 1.309584240, -2.761663039, 1.000000000 ]
  CM point at tau = 0.500000 + 0.0465242*$.1: image NOT recognized as rational: [ 10.69041576 + 4.309422295E-200*$.1, 34.76166304 + 2.107282466E-199*$.1, 1.000000000 ]
status: images not rational (no rational fiber)

--- D = -9240 (h = 32) ---
  CM point at tau = 0.104031*$.1: image NOT recognized as rational: [ 1.600000000, -3.246998362, 1.000000000 ]
  CM point at tau = 0.307693 + 0.00800240*$.1: image NOT recognized as rational: [ 1.600000000 - 3.174957121E-64*$.1, 2.246998362 - 3.674379930E-64*$.1, 1.000000000 ]
status: images not rational (no rational fiber)

================ SWEEP SUMMARY for X_0(462)* -> X_0(231)* ================
  RATIONAL-POINT fiber |--> Q = (4 : 8 : 1); RESIDUAL POINT (1 : 0 : 1) — CM disc -24  (partner of known point (-2 : 1 : 0) [CM disc -132])
  D = -63: CM points |--> Q = (2 : 3 : 1); THIRD POINT (1 : -1 : 1) — CM disc -420
  D = -68: CM points |--> Q = (0 : 1 : 0); THIRD POINT (1 : 0 : 0) — cusp
  D = -308: CM points |--> Q = (0 : 0 : 1); THIRD POINT (2 : 1 : 0) — CM disc -84

#################### N = 57, p = 5 ####################
N = 57, p = 5: E = 57a1 (conductor 57), delta* = 1, expected degree 3
[BuildTripleCover] building model of X_0(285)* (eval_prec = 400, cached if available)... [cache] loaded 3000-term star forms for level 285
done (16.090 s)
[cache] loaded triple-cover map for (N=57, p=5) -> 57a1
X_0(285)* = Hyperelliptic Curve defined by y^2 = 1/4*x^6 + 1/2*x^4 - 2*x^3 - 7/4*x^2 - 3*x over Rational Field
E = [ 0, -1, 1, -2, 2 ] (57a1)

===== SWEEP of CM discriminants for X_0(285)* -> X_0(57)* =====
found 9 small rational points on X_0(285)* (bound 100000)
found CM point at discriminant -51
found CM point at discriminant -15
found CM point at discriminant -60
found CM point at discriminant -75
found CM point at discriminant -240
found CM point at discriminant -1995

labelling the rational points:
  disc = -60 -> rats[4], (-1 : 2 : 1) (CM hyperelliptic, elliptic order 2)
  disc = -240 -> rats[7], (3 : 12 : 1), (CM hyperelliptic)
  disc = -75 -> rats[5], (0 : 0 : 1), (CM hyperelliptic)
  disc = -51 -> rats[2], (1 : 1/2 : 0) (CM hyperelliptic, WPS infinity)
  disc = -15 -> rats[3], (-1 : -2 : 1) (CM hyperelliptic, elliptic order 2)
  disc = -1995 -> rats[9], (-3/2 : 57/16 : 1), (CM hyperelliptic)
  Cusp -> rats[1] (1 : -1/2 : 0)
Labelled 7 CM+cusp, 2 exceptional
  exceptional: rats[6] = (3 : -12 : 1)
  exceptional: rats[8] = (-3/2 : -57/16 : 1)
Involution pairs found: 2
  rats[6] = (3 : -12 : 1) is hyperelliptic involution of rats[7] (CM disc { -240 })
  rats[8] = (-3/2 : -57/16 : 1) is hyperelliptic involution of rats[9] (CM disc { -1995 })
All exceptional points explained: true

small rational points, their labels and images under pi:
  P1 = (1 : -1/2 : 0)  [cusp]  |-->  (0 : 1 : 0)
  P2 = (1 : 1/2 : 0)  [CM disc -51]  |-->  (4 : -7 : 1)
  P3 = (-1 : -2 : 1)  [CM disc -15]  |-->  (1 : -1 : 1)
  P4 = (-1 : 2 : 1)  [CM disc -60]  |-->  (13/9 : 1/27 : 1)
  P5 = (0 : 0 : 1)  [CM disc -75]  |-->  (-1 : 1 : 1)
  P6 = (3 : -12 : 1)  [NOT CM (exceptional)]  |-->  (995/49 : -30701/343 : 1)
  P7 = (3 : 12 : 1)  [CM disc -240]  |-->  (11 : -35 : 1)
  P8 = (-3/2 : -57/16 : 1)  [NOT CM (exceptional)]  |-->  (5/4 : -7/8 : 1)
  P9 = (-3/2 : 57/16 : 1)  [CM disc -1995]  |-->  (2 : 1 : 1)

candidate discs (degree-2 CM points on X_0(285)*): [ -84, -155, -171, -219, -420, -456, -660, -915, -960, -1155, -1380, -2280, -2451, -8835 ]

--- CUSP FIBER: fiber of pi over Q = (0 : 1 : 0) (contains the cusp), splits as degrees [ 1, 2 ] ---
  deg-2 place (mult 1) over Number Field with defining polynomial x^2 - x + 1 over the Rational Field:
      (K.1 : 1/2*(3*K.1 - 5) : 1)
  deg-1 place (mult 1): rational point (1 : -1/2 : 0)  [cusp]  <-- the cusp
cusp-fiber status: cusp fiber: degrees [ 1, 2 ]

--- fiber of pi over Q = (0 : 1 : 0) through known point (1 : -1/2 : 0) [cusp], splits as degrees [ 1, 2 ] ---
  deg-2 place (mult 1) over Number Field with defining polynomial x^2 - x + 1 over the Rational Field:
      (K.1 : 1/2*(3*K.1 - 5) : 1)
  deg-1 place (mult 1): rational point (1 : -1/2 : 0)  [cusp]  <-- P itself

--- fiber of pi over Q = (4 : -7 : 1) through known point (1 : 1/2 : 0) [CM disc -51], splits as degrees [ 1, 2 ] ---
  deg-2 place (mult 1) over Number Field with defining polynomial x^2 - x + 1 over the Rational Field:
      (K.1 : 1/2*(-3*K.1 + 5) : 1)
  deg-1 place (mult 1): rational point (1 : 1/2 : 0)  [CM disc -51]  <-- P itself

--- fiber of pi over Q = (1 : -1 : 1) through known point (-1 : -2 : 1) [CM disc -15], splits as degrees [ 1, 2 ] ---
  deg-1 place (mult 1): rational point (-1 : -2 : 1)  [CM disc -15]  <-- P itself
  deg-2 place (mult 1) over Number Field with defining polynomial x^2 + 4/3*x + 4/3 over the Rational Field:
      (K.1 : 1/9*(-7*K.1 - 1) : 1)

--- fiber of pi over Q = (13/9 : 1/27 : 1) through known point (-1 : 2 : 1) [CM disc -60], splits as degrees [ 1, 2 ] ---
  deg-1 place (mult 1): rational point (-1 : 2 : 1)  [CM disc -60]  <-- P itself
  deg-2 place (mult 1) over Number Field with defining polynomial x^2 + 4/3*x + 4/3 over the Rational Field:
      (K.1 : 1/9*(7*K.1 + 1) : 1)

--- fiber of pi over Q = (-1 : 1 : 1) through known point (0 : 0 : 1) [CM disc -75], splits as degrees [ 1, 2 ] ---
  deg-1 place (mult 1): rational point (0 : 0 : 1)  [CM disc -75]  <-- P itself
  deg-2 place (mult 1) over Number Field with defining polynomial x^2 + x + 4 over the Rational Field:
      (K.1 : 0 : 1)

--- fiber of pi over Q = (995/49 : -30701/343 : 1) through known point (3 : -12 : 1) [NOT CM (exceptional)], splits as degrees [ 1, 2 ] ---
  deg-1 place (mult 1): rational point (3 : -12 : 1)  [NOT CM (exceptional)]  <-- P itself
  deg-2 place (mult 1) over Number Field with defining polynomial x^2 - 20/7*x + 16/7 over the Rational Field:
      (K.1 : 1/49*(346*K.1 - 526) : 1)

--- fiber of pi over Q = (11 : -35 : 1) through known point (3 : 12 : 1) [CM disc -240], splits as degrees [ 1, 2 ] ---
  deg-1 place (mult 1): rational point (3 : 12 : 1)  [CM disc -240]  <-- P itself
  deg-2 place (mult 1) over Number Field with defining polynomial x^2 - 20/7*x + 16/7 over the Rational Field:
      (K.1 : 1/49*(-346*K.1 + 526) : 1)

--- fiber of pi over Q = (5/4 : -7/8 : 1) through known point (-3/2 : -57/16 : 1) [NOT CM (exceptional)], splits as degrees [ 1, 2 ] ---
  deg-1 place (mult 1): rational point (-3/2 : -57/16 : 1)  [NOT CM (exceptional)]  <-- P itself
  deg-2 place (mult 1) over Number Field with defining polynomial x^2 + x + 1 over the Rational Field:
      (K.1 : 1/2*(-K.1 + 1) : 1)

--- fiber of pi over Q = (2 : 1 : 1) through known point (-3/2 : 57/16 : 1) [CM disc -1995], splits as degrees [ 1, 2 ] ---
  deg-1 place (mult 1): rational point (-3/2 : 57/16 : 1)  [CM disc -1995]  <-- P itself
  deg-2 place (mult 1) over Number Field with defining polynomial x^2 + x + 1 over the Rational Field:
      (K.1 : 1/2*(K.1 - 1) : 1)
rational-point-fiber status: 9 known point(s) checked

--- D = -84 (h = 4) ---
  CM point at tau = 0.378947 + 0.0160792*$.1  |-->  Q = (2 : 1 : 1)
  CM point at tau = -0.221053 + 0.0160792*$.1  |-->  Q = (2 : 1 : 1)
all disc--84 CM points map to the SAME rational point — as expected

--- fiber of pi over Q1 = (2 : 1 : 1) (image of the disc--84 CM points) ---
  deg-1 place (mult 1): rational point (-3/2 : 57/16 : 1)  [CM disc -1995]
  deg-2 place (mult 1) over Number Field with defining polynomial x^2 + x + 1 over the Rational Field:
      (K.1 : 1/2*(K.1 - 1) : 1)   <-- the two disc--84 CM points
>>> THIRD POINT in the fiber over Q = (2 : 1 : 1):
>>>     (-3/2 : 57/16 : 1)   —   CM disc -1995
status: 1 rational fiber(s)

--- D = -155 (h = 4) ---
  CM point at tau = 0.359649 + 0.0218419*$.1: image NOT recognized as rational: [ -1.500000000 - 2.783882181*$.1, -7.000000000 + 3.445560792E-175*$.1, 1.000000000 ]
  CM point at tau = -0.307017 + 0.0218419*$.1: image NOT recognized as rational: [ -1.500000000 + 2.783882181*$.1, -7.000000000 + 2.555016347E-175*$.1, 1.000000000 ]
status: images not rational (no rational fiber)

--- D = -171 (h = 1) ---
  CM point at tau = 0.100000 + 0.0229416*$.1  |-->  Q = (0 : 1 : 0)
  CM point at tau = -0.100000 + 0.0229416*$.1  |-->  Q = (0 : 1 : 0)
all disc--171 CM points map to the SAME rational point — as expected

--- fiber of pi over Q1 = (0 : 1 : 0) (image of the disc--171 CM points) ---
  deg-2 place (mult 1) over Number Field with defining polynomial x^2 - x + 1 over the Rational Field:
      (K.1 : 1/2*(3*K.1 - 5) : 1)   <-- the two disc--171 CM points
  deg-1 place (mult 1): rational point (1 : -1/2 : 0)  [cusp]
>>> THIRD POINT in the fiber over Q = (0 : 1 : 0):
>>>     (1 : -1/2 : 0)   —   cusp
status: 1 rational fiber(s)

--- D = -219 (h = 4) ---
  CM point at tau = 0.405263 + 0.0259625*$.1  |-->  Q = (5/4 : -7/8 : 1)
  CM point at tau = -0.194737 + 0.0259625*$.1  |-->  Q = (5/4 : -7/8 : 1)
all disc--219 CM points map to the SAME rational point — as expected

--- fiber of pi over Q1 = (5/4 : -7/8 : 1) (image of the disc--219 CM points) ---
  deg-1 place (mult 1): rational point (-3/2 : -57/16 : 1)  [NOT CM (exceptional)]
  deg-2 place (mult 1) over Number Field with defining polynomial x^2 + x + 1 over the Rational Field:
      (K.1 : 1/2*(-K.1 + 1) : 1)   <-- the two disc--219 CM points
>>> THIRD POINT in the fiber over Q = (5/4 : -7/8 : 1):
>>>     (-3/2 : -57/16 : 1)   —   NOT CM (exceptional)
status: 1 rational fiber(s)

--- D = -420 (h = 8) ---
  CM point at tau = 0.210526 + 0.0359542*$.1: image NOT recognized as rational: [ 1.222222222 - 0.2484519975*$.1, -0.4814814815 + 0.1656346650*$.1, 1.000000000 ]
  CM point at tau = -0.210526 + 0.0359542*$.1: image NOT recognized as rational: [ 1.222222222 + 0.2484519975*$.1, -0.4814814815 - 0.1656346650*$.1, 1.000000000 ]
status: images not rational (no rational fiber)

--- D = -456 (h = 8) ---
  CM point at tau = 0.400000 + 0.0374634*$.1  |-->  Q = (1 : -1 : 1)
  CM point at tau = -0.400000 + 0.0374634*$.1  |-->  Q = (1 : -1 : 1)
all disc--456 CM points map to the SAME rational point — as expected

--- fiber of pi over Q1 = (1 : -1 : 1) (image of the disc--456 CM points) ---
  deg-1 place (mult 1): rational point (-1 : -2 : 1)  [CM disc -15]
  deg-2 place (mult 1) over Number Field with defining polynomial x^2 + 4/3*x + 4/3 over the Rational Field:
      (K.1 : 1/9*(-7*K.1 - 1) : 1)   <-- the two disc--456 CM points
>>> THIRD POINT in the fiber over Q = (1 : -1 : 1):
>>>     (-1 : -2 : 1)   —   CM disc -15
status: 1 rational fiber(s)

--- D = -660 (h = 8) ---
  CM point at tau = 0.315790 + 0.0450710*$.1: image NOT recognized as rational: [ -1.444444444 - 0.3685138656*$.1, -1.814814815 + 0.9827036416*$.1, 1.000000000 ]
  CM point at tau = -0.315790 + 0.0450710*$.1: image NOT recognized as rational: [ -1.444444444 + 0.3685138656*$.1, -1.814814815 - 0.9827036416*$.1, 1.000000000 ]
status: images not rational (no rational fiber)

--- D = -915 (h = 8) ---
  CM point at tau = 0.0263158 + 0.0530683*$.1: image NOT recognized as rational: [ 14.70896847 - 2.449021059E-200*$.1, -54.71087386 + 1.472130802E-199*$.1, 1.000000000 ]
  CM point at tau = 0.432331 + 0.00758120*$.1: image NOT recognized as rational: [ 1.041031534 - 1.539250048E-59*$.1, -0.03912613433 - 3.255515378E-59*$.1, 1.000000000 ]
status: images not rational (no rational fiber)

--- D = -960 (h = 2) ---
  CM point at tau = 0.105263 + 0.0543576*$.1: image NOT recognized as rational: [ 11.00000000 + 7.348469228*$.1, -29.00000000 - 36.74234614*$.1, 1.000000000 ]
  CM point at tau = -0.105263 + 0.0543576*$.1: image NOT recognized as rational: [ 11.00000000 - 7.348469228*$.1, -29.00000000 + 36.74234614*$.1, 1.000000000 ]
status: images not rational (no rational fiber)

--- D = -1155 (h = 8) ---
  CM point at tau = 0.236842 + 0.0596233*$.1: image NOT recognized as rational: [ 0.3750000000 - 0.4145780988*$.1, 0.7500000000 + 0.4145780988*$.1, 1.000000000 ]
  CM point at tau = -0.236842 + 0.0596233*$.1: image NOT recognized as rational: [ 0.3750000000 + 0.4145780988*$.1, 0.7500000000 - 0.4145780988*$.1, 1.000000000 ]
status: images not rational (no rational fiber)

--- D = -1380 (h = 8) ---
  CM point at tau = 0.0526316 + 0.0651726*$.1: image NOT recognized as rational: [ 14.55555556 - 0.4969039950*$.1, -53.81481481 + 2.815789305*$.1, 1.000000000 ]
  CM point at tau = -0.0526316 + 0.0651726*$.1: image NOT recognized as rational: [ 14.55555556 + 0.4969039950*$.1, -53.81481481 - 2.815789305*$.1, 1.000000000 ]
status: images not rational (no rational fiber)

--- D = -2280 (h = 16) ---
  CM point at tau = 0.0837708*$.1: image NOT recognized as rational: [ 15.34846923, -58.39387691, 1.000000000 ]
  CM point at tau = 0.142857 + 0.0119673*$.1: image NOT recognized as rational: [ 0.6515307716 - 1.746212949E-95*$.1, 0.3938769134 - 2.983695611E-95*$.1, 1.000000000 ]
status: images not rational (no rational fiber)

--- D = -2451 (h = 8) ---
  CM point at tau = 0.100000 + 0.0868554*$.1  |-->  Q = (11 : -35 : 1)
  CM point at tau = -0.100000 + 0.0868554*$.1  |-->  Q = (11 : -35 : 1)
all disc--2451 CM points map to the SAME rational point — as expected

--- fiber of pi over Q1 = (11 : -35 : 1) (image of the disc--2451 CM points) ---
  deg-1 place (mult 1): rational point (3 : 12 : 1)  [CM disc -240]
  deg-2 place (mult 1) over Number Field with defining polynomial x^2 - 20/7*x + 16/7 over the Rational Field:
      (K.1 : 1/49*(-346*K.1 + 526) : 1)   <-- the two disc--2451 CM points
>>> THIRD POINT in the fiber over Q = (11 : -35 : 1):
>>>     (3 : 12 : 1)   —   CM disc -240
status: 1 rational fiber(s)

--- D = -8835 (h = 16) ---
  CM point at tau = 0.500000 + 0.164903*$.1: image NOT recognized as rational: [ 5.168813578 + 1.218050731E-199*$.1, 9.663121498 + 4.063652602E-199*$.1, 1.000000000 ]
  CM point at tau = 0.136364 + 0.0149912*$.1: image NOT recognized as rational: [ -0.2243691332 + 1.740373593E-119*$.1, 1.123915539 + 2.004749216E-119*$.1, 1.000000000 ]
status: images not rational (no rational fiber)

================ SWEEP SUMMARY for X_0(285)* -> X_0(57)* ================
  D = -84: CM points |--> Q = (2 : 1 : 1); THIRD POINT (-3/2 : 57/16 : 1) — CM disc -1995
  D = -171: CM points |--> Q = (0 : 1 : 0); THIRD POINT (1 : -1/2 : 0) — cusp
  D = -219: CM points |--> Q = (5/4 : -7/8 : 1); THIRD POINT (-3/2 : -57/16 : 1) — NOT CM (exceptional)
  D = -456: CM points |--> Q = (1 : -1 : 1); THIRD POINT (-1 : -2 : 1) — CM disc -15
  D = -2451: CM points |--> Q = (11 : -35 : 1); THIRD POINT (3 : 12 : 1) — CM disc -240

#################### N = 155, p = 2 ####################
N = 155, p = 2: E = 155c1 (conductor 155), delta* = 1, expected degree 3
[BuildTripleCover] building model of X_0(310)* (eval_prec = 400, cached if available)... [cache] loaded 3000-term star forms for level 310
done (1.510 s)
[cache] loaded triple-cover map for (N=155, p=2) -> 155c1
X_0(310)* = Curve over Rational Field defined by
z[1]^3*z[3] - z[1]^2*z[2]^2 - z[1]^2*z[3]^2 - z[1]*z[2]^2*z[3] - z[1]*z[2]*z[3]^2 - z[1]*z[3]^3 + 2*z[2]^3*z[3] + z[2]^2*z[3]^2 + 3*z[2]*z[3]^3
E = [ 0, -1, 1, -1, 1 ] (155c1)

===== SWEEP of CM discriminants for X_0(310)* -> X_0(155)* =====
found 8 small rational points on X_0(310)* (bound 100000)
found CM point at discriminant -15
found CM point at discriminant -60
found CM point at discriminant -24
found CM point at discriminant -340
found CM point at discriminant -520
found CM point at discriminant -120

labelling the rational points:
  disc = -60 -> rats[8] -> (0 : 0 : 1) (CM)
  disc = -24 -> rats[5] -> (0 : 1 : 0) (CM)
  disc = -120 -> rats[4] -> (1 : 1/2 : 1) (CM)
  disc = -340 -> rats[7] -> (2 : 1 : 1) (CM)
  disc = -15 -> rats[1] -> (2 : 2 : 1) (CM)
  disc = -520 -> rats[2] -> (2 : -1/2 : 1) (CM)
  Cusp -> rats[3]
Labelled 7 CM+cusp, 1 exceptional
  exceptional: rats[6] = (6 : -2 : 1)
Computing degree 2 CM points
Done.
Planes found: 7 (0 with algebraic CM match)
  exc=rats[6]: z[1] + z[2] - 4*z[3]=0  comps=[ 1, 1, 2 ]  CM={ -15 }  matched=false
    exact rational points on plane: [ (2 : 2 : 1), (6 : -2 : 1) ]
  exc=rats[6]: 3*z[1] + 8*z[2] - 2*z[3]=0  comps=[ 1, 1, 2 ]  CM={ -520 }  matched=false
    exact rational points on plane: [ (2 : -1/2 : 1), (6 : -2 : 1) ]
  exc=rats[6]: z[2] + 2*z[3]=0  comps=[ 1, 1, 2 ]  CM={ cusp }  matched=false
    exact rational points on plane: [ (1 : 0 : 0), (6 : -2 : 1) ]
  exc=rats[6]: z[1] + 3*z[2]=0  comps=[ 1, 1, 2 ]  CM={ -60 }  matched=false
    exact rational points on plane: [ (6 : -2 : 1), (0 : 0 : 1) ]
  exc=rats[6]: z[1] + 2*z[2] - 2*z[3]=0  comps=[ 1, 1, 2 ]  CM={ -120 }  matched=false
    exact rational points on plane: [ (1 : 1/2 : 1), (6 : -2 : 1) ]
  exc=rats[6]: 3*z[1] + 4*z[2] - 10*z[3]=0  comps=[ 1, 1, 2 ]  CM={ -340 }  matched=false
    exact rational points on plane: [ (6 : -2 : 1), (2 : 1 : 1) ]
  exc=rats[6]: z[1] - 6*z[3]=0  comps=[ 1, 1, 2 ]  CM={ -24 }  matched=false
    exact rational points on plane: [ (0 : 1 : 0), (6 : -2 : 1) ]
All exceptional points geometrically covered: true
All exceptional points CM-confirmed: false

small rational points, their labels and images under pi:
  P1 = (2 : 2 : 1)  [CM disc -15]  |-->  (-1 : 0 : 1)
  P2 = (2 : -1/2 : 1)  [CM disc -520]  |-->  (19 : 80 : 1)
  P3 = (1 : 0 : 0)  [cusp]  |-->  (0 : 1 : 0)
  P4 = (1 : 1/2 : 1)  [CM disc -120]  |-->  (1 : 0 : 1)
  P5 = (0 : 1 : 0)  [CM disc -24]  |-->  (1 : 0 : 1)
  P6 = (6 : -2 : 1)  [NOT CM (exceptional)]  |-->  (19 : 80 : 1)
  P7 = (2 : 1 : 1)  [CM disc -340]  |-->  (1 : -1 : 1)
  P8 = (0 : 0 : 1)  [CM disc -60]  |-->  (1 : 0 : 1)

candidate discs (degree-2 CM points on X_0(310)*): [ -55, -84, -136, -184, -220, -240, -260, -420, -580, -840, -1060, -1240, -1540, -1780, -1860, -6820, -8680 ]

--- CUSP FIBER: fiber of pi over Q = (0 : 1 : 0) (contains the cusp), splits as degrees [ 1, 2 ] ---
  deg-2 place (mult 1) over Number Field with defining polynomial x^2 + 1 over the Rational Field:
      (1 : K.1 : 1)
  deg-1 place (mult 1): rational point (1 : 0 : 0)  [cusp]  <-- the cusp
cusp-fiber status: cusp fiber: degrees [ 1, 2 ]

--- fiber of pi over Q = (-1 : 0 : 1) through known point (2 : 2 : 1) [CM disc -15], splits as degrees [ 1, 2 ] ---
  deg-1 place (mult 1): rational point (2 : 2 : 1)  [CM disc -15]  <-- P itself
  deg-2 place (mult 1) over Number Field with defining polynomial x^2 + 9/4 over the Rational Field:
      (1/3*(2*K.1 - 3) : K.1 : 1)

--- fiber of pi over Q = (19 : 80 : 1) through known point (2 : -1/2 : 1) [CM disc -520], splits as degrees [ 1, 1 ] ---
  deg-1 place (mult 2): rational point (2 : -1/2 : 1)  [CM disc -520]  <-- P itself
  deg-1 place (mult 1): rational point (6 : -2 : 1)  [NOT CM (exceptional)]

--- fiber of pi over Q = (0 : 1 : 0) through known point (1 : 0 : 0) [cusp], splits as degrees [ 1, 2 ] ---
  deg-2 place (mult 1) over Number Field with defining polynomial x^2 + 1 over the Rational Field:
      (1 : K.1 : 1)
  deg-1 place (mult 1): rational point (1 : 0 : 0)  [cusp]  <-- P itself

--- fiber of pi over Q = (1 : 0 : 1) through known point (1 : 1/2 : 1) [CM disc -120], splits as degrees [ 1, 1, 1 ] ---
  deg-1 place (mult 1): rational point (1 : 1/2 : 1)  [CM disc -120]  <-- P itself
  deg-1 place (mult 1): rational point (0 : 0 : 1)  [CM disc -60]
  deg-1 place (mult 1): rational point (0 : 1 : 0)  [CM disc -24]

--- fiber of pi over Q = (1 : 0 : 1) through known point (0 : 1 : 0) [CM disc -24], splits as degrees [ 1, 1, 1 ] ---
  deg-1 place (mult 1): rational point (1 : 1/2 : 1)  [CM disc -120]
  deg-1 place (mult 1): rational point (0 : 0 : 1)  [CM disc -60]
  deg-1 place (mult 1): rational point (0 : 1 : 0)  [CM disc -24]  <-- P itself

--- fiber of pi over Q = (19 : 80 : 1) through known point (6 : -2 : 1) [NOT CM (exceptional)], splits as degrees [ 1, 1 ] ---
  deg-1 place (mult 2): rational point (2 : -1/2 : 1)  [CM disc -520]
  deg-1 place (mult 1): rational point (6 : -2 : 1)  [NOT CM (exceptional)]  <-- P itself

--- fiber of pi over Q = (1 : -1 : 1) through known point (2 : 1 : 1) [CM disc -340], splits as degrees [ 1, 2 ] ---
  deg-1 place (mult 1): rational point (2 : 1 : 1)  [CM disc -340]  <-- P itself
  deg-2 place (mult 1) over Number Field with defining polynomial x^2 + x + 3 over the Rational Field:
      (K.1 : -2 : 1)

--- fiber of pi over Q = (1 : 0 : 1) through known point (0 : 0 : 1) [CM disc -60], splits as degrees [ 1, 1, 1 ] ---
  deg-1 place (mult 1): rational point (1 : 1/2 : 1)  [CM disc -120]
  deg-1 place (mult 1): rational point (0 : 0 : 1)  [CM disc -60]  <-- P itself
  deg-1 place (mult 1): rational point (0 : 1 : 0)  [CM disc -24]
>>> PARTNER in the fiber over Q = (19 : 80 : 1) (via known point (2 : -1/2 : 1) [CM disc -520]):
>>>     (6 : -2 : 1)   —   NOT CM (exceptional)
>>> PARTNER in the fiber over Q = (1 : 0 : 1) (via known point (1 : 1/2 : 1) [CM disc -120]):
>>>     (0 : 0 : 1)   —   CM disc -60
>>> PARTNER in the fiber over Q = (1 : 0 : 1) (via known point (1 : 1/2 : 1) [CM disc -120]):
>>>     (0 : 1 : 0)   —   CM disc -24
>>> PARTNER in the fiber over Q = (1 : 0 : 1) (via known point (0 : 1 : 0) [CM disc -24]):
>>>     (0 : 0 : 1)   —   CM disc -60
rational-point-fiber status: 8 known point(s) checked

--- D = -55 (h = 4) ---
  CM point at tau = 0.266129 + 0.0119616*$.1  |-->  Q = (1 : -1 : 1)
  CM point at tau = -0.233871 + 0.0119616*$.1  |-->  Q = (1 : -1 : 1)
all disc--55 CM points map to the SAME rational point — as expected

--- fiber of pi over Q1 = (1 : -1 : 1) (image of the disc--55 CM points) ---
  deg-1 place (mult 1): rational point (2 : 1 : 1)  [CM disc -340]
  deg-2 place (mult 1) over Number Field with defining polynomial x^2 + x + 3 over the Rational Field:
      (K.1 : -2 : 1)   <-- the two disc--55 CM points
>>> THIRD POINT in the fiber over Q = (1 : -1 : 1):
>>>     (2 : 1 : 1)   —   CM disc -340
status: 1 rational fiber(s)

--- D = -84 (h = 4) ---
  CM point at tau = 0.345161 + 0.0147825*$.1: image NOT recognized as rational: [ 1.866025404 + 5.196644532E-121*$.1, 1.049038106 - 4.655585269E-120*$.1, 1.000000000 ]
  CM point at tau = 0.0548387 + 0.0147825*$.1: image NOT recognized as rational: [ 0.1339745962 - 9.925133844E-120*$.1, -1.549038106 - 8.045370760E-120*$.1, 1.000000000 ]
status: images not rational (no rational fiber)

--- D = -136 (h = 4) ---
  CM point at tau = 0.464516 + 0.0188095*$.1: image NOT recognized as rational: [ 10.12310563 - 6.995361439E-152*$.1, 29.93086969 - 1.766559505E-150*$.1, 1.000000000 ]
  CM point at tau = 0.335484 + 0.0188095*$.1: image NOT recognized as rational: [ 1.876894374 + 3.182769318E-153*$.1, 1.069130310 - 9.134528289E-154*$.1, 1.000000000 ]
status: images not rational (no rational fiber)

--- D = -184 (h = 4) ---
  CM point at tau = 0.412903 + 0.0218785*$.1: image NOT recognized as rational: [ -5.000000000 + 2.219107918E-178*$.1, -0.5000000000 + 11.98957881*$.1, 1.000000000 ]
  CM point at tau = -0.187097 + 0.0218785*$.1: image NOT recognized as rational: [ -5.000000000 - 1.747631654E-176*$.1, -0.5000000000 - 11.98957881*$.1, 1.000000000 ]
status: images not rational (no rational fiber)

--- D = -220 (h = 4) ---
  CM point at tau = 0.467742 + 0.0239232*$.1: image NOT recognized as rational: [ 14.70820393 + 9.722533748E-194*$.1, 53.83281573 + 2.006373399E-192*$.1, 1.000000000 ]
  CM point at tau = 0.361751 + 0.00341760*$.1: image NOT recognized as rational: [ 1.291796067 + 2.391434075E-29*$.1, 0.1671842700 + 2.989380504E-28*$.1, 1.000000000 ]
status: images not rational (no rational fiber)

--- D = -240 (h = 2) ---
  CM point at tau = 0.225806 + 0.0249870*$.1: image NOT recognized as rational: [ 0.4800000000 - 0.3600000000*$.1, -1.328000000 - 0.3040000000*$.1, 1.000000000 ]
  CM point at tau = -0.225806 + 0.0249870*$.1: image NOT recognized as rational: [ 0.4800000000 + 0.3600000000*$.1, -1.328000000 + 0.3040000000*$.1, 1.000000000 ]
status: images not rational (no rational fiber)

--- D = -260 (h = 8) ---
  CM point at tau = 0.435484 + 0.0260073*$.1: image NOT recognized as rational: [ -1.561338290 + 0.02973977695*$.1, -0.1784386617 - 1.368029740*$.1, 1.000000000 ]
  CM point at tau = -0.435484 + 0.0260073*$.1: image NOT recognized as rational: [ -1.561338290 - 0.02973977695*$.1, -0.1784386617 + 1.368029740*$.1, 1.000000000 ]
status: images not rational (no rational fiber)

--- D = -420 (h = 8) ---
  CM point at tau = 0.370968 + 0.0330547*$.1: image NOT recognized as rational: [ 2.000000000 - 1.000000000*$.1, 1.000000000 - 2.000000000*$.1, 1.000000000 ]
  CM point at tau = -0.370968 + 0.0330547*$.1: image NOT recognized as rational: [ 2.000000000 + 1.000000000*$.1, 1.000000000 + 2.000000000*$.1, 1.000000000 ]
status: images not rational (no rational fiber)

--- D = -580 (h = 8) ---
  CM point at tau = 0.145161 + 0.0388439*$.1: image NOT recognized as rational: [ 2.813828073E-200 + 0.5000000000*$.1, 0.7500000000 - 0.2500000000*$.1, 1.000000000 ]
  CM point at tau = -0.145161 + 0.0388439*$.1: image NOT recognized as rational: [ 2.813828073E-200 - 0.5000000000*$.1, 0.7500000000 + 0.2500000000*$.1, 1.000000000 ]
status: images not rational (no rational fiber)

--- D = -840 (h = 8) ---
  CM point at tau = 0.0322581 + 0.0467464*$.1: image NOT recognized as rational: [ 1.500000000 - 3.630456218E-200*$.1, -1.435414347 - 5.067033911E-200*$.1, 1.000000000 ]
  CM point at tau = 0.322581 + 0.0155821*$.1: image NOT recognized as rational: [ 1.500000000 + 4.317906292E-126*$.1, 0.4354143467 - 1.451368538E-127*$.1, 1.000000000 ]
status: images not rational (no rational fiber)

--- D = -1060 (h = 8) ---
  CM point at tau = 0.241935 + 0.0525123*$.1: image NOT recognized as rational: [ -4.361113019E-201 + 0.5000000000*$.1, -1.750000000 + 0.2500000000*$.1, 1.000000000 ]
  CM point at tau = -0.241935 + 0.0525123*$.1: image NOT recognized as rational: [ -4.361113019E-201 - 0.5000000000*$.1, -1.750000000 - 0.2500000000*$.1, 1.000000000 ]
status: images not rational (no rational fiber)

--- D = -1240 (h = 8) ---
  CM point at tau = 0.0567962*$.1: image NOT recognized as rational: [ 1.912851404, -2.136237248, 1.000000000 ]
  CM point at tau = 0.363636 + 0.00516329*$.1: image NOT recognized as rational: [ 1.388923744 + 3.694547081E-41*$.1, 0.2818904117 - 2.905787294E-40*$.1, 1.000000000 ]
status: images not rational (no rational fiber)

--- D = -1540 (h = 8) ---
  CM point at tau = 0.177419 + 0.0632949*$.1  |-->  Q = (-1 : 0 : 1)
  CM point at tau = -0.177419 + 0.0632949*$.1  |-->  Q = (-1 : 0 : 1)
all disc--1540 CM points map to the SAME rational point — as expected

--- fiber of pi over Q1 = (-1 : 0 : 1) (image of the disc--1540 CM points) ---
  deg-1 place (mult 1): rational point (2 : 2 : 1)  [CM disc -15]
  deg-2 place (mult 1) over Number Field with defining polynomial x^2 + 9/4 over the Rational Field:
      (1/3*(2*K.1 - 3) : K.1 : 1)   <-- the two disc--1540 CM points
>>> THIRD POINT in the fiber over Q = (-1 : 0 : 1):
>>>     (2 : 2 : 1)   —   CM disc -15
status: 1 rational fiber(s)

--- D = -1780 (h = 8) ---
  CM point at tau = 0.338710 + 0.0680485*$.1: image NOT recognized as rational: [ 3.000000000 + 1.118033989*$.1, 3.250000000 + 2.795084972*$.1, 1.000000000 ]
  CM point at tau = -0.338710 + 0.0680485*$.1: image NOT recognized as rational: [ 3.000000000 - 1.118033989*$.1, 3.250000000 - 2.795084972*$.1, 1.000000000 ]
status: images not rational (no rational fiber)

--- D = -1860 (h = 16) ---
  CM point at tau = 0.500000 + 0.0695609*$.1: image NOT recognized as rational: [ 18.35164654 - 5.267963912E-200*$.1, 75.83240945 - 3.356281708E-199*$.1, 1.000000000 ]
  CM point at tau = 0.357143 + 0.00993726*$.1: image NOT recognized as rational: [ 1.648353456 - 2.073201881E-81*$.1, 0.6675905509 - 1.164032256E-80*$.1, 1.000000000 ]
status: images not rational (no rational fiber)

--- D = -6820 (h = 16) ---
  CM point at tau = 0.500000 + 0.133199*$.1: image NOT recognized as rational: [ 18.35164654 + 8.359596703E-200*$.1, 75.83240945 + 5.325997286E-199*$.1, 1.000000000 ]
  CM point at tau = 0.0789474 + 0.00701047*$.1: image NOT recognized as rational: [ 1.648353456 - 1.268310693E-55*$.1, 0.6675905509 - 2.456211690E-55*$.1, 1.000000000 ]
status: images not rational (no rational fiber)

--- D = -8680 (h = 16) ---
  CM point at tau = 0.150269*$.1: image NOT recognized as rational: [ 4.300000000, -8.113606242, 1.000000000 ]
  CM point at tau = 0.461538 + 0.0115591*$.1: image NOT recognized as rational: [ 4.300000000 - 5.107070010E-93*$.1, 7.113606242 - 3.547308566E-92*$.1, 1.000000000 ]
status: images not rational (no rational fiber)

================ SWEEP SUMMARY for X_0(310)* -> X_0(155)* ================
  RATIONAL-POINT fiber |--> Q = (19 : 80 : 1); RESIDUAL POINT (6 : -2 : 1) — NOT CM (exceptional)  (partner of known point (2 : -1/2 : 1) [CM disc -520])
  RATIONAL-POINT fiber |--> Q = (1 : 0 : 1); RESIDUAL POINT (0 : 0 : 1) — CM disc -60  (partner of known point (1 : 1/2 : 1) [CM disc -120])
  RATIONAL-POINT fiber |--> Q = (1 : 0 : 1); RESIDUAL POINT (0 : 1 : 0) — CM disc -24  (partner of known point (1 : 1/2 : 1) [CM disc -120])
  RATIONAL-POINT fiber |--> Q = (1 : 0 : 1); RESIDUAL POINT (0 : 0 : 1) — CM disc -60  (partner of known point (0 : 1 : 0) [CM disc -24])
  D = -55: CM points |--> Q = (1 : -1 : 1); THIRD POINT (2 : 1 : 1) — CM disc -340
  D = -1540: CM points |--> Q = (-1 : 0 : 1); THIRD POINT (2 : 2 : 1) — CM disc -15

#################### N = 57, p = 7 ####################
N = 57, p = 7: E = 57a1 (conductor 57), delta* = 1, expected degree 3
[BuildTripleCover] building model of X_0(399)* (eval_prec = 400, cached if available)... [cache] loaded 7000-term star forms for level 399
done (2.170 s)
[cache] loaded triple-cover map for (N=57, p=7) -> 57a1
X_0(399)* = Curve over Rational Field defined by
4*z[1]^2*z[3] - 4*z[1]*z[2]^2 + 12*z[1]*z[2]*z[4] - 31*z[1]*z[4]^2 - 16*z[2]^2*z[3] - 6*z[2]^2*z[4] + 10*z[2]*z[3]^2 + 63*z[2]*z[3]*z[4] + 18*z[2]*z[4]^2 - 4*z[3]^3 + 2*z[3]^2*z[4] - 58*z[3]*z[4]^2 - 9*z[4]^3,
2*z[1]^2*z[4] - 5*z[1]*z[2]*z[4] - 2*z[1]*z[4]^2 - 2*z[2]^3 + z[2]^2*z[3] + 6*z[2]^2*z[4] + 6*z[2]*z[3]^2 + 4*z[2]*z[3]*z[4] - 3*z[2]*z[4]^2 - 4*z[3]^2*z[4] - 8*z[3]*z[4]^2,
2*z[1]*z[2]*z[3] - 5*z[1]*z[2]*z[4] - 2*z[2]^3 + 5*z[2]^2*z[3] + 6*z[2]^2*z[4] + 2*z[2]*z[3]^2 - 8*z[2]*z[3]*z[4] - 3*z[2]*z[4]^2,
4*z[1]*z[3]^2 - 25*z[1]*z[4]^2 - 4*z[2]^2*z[3] - 10*z[2]^2*z[4] + 10*z[2]*z[3]^2 + 37*z[2]*z[3]*z[4] + 30*z[2]*z[4]^2 + 4*z[3]^3 - 6*z[3]^2*z[4] - 46*z[3]*z[4]^2 - 15*z[4]^3,
2*z[1]*z[3]*z[4] - 5*z[1]*z[4]^2 - 2*z[2]^2*z[4] + 5*z[2]*z[3]*z[4] + 6*z[2]*z[4]^2 + 2*z[3]^2*z[4] - 8*z[3]*z[4]^2 - 3*z[4]^3
E = [ 0, -1, 1, -2, 2 ] (57a1)

===== SWEEP of CM discriminants for X_0(399)* -> X_0(57)* =====
found 10 small rational points on X_0(399)* (bound 100000)
found CM point at discriminant -3
found CM point at discriminant -27
found CM point at discriminant -12
found CM point at discriminant -48
found CM point at discriminant -147
found CM point at discriminant -75
found CM point at discriminant -483
found CM point at discriminant -1995

labelling the rational points:
  disc = -147 -> rats[3] -> (0 : 1 : 1/2 : 1) (CM)
  disc = -12 -> rats[6] -> (1/2 : 1 : -1/2 : 1) (CM)
  disc = -27 -> rats[1] -> (0 : 1 : 1 : 1) (CM)
  disc = -483 -> rats[9] -> (-2 : 2 : 1 : 0) (CM)
  disc = -75 -> rats[10] -> (1 : 3/2 : 1 : 1) (CM)
  disc = -1995 -> rats[2] -> (3 : 1 : 2 : 1) (CM)
  disc = -48 -> rats[7] -> (-1 : 0 : 1 : 0) (CM)
  disc = -3 -> rats[8] -> (21/166 : 167/83 : -29/166 : 1) (CM)
  Cusp -> rats[5]
Labelled 9 CM+cusp, 1 exceptional
  exceptional: rats[4] = (5 : -3/2 : 1 : 0)
Computing degree 2 CM points
Done.
Planes found: 3 (0 with algebraic CM match)
  exc=rats[4]: z[1] + 4*z[2] + z[3] - 8*z[4]=0  comps=[ 1, 1, 2, 2 ]  CM={ -75, -48, -3 }  matched=false
    exact rational points on plane: [ (5 : -3/2 : 1 : 0), (-1 : 0 : 1 : 0), (21/166 : 167/83 : -29/166 : 1), (1 : 3/2 : 1 : 1) ]
  exc=rats[4]: 4*z[2] + 6*z[3] - 7*z[4]=0  comps=[ 1, 1, 1, 1, 2 ]  CM={ -147, -3, cusp }  matched=false
    exact rational points on plane: [ (0 : 1 : 1/2 : 1), (5 : -3/2 : 1 : 0), (1 : 0 : 0 : 0), (21/166 : 167/83 : -29/166 : 1) ]
  exc=rats[4]: z[1] + 2*z[2] - 2*z[3] - z[4]=0  comps=[ 1, 1, 1, 1, 2 ]  CM={ -1995, -483, -147 }  matched=false
    exact rational points on plane: [ (3 : 1 : 2 : 1), (0 : 1 : 1/2 : 1), (5 : -3/2 : 1 : 0), (-2 : 2 : 1 : 0) ]
All exceptional points geometrically covered: true
All exceptional points CM-confirmed: false

small rational points, their labels and images under pi:
  P1 = (0 : 1 : 1 : 1)  [CM disc -27]  |-->  (0 : 1 : 1)
  P2 = (3 : 1 : 2 : 1)  [CM disc -1995]  |-->  (2 : 1 : 1)
  P3 = (0 : 1 : 1/2 : 1)  [CM disc -147]  |-->  (2 : -2 : 1)
  P4 = (5 : -3/2 : 1 : 0)  [NOT CM (exceptional)]  |-->  (4 : 6 : 1)
  P5 = (1 : 0 : 0 : 0)  [cusp]  |-->  (0 : 1 : 0)
  P6 = (1/2 : 1 : -1/2 : 1)  [CM disc -12]  |-->  (13/9 : -28/27 : 1)
  P7 = (-1 : 0 : 1 : 0)  [CM disc -48]  |-->  (1 : 0 : 1)
  P8 = (21/166 : 167/83 : -29/166 : 1)  [CM disc -3]  |-->  (261/169 : -2588/2197 : 1)
  P9 = (-2 : 2 : 1 : 0)  [CM disc -483]  |-->  (4 : 6 : 1)
  P10 = (1 : 3/2 : 1 : 1)  [CM disc -75]  |-->  (4 : 6 : 1)

candidate discs (degree-2 CM points on X_0(399)*): [ -56, -84, -132, -171, -192, -203, -336, -363, -420, -507, -987, -1155, -1428, -3192, -5187, -14763 ]

--- CUSP FIBER: fiber of pi over Q = (0 : 1 : 0) (contains the cusp), splits as degrees [ 1, 2 ] ---
  deg-2 place (mult 1) over Number Field with defining polynomial x^2 - 14*x + 36 over the Rational Field:
      (1/2*(-K.1 + 6) : 1/2*K.1 : 1 : 1)
  deg-1 place (mult 1): rational point (1 : 0 : 0 : 0)  [cusp]  <-- the cusp
cusp-fiber status: cusp fiber: degrees [ 1, 2 ]

--- fiber of pi over Q = (0 : 1 : 1) through known point (0 : 1 : 1 : 1) [CM disc -27], splits as degrees [ 1, 2 ] ---
  deg-1 place (mult 1): rational point (0 : 1 : 1 : 1)  [CM disc -27]  <-- P itself
  deg-2 place (mult 1) over Number Field with defining polynomial x^2 - 6*x + 16 over the Rational Field:
      (1 : 1/2*K.1 : 0 : 1)

--- fiber of pi over Q = (2 : 1 : 1) through known point (3 : 1 : 2 : 1) [CM disc -1995], splits as degrees [ 1, 2 ] ---
  deg-1 place (mult 1): rational point (3 : 1 : 2 : 1)  [CM disc -1995]  <-- P itself
  deg-2 place (mult 1) over Number Field with defining polynomial x^2 + 3*x - 6 over the Rational Field:
      (-K.1 + 3 : K.1 : K.1 : 1)

--- fiber of pi over Q = (2 : -2 : 1) through known point (0 : 1 : 1/2 : 1) [CM disc -147], splits as degrees [ 1, 2 ] ---
  deg-1 place (mult 1): rational point (0 : 1 : 1/2 : 1)  [CM disc -147]  <-- P itself
  deg-2 place (mult 1) over Number Field with defining polynomial x^2 - 6*x + 6 over the Rational Field:
      (0 : 1/2*K.1 : 0 : 1)

--- fiber of pi over Q = (4 : 6 : 1) through known point (5 : -3/2 : 1 : 0) [NOT CM (exceptional)], splits as degrees [ 1, 1, 1 ] ---
  deg-1 place (mult 1): rational point (1 : 3/2 : 1 : 1)  [CM disc -75]
  deg-1 place (mult 1): rational point (5 : -3/2 : 1 : 0)  [NOT CM (exceptional)]  <-- P itself
  deg-1 place (mult 1): rational point (-2 : 2 : 1 : 0)  [CM disc -483]

--- fiber of pi over Q = (0 : 1 : 0) through known point (1 : 0 : 0 : 0) [cusp], splits as degrees [ 1, 2 ] ---
  deg-2 place (mult 1) over Number Field with defining polynomial x^2 - 14*x + 36 over the Rational Field:
      (1/2*(-K.1 + 6) : 1/2*K.1 : 1 : 1)
  deg-1 place (mult 1): rational point (1 : 0 : 0 : 0)  [cusp]  <-- P itself

--- fiber of pi over Q = (13/9 : -28/27 : 1) through known point (1/2 : 1 : -1/2 : 1) [CM disc -12], splits as degrees [ 1, 2 ] ---
  deg-1 place (mult 1): rational point (1/2 : 1 : -1/2 : 1)  [CM disc -12]  <-- P itself
  deg-2 place (mult 1) over Number Field with defining polynomial x^2 - 1/3*x - 1/6 over the Rational Field:
      (1/9*(K.1 + 2) : 1/3*(-2*K.1 + 5) : K.1 : 1)

--- fiber of pi over Q = (1 : 0 : 1) through known point (-1 : 0 : 1 : 0) [CM disc -48], splits as degrees [ 1, 2 ] ---
  deg-2 place (mult 1) over Number Field with defining polynomial x^2 - 2/3*x + 1/6 over the Rational Field:
      (K.1 : 2*K.1 + 1 : K.1 : 1)
  deg-1 place (mult 1): rational point (-1 : 0 : 1 : 0)  [CM disc -48]  <-- P itself

--- fiber of pi over Q = (261/169 : -2588/2197 : 1) through known point (21/166 : 167/83 : -29/166 : 1) [CM disc -3], splits as degrees [ 1, 2 ] ---
  deg-1 place (mult 1): rational point (21/166 : 167/83 : -29/166 : 1)  [CM disc -3]  <-- P itself
  deg-2 place (mult 1) over Number Field with defining polynomial x^2 - 987/5395*x - 12789/53950 over the Rational Field:
      (1/2535*(-505*K.1 + 882) : 1/4095*(1550*K.1 + 4053) : K.1 : 1)

--- fiber of pi over Q = (4 : 6 : 1) through known point (-2 : 2 : 1 : 0) [CM disc -483], splits as degrees [ 1, 1, 1 ] ---
  deg-1 place (mult 1): rational point (1 : 3/2 : 1 : 1)  [CM disc -75]
  deg-1 place (mult 1): rational point (5 : -3/2 : 1 : 0)  [NOT CM (exceptional)]
  deg-1 place (mult 1): rational point (-2 : 2 : 1 : 0)  [CM disc -483]  <-- P itself

--- fiber of pi over Q = (4 : 6 : 1) through known point (1 : 3/2 : 1 : 1) [CM disc -75], splits as degrees [ 1, 1, 1 ] ---
  deg-1 place (mult 1): rational point (1 : 3/2 : 1 : 1)  [CM disc -75]  <-- P itself
  deg-1 place (mult 1): rational point (5 : -3/2 : 1 : 0)  [NOT CM (exceptional)]
  deg-1 place (mult 1): rational point (-2 : 2 : 1 : 0)  [CM disc -483]
>>> PARTNER in the fiber over Q = (4 : 6 : 1) (via known point (5 : -3/2 : 1 : 0) [NOT CM (exceptional)]):
>>>     (1 : 3/2 : 1 : 1)   —   CM disc -75
>>> PARTNER in the fiber over Q = (4 : 6 : 1) (via known point (5 : -3/2 : 1 : 0) [NOT CM (exceptional)]):
>>>     (-2 : 2 : 1 : 0)   —   CM disc -483
>>> PARTNER in the fiber over Q = (4 : 6 : 1) (via known point (-2 : 2 : 1 : 0) [CM disc -483]):
>>>     (1 : 3/2 : 1 : 1)   —   CM disc -75
rational-point-fiber status: 10 known point(s) checked

--- D = -56 (h = 4) ---
  CM point at tau = 0.403509 + 0.00937758*$.1: image NOT recognized as rational: [ 1.414213562 - 4.852620727E-180*$.1, -1.000000000 - 2.028980269E-178*$.1, 1.000000000 ]
  CM point at tau = 0.0701754 + 0.00937758*$.1: image NOT recognized as rational: [ -1.414213562 - 1.334123444E-176*$.1, -1.000000000 + 7.105959493E-176*$.1, 1.000000000 ]
status: images not rational (no rational fiber)

--- D = -84 (h = 4) ---
  CM point at tau = 0.157895 + 0.0114852*$.1: image NOT recognized as rational: [ 2.119809387 + 1.740467971E-200*$.1, -2.244232652 + 8.878029032E-200*$.1, 1.000000000 ]
  CM point at tau = 0.0789474 + 0.00574258*$.1: image NOT recognized as rational: [ -0.8852414853 + 9.353769961E-106*$.1, 1.094712761 - 4.196151852E-105*$.1, 1.000000000 ]
status: images not rational (no rational fiber)

--- D = -132 (h = 4) ---
  CM point at tau = 0.308270 + 0.0143974*$.1  |-->  Q = (2 : -2 : 1)
  CM point at tau = 0.165414 + 0.0143974*$.1  |-->  Q = (2 : -2 : 1)
all disc--132 CM points map to the SAME rational point — as expected

--- fiber of pi over Q1 = (2 : -2 : 1) (image of the disc--132 CM points) ---
  deg-1 place (mult 1): rational point (0 : 1 : 1/2 : 1)  [CM disc -147]
  deg-2 place (mult 1) over Number Field with defining polynomial x^2 - 6*x + 6 over the Rational Field:
      (0 : 1/2*K.1 : 0 : 1)   <-- the two disc--132 CM points
>>> THIRD POINT in the fiber over Q = (2 : -2 : 1):
>>>     (0 : 1 : 1/2 : 1)   —   CM disc -147
status: 1 rational fiber(s)

--- D = -171 (h = 1) ---
  CM point at tau = 0.357143 + 0.0163868*$.1: image NOT recognized as rational: [ 1.333333333 + 7.416796492E-200*$.1, -0.08056475360 + 6.383135524E-200*$.1, 1.000000000 ]
  CM point at tau = 0.271429 + 0.00327737*$.1: image NOT recognized as rational: [ 1.333333333 + 5.539510681E-64*$.1, -0.9194352464 + 2.058206313E-61*$.1, 1.000000000 ]
status: images not rational (no rational fiber)

--- D = -192 (h = 1) ---
  CM point at tau = 0.436090 + 0.0173639*$.1  |-->  Q = (1 : 0 : 1)
  CM point at tau = -0.278195 + 0.0173639*$.1  |-->  Q = (1 : 0 : 1)
all disc--192 CM points map to the SAME rational point — as expected

--- fiber of pi over Q1 = (1 : 0 : 1) (image of the disc--192 CM points) ---
  deg-2 place (mult 1) over Number Field with defining polynomial x^2 - 2/3*x + 1/6 over the Rational Field:
      (K.1 : 2*K.1 + 1 : K.1 : 1)   <-- the two disc--192 CM points
  deg-1 place (mult 1): rational point (-1 : 0 : 1 : 0)  [CM disc -48]
>>> THIRD POINT in the fiber over Q = (1 : 0 : 1):
>>>     (-1 : 0 : 1 : 0)   —   CM disc -48
status: 1 rational fiber(s)

--- D = -203 (h = 4) ---
  CM point at tau = 0.482456 + 0.0178544*$.1: image NOT recognized as rational: [ 2.250000000 - 1.249665603E-199*$.1, 1.519436803 - 3.089314269E-198*$.1, 1.000000000 ]
  CM point at tau = 0.149123 + 0.0178544*$.1: image NOT recognized as rational: [ 2.250000000 + 5.287324042E-200*$.1, -2.519436803 + 1.889350366E-199*$.1, 1.000000000 ]
status: images not rational (no rational fiber)

--- D = -336 (h = 4) ---
  CM point at tau = 0.315790 + 0.0229703*$.1: image NOT recognized as rational: [ 5.645751311 + 1.517523514E-198*$.1, -12.29150262 - 2.151711410E-198*$.1, 1.000000000 ]
  CM point at tau = 0.463158 + 0.00459406*$.1: image NOT recognized as rational: [ 0.3542486889 - 4.287802015E-86*$.1, -1.708497378 - 2.820503406E-84*$.1, 1.000000000 ]
status: images not rational (no rational fiber)

--- D = -363 (h = 1) ---
  CM point at tau = 0.492481 + 0.0238754*$.1  |-->  Q = (2 : 1 : 1)
  CM point at tau = 0.349624 + 0.0238754*$.1  |-->  Q = (2 : 1 : 1)
all disc--363 CM points map to the SAME rational point — as expected

--- fiber of pi over Q1 = (2 : 1 : 1) (image of the disc--363 CM points) ---
  deg-1 place (mult 1): rational point (3 : 1 : 2 : 1)  [CM disc -1995]
  deg-2 place (mult 1) over Number Field with defining polynomial x^2 + 3*x - 6 over the Rational Field:
      (-K.1 + 3 : K.1 : K.1 : 1)   <-- the two disc--363 CM points
>>> THIRD POINT in the fiber over Q = (2 : 1 : 1):
>>>     (3 : 1 : 2 : 1)   —   CM disc -1995
status: 1 rational fiber(s)

--- D = -420 (h = 8) ---
  CM point at tau = 0.421052 + 0.0256816*$.1: image NOT recognized as rational: [ 1.222222222 + 0.2484519975*$.1, -0.4814814815 - 0.1656346650*$.1, 1.000000000 ]
  CM point at tau = -0.421052 + 0.0256816*$.1: image NOT recognized as rational: [ 1.222222222 - 0.2484519975*$.1, -0.4814814815 + 0.1656346650*$.1, 1.000000000 ]
status: images not rational (no rational fiber)

--- D = -507 (h = 1) ---
  CM point at tau = 0.327068 + 0.0282164*$.1: image NOT recognized as rational: [ -2.875000000 - 0.5622653181*$.1, 1.000000000 - 0.2765180099*$.1, 1.000000000 ]
  CM point at tau = 0.0413534 + 0.0282164*$.1: image NOT recognized as rational: [ 0.6250000000 - 0.02859104603*$.1, 0.5625000000 + 0.0006931438631*$.1, 1.000000000 ]
status: images not rational (no rational fiber)

--- D = -987 (h = 8) ---
  CM point at tau = 0.236842 + 0.0393691*$.1: image NOT recognized as rational: [ 0.5555555556 - 0.7617394000*$.1, 0.6851851852 + 0.8886959667*$.1, 1.000000000 ]
  CM point at tau = -0.236842 + 0.0393691*$.1: image NOT recognized as rational: [ 0.5555555556 + 0.7617394000*$.1, 0.6851851852 - 0.8886959667*$.1, 1.000000000 ]
status: images not rational (no rational fiber)

--- D = -1155 (h = 8) ---
  CM point at tau = 0.0263158 + 0.0425881*$.1: image NOT recognized as rational: [ 40.62141687 - 3.460234407E-197*$.1, -256.0392097 + 4.110353357E-194*$.1, 1.000000000 ]
  CM point at tau = 0.394737 + 0.00851762*$.1: image NOT recognized as rational: [ 1.378583130 + 1.595106662E-163*$.1, -0.9607903427 - 7.096504051E-162*$.1, 1.000000000 ]
status: images not rational (no rational fiber)

--- D = -1428 (h = 8) ---
  CM point at tau = 0.0526316 + 0.0473545*$.1: image NOT recognized as rational: [ 5.888888889 + 25.19675660*$.1, 57.85185185 - 117.5848641*$.1, 1.000000000 ]
  CM point at tau = -0.0526316 + 0.0473545*$.1: image NOT recognized as rational: [ 5.888888889 - 25.19675660*$.1, 57.85185185 + 117.5848641*$.1, 1.000000000 ]
status: images not rational (no rational fiber)

--- D = -3192 (h = 16) ---
  CM point at tau = 0.0707992*$.1: image NOT recognized as rational: [ 23.82475165, -114.1237583, 1.000000000 ]
  CM point at tau = 0.454545 + 0.00643630*$.1: image NOT recognized as rational: [ 1.175248347 - 1.028464618E-122*$.1, -0.8762417355 - 1.365741506E-121*$.1, 1.000000000 ]
status: images not rational (no rational fiber)

--- D = -5187 (h = 16) ---
  CM point at tau = 0.500000 + 0.0902517*$.1: image NOT recognized as rational: [ 2.384722118 + 3.164907089E-200*$.1, 1.814158896 + 7.037300764E-200*$.1, 1.000000000 ]
  CM point at tau = 0.227273 + 0.00820470*$.1: image NOT recognized as rational: [ 0.3313272649 + 5.467825697E-156*$.1, 0.7304227231 + 6.433933224E-157*$.1, 1.000000000 ]
status: images not rational (no rational fiber)

--- D = -14763 (h = 16) ---
  CM point at tau = 0.500000 + 0.152260*$.1: image NOT recognized as rational: [ 4.497526905 + 9.868726956E-200*$.1, 7.500127495 + 3.064696093E-199*$.1, 1.000000000 ]
  CM point at tau = 0.456522 + 0.00661997*$.1: image NOT recognized as rational: [ 1.033337293 + 7.716512750E-126*$.1, -0.9678915551 + 1.706852005E-124*$.1, 1.000000000 ]
status: images not rational (no rational fiber)

================ SWEEP SUMMARY for X_0(399)* -> X_0(57)* ================
  RATIONAL-POINT fiber |--> Q = (4 : 6 : 1); RESIDUAL POINT (1 : 3/2 : 1 : 1) — CM disc -75  (partner of known point (5 : -3/2 : 1 : 0) [NOT CM (exceptional)])
  RATIONAL-POINT fiber |--> Q = (4 : 6 : 1); RESIDUAL POINT (-2 : 2 : 1 : 0) — CM disc -483  (partner of known point (5 : -3/2 : 1 : 0) [NOT CM (exceptional)])
  RATIONAL-POINT fiber |--> Q = (4 : 6 : 1); RESIDUAL POINT (1 : 3/2 : 1 : 1) — CM disc -75  (partner of known point (-2 : 2 : 1 : 0) [CM disc -483])
  D = -132: CM points |--> Q = (2 : -2 : 1); THIRD POINT (0 : 1 : 1/2 : 1) — CM disc -147
  D = -192: CM points |--> Q = (1 : 0 : 1); THIRD POINT (-1 : 0 : 1 : 0) — CM disc -48
  D = -363: CM points |--> Q = (2 : 1 : 1); THIRD POINT (3 : 1 : 2 : 1) — CM disc -1995

#################### N = 318, p = 1 ####################
M = 318: new-quotient triple cover to 318c1 (modular degree 24)
[BuildTripleCoverNew] building model of X_0(318)* (eval_prec = 400, cached if available)... [cache] loaded 3000-term star forms for level 318
done (1.150 s)
[cache] loaded triple-cover map for (N=318, p=1) -> 318c1
X_0(318)* = Curve over Rational Field defined by
z[1]^3*z[3] - z[1]^2*z[2]^2 - 3*z[1]^2*z[3]^2 + 5*z[1]*z[2]*z[3]^2 + 2*z[1]*z[3]^3 - z[2]^3*z[3] - 3*z[2]^2*z[3]^2 - 2*z[2]*z[3]^3
E = [ 1, 1, 0, 7, -9 ] (318c1)

===== SWEEP of CM discriminants for X_0(318)* -> X_0(318)* =====
found 11 small rational points on X_0(318)* (bound 100000)
found CM point at discriminant -15
found CM point at discriminant -60
found CM point at discriminant -24
found CM point at discriminant -36
found CM point at discriminant -408
found CM point at discriminant -228
found CM point at discriminant -168
found CM point at discriminant -372
found CM point at discriminant -312

labelling the rational points:
  disc = -60 -> rats[3] -> (1 : 0 : 1) (CM)
  disc = -24 -> rats[1] -> (0 : -1 : 1) (CM)
  disc = -408 -> rats[4] -> (2 : -8 : 1) (CM)
  disc = -36 -> rats[11] -> (0 : 0 : 1) (CM)
  disc = -15 -> rats[9] -> (-1 : -2 : 1) (CM)
  disc = -372 -> rats[10] -> (2 : 1 : 1) (CM)
  disc = -228 -> rats[7] -> (0 : -2 : 1) (CM)
  disc = -312 -> rats[5] -> (2 : 0 : 1) (CM)
  disc = -168 -> rats[8] -> (0 : 1 : 0) (CM)
  Cusp -> rats[6]
Labelled 10 CM+cusp, 1 exceptional
  exceptional: rats[2] = (8 : -2 : 1)
Computing degree 2 CM points
Done.
Planes found: 8 (0 with algebraic CM match)
  exc=rats[2]: z[2] + 2*z[3]=0  comps=[ 1, 1, 1, 1 ]  CM={ -228, -15, cusp }  matched=false
    exact rational points on plane: [ (8 : -2 : 1), (1 : 0 : 0), (0 : -2 : 1), (-1 : -2 : 1) ]
  exc=rats[2]: 2*z[1] + 7*z[2] - 2*z[3]=0  comps=[ 1, 1, 2 ]  CM={ -60 }  matched=false
    exact rational points on plane: [ (8 : -2 : 1), (1 : 0 : 1) ]
  exc=rats[2]: z[1] + 8*z[2] + 8*z[3]=0  comps=[ 1, 1, 2 ]  CM={ -24 }  matched=false
    exact rational points on plane: [ (0 : -1 : 1), (8 : -2 : 1) ]
  exc=rats[2]: z[1] + 3*z[2] - 2*z[3]=0  comps=[ 1, 1, 2 ]  CM={ -312 }  matched=false
    exact rational points on plane: [ (8 : -2 : 1), (2 : 0 : 1) ]
  exc=rats[2]: z[1] - z[2] - 10*z[3]=0  comps=[ 1, 1, 2 ]  CM={ -408 }  matched=false
    exact rational points on plane: [ (8 : -2 : 1), (2 : -8 : 1) ]
  exc=rats[2]: z[1] + 4*z[2]=0  comps=[ 1, 1, 2 ]  CM={ -36 }  matched=false
    exact rational points on plane: [ (8 : -2 : 1), (0 : 0 : 1) ]
  exc=rats[2]: z[1] - 8*z[3]=0  comps=[ 1, 1, 2 ]  CM={ -168 }  matched=false
    exact rational points on plane: [ (8 : -2 : 1), (0 : 1 : 0) ]
  exc=rats[2]: z[1] + 2*z[2] - 4*z[3]=0  comps=[ 1, 1, 2 ]  CM={ -372 }  matched=false
    exact rational points on plane: [ (8 : -2 : 1), (2 : 1 : 1) ]
All exceptional points geometrically covered: true
All exceptional points CM-confirmed: false

small rational points, their labels and images under pi:
  P1 = (0 : -1 : 1)  [CM disc -24]  |-->  (1 : 0 : 1)
  P2 = (8 : -2 : 1)  [NOT CM (exceptional)]  |-->  (5 : 11 : 1)
  P3 = (1 : 0 : 1)  [CM disc -60]  |-->  (1 : -1 : 1)
  P4 = (2 : -8 : 1)  [CM disc -408]  |-->  (5 : -16 : 1)
  P5 = (2 : 0 : 1)  [CM disc -312]  |-->  (1 : 0 : 1)
  P6 = (1 : 0 : 0)  [cusp]  |-->  (0 : 1 : 0)
  P7 = (0 : -2 : 1)  [CM disc -228]  |-->  (1 : -1 : 1)
  P8 = (0 : 1 : 0)  [CM disc -168]  |-->  (0 : 1 : 0)
  P9 = (-1 : -2 : 1)  [CM disc -15]  |-->  (5 : 11 : 1)
  P10 = (2 : 1 : 1)  [CM disc -372]  |-->  (5 : -16 : 1)
  P11 = (0 : 0 : 1)  [CM disc -36]  |-->  (0 : 1 : 0)

candidate discs (degree-2 CM points on X_0(318)*): [ -68, -96, -240, -264, -276, -420, -600, -660, -852, -1032, -1128, -1848, -4452 ]

--- CUSP FIBER: fiber of pi over Q = (0 : 1 : 0) (contains the cusp), splits as degrees [ 1, 1, 1 ] ---
  deg-1 place (mult 1): rational point (0 : 0 : 1)  [CM disc -36]
  deg-1 place (mult 1): rational point (1 : 0 : 0)  [cusp]  <-- the cusp
  deg-1 place (mult 1): rational point (0 : 1 : 0)  [CM disc -168]
>>> RESIDUAL POINT in the cusp fiber over Q = (0 : 1 : 0):
>>>     (0 : 0 : 1)   —   CM disc -36
>>> RESIDUAL POINT in the cusp fiber over Q = (0 : 1 : 0):
>>>     (0 : 1 : 0)   —   CM disc -168
cusp-fiber status: cusp fiber: degrees [ 1, 1, 1 ]

--- fiber of pi over Q = (1 : 0 : 1) through known point (0 : -1 : 1) [CM disc -24], splits as degrees [ 1, 1 ] ---
  deg-1 place (mult 1): rational point (2 : 0 : 1)  [CM disc -312]
  deg-1 place (mult 2): rational point (0 : -1 : 1)  [CM disc -24]  <-- P itself

--- fiber of pi over Q = (5 : 11 : 1) through known point (8 : -2 : 1) [NOT CM (exceptional)], splits as degrees [ 1, 1 ] ---
  deg-1 place (mult 1): rational point (8 : -2 : 1)  [NOT CM (exceptional)]  <-- P itself
  deg-1 place (mult 2): rational point (-1 : -2 : 1)  [CM disc -15]

--- fiber of pi over Q = (1 : -1 : 1) through known point (1 : 0 : 1) [CM disc -60], splits as degrees [ 1, 1 ] ---
  deg-1 place (mult 2): rational point (1 : 0 : 1)  [CM disc -60]  <-- P itself
  deg-1 place (mult 1): rational point (0 : -2 : 1)  [CM disc -228]

--- fiber of pi over Q = (5 : -16 : 1) through known point (2 : -8 : 1) [CM disc -408], splits as degrees [ 1, 1 ] ---
  deg-1 place (mult 2): rational point (2 : 1 : 1)  [CM disc -372]
  deg-1 place (mult 1): rational point (2 : -8 : 1)  [CM disc -408]  <-- P itself

--- fiber of pi over Q = (1 : 0 : 1) through known point (2 : 0 : 1) [CM disc -312], splits as degrees [ 1, 1 ] ---
  deg-1 place (mult 1): rational point (2 : 0 : 1)  [CM disc -312]  <-- P itself
  deg-1 place (mult 2): rational point (0 : -1 : 1)  [CM disc -24]

--- fiber of pi over Q = (0 : 1 : 0) through known point (1 : 0 : 0) [cusp], splits as degrees [ 1, 1, 1 ] ---
  deg-1 place (mult 1): rational point (0 : 0 : 1)  [CM disc -36]
  deg-1 place (mult 1): rational point (1 : 0 : 0)  [cusp]  <-- P itself
  deg-1 place (mult 1): rational point (0 : 1 : 0)  [CM disc -168]

--- fiber of pi over Q = (1 : -1 : 1) through known point (0 : -2 : 1) [CM disc -228], splits as degrees [ 1, 1 ] ---
  deg-1 place (mult 2): rational point (1 : 0 : 1)  [CM disc -60]
  deg-1 place (mult 1): rational point (0 : -2 : 1)  [CM disc -228]  <-- P itself

--- fiber of pi over Q = (0 : 1 : 0) through known point (0 : 1 : 0) [CM disc -168], splits as degrees [ 1, 1, 1 ] ---
  deg-1 place (mult 1): rational point (0 : 0 : 1)  [CM disc -36]
  deg-1 place (mult 1): rational point (1 : 0 : 0)  [cusp]
  deg-1 place (mult 1): rational point (0 : 1 : 0)  [CM disc -168]  <-- P itself

--- fiber of pi over Q = (5 : 11 : 1) through known point (-1 : -2 : 1) [CM disc -15], splits as degrees [ 1, 1 ] ---
  deg-1 place (mult 1): rational point (8 : -2 : 1)  [NOT CM (exceptional)]
  deg-1 place (mult 2): rational point (-1 : -2 : 1)  [CM disc -15]  <-- P itself

--- fiber of pi over Q = (5 : -16 : 1) through known point (2 : 1 : 1) [CM disc -372], splits as degrees [ 1, 1 ] ---
  deg-1 place (mult 2): rational point (2 : 1 : 1)  [CM disc -372]  <-- P itself
  deg-1 place (mult 1): rational point (2 : -8 : 1)  [CM disc -408]

--- fiber of pi over Q = (0 : 1 : 0) through known point (0 : 0 : 1) [CM disc -36], splits as degrees [ 1, 1, 1 ] ---
  deg-1 place (mult 1): rational point (0 : 0 : 1)  [CM disc -36]  <-- P itself
  deg-1 place (mult 1): rational point (1 : 0 : 0)  [cusp]
  deg-1 place (mult 1): rational point (0 : 1 : 0)  [CM disc -168]
>>> PARTNER in the fiber over Q = (1 : 0 : 1) (via known point (0 : -1 : 1) [CM disc -24]):
>>>     (2 : 0 : 1)   —   CM disc -312
>>> PARTNER in the fiber over Q = (5 : 11 : 1) (via known point (8 : -2 : 1) [NOT CM (exceptional)]):
>>>     (-1 : -2 : 1)   —   CM disc -15
>>> PARTNER in the fiber over Q = (1 : -1 : 1) (via known point (1 : 0 : 1) [CM disc -60]):
>>>     (0 : -2 : 1)   —   CM disc -228
>>> PARTNER in the fiber over Q = (5 : -16 : 1) (via known point (2 : -8 : 1) [CM disc -408]):
>>>     (2 : 1 : 1)   —   CM disc -372
>>> PARTNER in the fiber over Q = (0 : 1 : 0) (via known point (1 : 0 : 0) [cusp]):
>>>     (0 : 0 : 1)   —   CM disc -36
>>> PARTNER in the fiber over Q = (0 : 1 : 0) (via known point (1 : 0 : 0) [cusp]):
>>>     (0 : 1 : 0)   —   CM disc -168
>>> PARTNER in the fiber over Q = (0 : 1 : 0) (via known point (0 : 1 : 0) [CM disc -168]):
>>>     (0 : 0 : 1)   —   CM disc -36
rational-point-fiber status: 11 known point(s) checked

--- D = -68 (h = 4) ---
  CM point at tau = 0.185534 + 0.0129657*$.1: image NOT recognized as rational: [ -10.79667628 + 6.335639985*$.1, -8.080099520E-96 + 3.000000000*$.1, 1.000000000 ]
  CM point at tau = -0.147799 + 0.0129657*$.1: image NOT recognized as rational: [ -23.93358561 + 1.482413327*$.1, 8.286761038E-97 - 3.000000000*$.1, 1.000000000 ]
status: images not rational (no rational fiber)

--- D = -96 (h = 2) ---
  CM point at tau = 0.396226 + 0.0154056*$.1: image NOT recognized as rational: [ -1.000000000 - 2.828427125*$.1, -1.012673848E-124 - 1.017095180E-124*$.1, 1.000000000 ]
  CM point at tau = -0.396226 + 0.0154056*$.1: image NOT recognized as rational: [ -1.000000000 + 2.828427125*$.1, -1.012673848E-124 + 1.017095180E-124*$.1, 1.000000000 ]
status: images not rational (no rational fiber)

--- D = -240 (h = 2) ---
  CM point at tau = 0.0754716 + 0.0243584*$.1: image NOT recognized as rational: [ 3.888888889 + 0.9938079900*$.1, -11.59259259 - 3.643962630*$.1, 1.000000000 ]
  CM point at tau = -0.0754716 + 0.0243584*$.1: image NOT recognized as rational: [ 3.888888889 - 0.9938079900*$.1, -11.59259259 + 3.643962630*$.1, 1.000000000 ]
status: images not rational (no rational fiber)

--- D = -264 (h = 8) ---
  CM point at tau = 0.415094 + 0.0255473*$.1: image NOT recognized as rational: [ -9.625411179E-200 - 1.414213562*$.1, -1.000000000 + 4.242640687*$.1, 1.000000000 ]
  CM point at tau = -0.415094 + 0.0255473*$.1: image NOT recognized as rational: [ -9.625411179E-200 + 1.414213562*$.1, -1.000000000 - 4.242640687*$.1, 1.000000000 ]
status: images not rational (no rational fiber)

--- D = -276 (h = 8) ---
  CM point at tau = 0.122642 + 0.0261215*$.1: image NOT recognized as rational: [ 1.375000000 - 0.5994789404*$.1, -3.312500000 + 2.098176291*$.1, 1.000000000 ]
  CM point at tau = -0.122642 + 0.0261215*$.1: image NOT recognized as rational: [ 1.375000000 + 0.5994789404*$.1, -3.312500000 - 2.098176291*$.1, 1.000000000 ]
status: images not rational (no rational fiber)

--- D = -420 (h = 8) ---
  CM point at tau = 0.330189 + 0.0322231*$.1: image NOT recognized as rational: [ 2.354248689 - 4.036314240E-200*$.1, -6.416994756 + 1.344628833E-199*$.1, 1.000000000 ]
  CM point at tau = 0.0660378 + 0.00644463*$.1: image NOT recognized as rational: [ 7.645751311 - 1.127472673E-50*$.1, -27.58300524 + 4.080523877E-49*$.1, 1.000000000 ]
status: images not rational (no rational fiber)

--- D = -600 (h = 2) ---
  CM point at tau = 0.490566 + 0.0385140*$.1: image NOT recognized as rational: [ 1.194938533 + 5.753578244E-200*$.1, 1.092395791 + 1.593864748E-199*$.1, 1.000000000 ]
  CM point at tau = 0.212938 + 0.00550200*$.1: image NOT recognized as rational: [ 15.24950591 + 7.629658230E-43*$.1, -70.35165505 - 9.184033983E-41*$.1, 1.000000000 ]
status: images not rational (no rational fiber)

--- D = -660 (h = 8) ---
  CM point at tau = 0.198113 + 0.0403938*$.1: image NOT recognized as rational: [ -1.500000000 - 2.236067978*$.1, -1.250000000 + 3.913118961*$.1, 1.000000000 ]
  CM point at tau = -0.198113 + 0.0403938*$.1: image NOT recognized as rational: [ -1.500000000 + 2.236067978*$.1, -1.250000000 - 3.913118961*$.1, 1.000000000 ]
status: images not rational (no rational fiber)

--- D = -852 (h = 8) ---
  CM point at tau = 0.405660 + 0.0458947*$.1: image NOT recognized as rational: [ -1.250000000 - 5.764420761E-200*$.1, 0.6250000000 + 4.213074887*$.1, 1.000000000 ]
  CM point at tau = -0.405660 + 0.0458947*$.1: image NOT recognized as rational: [ -1.250000000 + 5.764420761E-200*$.1, 0.6250000000 - 4.213074887*$.1, 1.000000000 ]
status: images not rational (no rational fiber)

--- D = -1032 (h = 8) ---
  CM point at tau = 0.264151 + 0.0505106*$.1: image NOT recognized as rational: [ 6.205788437E-200 - 1.414213562*$.1, 1.000000000 - 2.828427125*$.1, 1.000000000 ]
  CM point at tau = -0.264151 + 0.0505106*$.1: image NOT recognized as rational: [ 6.205788437E-200 + 1.414213562*$.1, 1.000000000 + 2.828427125*$.1, 1.000000000 ]
status: images not rational (no rational fiber)

--- D = -1128 (h = 8) ---
  CM point at tau = 0.0188679 + 0.0528077*$.1: image NOT recognized as rational: [ 6.000000000 + 4.683808525E-200*$.1, -20.14642820 + 1.432858490E-198*$.1, 1.000000000 ]
  CM point at tau = 0.365352 + 0.00480070*$.1: image NOT recognized as rational: [ 6.000000000 - 9.211462307E-38*$.1, 14.14642820 + 1.153879446E-36*$.1, 1.000000000 ]
status: images not rational (no rational fiber)

--- D = -1848 (h = 8) ---
  CM point at tau = 0.132076 + 0.0675918*$.1: image NOT recognized as rational: [ 1.608888889 - 2.527697435*$.1, -3.416592593 + 7.262695568*$.1, 1.000000000 ]
  CM point at tau = -0.132076 + 0.0675918*$.1: image NOT recognized as rational: [ 1.608888889 + 2.527697435*$.1, -3.416592593 - 7.262695568*$.1, 1.000000000 ]
status: images not rational (no rational fiber)

--- D = -4452 (h = 16) ---
  CM point at tau = 0.500000 + 0.104911*$.1: image NOT recognized as rational: [ 2.354248689 + 6.163249070E-200*$.1, 4.062746067 + 1.427533884E-199*$.1, 1.000000000 ]
  CM point at tau = 0.227273 + 0.00953735*$.1: image NOT recognized as rational: [ 7.645751311 - 1.642383166E-77*$.1, 19.93725393 - 2.435660320E-75*$.1, 1.000000000 ]
status: images not rational (no rational fiber)

================ SWEEP SUMMARY for X_0(318)* -> X_0(318)* ================
  CUSP fiber |--> Q = (0 : 1 : 0); RESIDUAL POINT (0 : 0 : 1) — CM disc -36
  CUSP fiber |--> Q = (0 : 1 : 0); RESIDUAL POINT (0 : 1 : 0) — CM disc -168
  RATIONAL-POINT fiber |--> Q = (1 : 0 : 1); RESIDUAL POINT (2 : 0 : 1) — CM disc -312  (partner of known point (0 : -1 : 1) [CM disc -24])
  RATIONAL-POINT fiber |--> Q = (5 : 11 : 1); RESIDUAL POINT (-1 : -2 : 1) — CM disc -15  (partner of known point (8 : -2 : 1) [NOT CM (exceptional)])
  RATIONAL-POINT fiber |--> Q = (1 : -1 : 1); RESIDUAL POINT (0 : -2 : 1) — CM disc -228  (partner of known point (1 : 0 : 1) [CM disc -60])
  RATIONAL-POINT fiber |--> Q = (5 : -16 : 1); RESIDUAL POINT (2 : 1 : 1) — CM disc -372  (partner of known point (2 : -8 : 1) [CM disc -408])
  RATIONAL-POINT fiber |--> Q = (0 : 1 : 0); RESIDUAL POINT (0 : 0 : 1) — CM disc -36  (partner of known point (1 : 0 : 0) [cusp])
  RATIONAL-POINT fiber |--> Q = (0 : 1 : 0); RESIDUAL POINT (0 : 1 : 0) — CM disc -168  (partner of known point (1 : 0 : 0) [cusp])
  RATIONAL-POINT fiber |--> Q = (0 : 1 : 0); RESIDUAL POINT (0 : 0 : 1) — CM disc -36  (partner of known point (0 : 1 : 0) [CM disc -168])

#################### N = 430, p = 1 ####################
M = 430: new-quotient triple cover to 430a1 (modular degree 24)
[BuildTripleCoverNew] building model of X_0(430)* (eval_prec = 400, cached if available)... [cache] loaded 3000-term star forms for level 430
done (4.520 s)
[cache] loaded triple-cover map for (N=430, p=1) -> 430a1
X_0(430)* = Curve over Rational Field defined by
z[1]^3*z[3] - z[1]^2*z[2]^2 - z[1]*z[2]^3 - 3*z[1]*z[2]^2*z[3] - 2*z[1]*z[3]^3 + 2*z[2]^4 + 3*z[2]^2*z[3]^2 + z[3]^4
E = [ 1, -1, 0, -20, 40 ] (430a1)

===== SWEEP of CM discriminants for X_0(430)* -> X_0(430)* =====
found 8 small rational points on X_0(430)* (bound 100000)
found CM point at discriminant -20
found CM point at discriminant -340
found CM point at discriminant -280
found CM point at discriminant -760
found CM point at discriminant -180
found CM point at discriminant -120

labelling the rational points:
  disc = -760 -> rats[3] -> (-2 : 1 : 0) (CM)
  disc = -180 -> rats[6] -> (1 : -1/2 : 1) (CM)
  disc = -120 -> rats[7] -> (1 : 0 : 1) (CM)
  disc = -340 -> rats[5] -> (-3 : -2 : 1) (CM)
  disc = -20 -> rats[1] -> (1 : 1 : 1) (CM)
  disc = -280 -> rats[2] -> (1 : 1 : 0) (CM)
  Cusp -> rats[8]
Labelled 7 CM+cusp, 1 exceptional
  exceptional: rats[4] = (3/4 : 1/2 : 1)
Computing degree 2 CM points
Done.
Planes found: 7 (0 with algebraic CM match)
  exc=rats[4]: 2*z[1] - z[2] - z[3]=0  comps=[ 1, 1, 2 ]  CM={ -20 }  matched=false
    exact rational points on plane: [ (1 : 1 : 1), (3/4 : 1/2 : 1) ]
  exc=rats[4]: 4*z[1] - 4*z[2] - z[3]=0  comps=[ 1, 1, 2 ]  CM={ -280 }  matched=false
    exact rational points on plane: [ (1 : 1 : 0), (3/4 : 1/2 : 1) ]
  exc=rats[4]: 4*z[1] + 8*z[2] - 7*z[3]=0  comps=[ 1, 1, 2 ]  CM={ -760 }  matched=false
    exact rational points on plane: [ (-2 : 1 : 0), (3/4 : 1/2 : 1) ]
  exc=rats[4]: 2*z[2] - z[3]=0  comps=[ 1, 1, 2 ]  CM={ cusp }  matched=false
    exact rational points on plane: [ (3/4 : 1/2 : 1), (1 : 0 : 0) ]
  exc=rats[4]: 2*z[1] + z[2] - 2*z[3]=0  comps=[ 1, 1, 2 ]  CM={ -120 }  matched=false
    exact rational points on plane: [ (3/4 : 1/2 : 1), (1 : 0 : 1) ]
  exc=rats[4]: 2*z[1] - 3*z[2]=0  comps=[ 1, 1, 2 ]  CM={ -340 }  matched=false
    exact rational points on plane: [ (3/4 : 1/2 : 1), (-3 : -2 : 1) ]
  exc=rats[4]: 8*z[1] + 2*z[2] - 7*z[3]=0  comps=[ 1, 1, 2 ]  CM={ -180 }  matched=false
    exact rational points on plane: [ (3/4 : 1/2 : 1), (1 : -1/2 : 1) ]
All exceptional points geometrically covered: true
All exceptional points CM-confirmed: false

small rational points, their labels and images under pi:
  P1 = (1 : 1 : 1)  [CM disc -20]  |-->  (1 : 4 : 1)
  P2 = (1 : 1 : 0)  [CM disc -280]  |-->  (3/4 : 37/8 : 1)
  P3 = (-2 : 1 : 0)  [CM disc -760]  |-->  (3 : -1 : 1)
  P4 = (3/4 : 1/2 : 1)  [NOT CM (exceptional)]  |-->  (3/4 : 37/8 : 1)
  P5 = (-3 : -2 : 1)  [CM disc -340]  |-->  (1 : 4 : 1)
  P6 = (1 : -1/2 : 1)  [CM disc -180]  |-->  (1 : -5 : 1)
  P7 = (1 : 0 : 1)  [CM disc -120]  |-->  (3 : -2 : 1)
  P8 = (1 : 0 : 0)  [cusp]  |-->  (0 : 1 : 0)

candidate discs (degree-2 CM points on X_0(430)*): [ -55, -80, -136, -184, -220, -260, -420, -820, -1060, -1204, -1320, -2020, -2580, -5160 ]

--- CUSP FIBER: fiber of pi over Q = (0 : 1 : 0) (contains the cusp), splits as degrees [ 1, 2 ] ---
  deg-2 place (mult 1) over Number Field with defining polynomial x^2 + x + 1/2 over the Rational Field:
      (-K.1 : K.1 : 1)
  deg-1 place (mult 1): rational point (1 : 0 : 0)  [cusp]  <-- the cusp
cusp-fiber status: cusp fiber: degrees [ 1, 2 ]

--- fiber of pi over Q = (1 : 4 : 1) through known point (1 : 1 : 1) [CM disc -20], splits as degrees [ 1, 1 ] ---
  deg-1 place (mult 2): rational point (1 : 1 : 1)  [CM disc -20]  <-- P itself
  deg-1 place (mult 1): rational point (-3 : -2 : 1)  [CM disc -340]

--- fiber of pi over Q = (3/4 : 37/8 : 1) through known point (1 : 1 : 0) [CM disc -280], splits as degrees [ 1, 1 ] ---
  deg-1 place (mult 1): rational point (3/4 : 1/2 : 1)  [NOT CM (exceptional)]
  deg-1 place (mult 2): rational point (1 : 1 : 0)  [CM disc -280]  <-- P itself

--- fiber of pi over Q = (3 : -1 : 1) through known point (-2 : 1 : 0) [CM disc -760], splits as degrees [ 1, 2 ] ---
  deg-2 place (mult 1) over Number Field with defining polynomial x^2 + 10/9*x + 4/9 over the Rational Field:
      (1/2*(-K.1 + 2) : K.1 : 1)
  deg-1 place (mult 1): rational point (-2 : 1 : 0)  [CM disc -760]  <-- P itself

--- fiber of pi over Q = (3/4 : 37/8 : 1) through known point (3/4 : 1/2 : 1) [NOT CM (exceptional)], splits as degrees [ 1, 1 ] ---
  deg-1 place (mult 1): rational point (3/4 : 1/2 : 1)  [NOT CM (exceptional)]  <-- P itself
  deg-1 place (mult 2): rational point (1 : 1 : 0)  [CM disc -280]

--- fiber of pi over Q = (1 : 4 : 1) through known point (-3 : -2 : 1) [CM disc -340], splits as degrees [ 1, 1 ] ---
  deg-1 place (mult 2): rational point (1 : 1 : 1)  [CM disc -20]
  deg-1 place (mult 1): rational point (-3 : -2 : 1)  [CM disc -340]  <-- P itself

--- fiber of pi over Q = (1 : -5 : 1) through known point (1 : -1/2 : 1) [CM disc -180], splits as degrees [ 1, 2 ] ---
  deg-1 place (mult 1): rational point (1 : -1/2 : 1)  [CM disc -180]  <-- P itself
  deg-2 place (mult 1) over Number Field with defining polynomial x^2 - 7*x + 15 over the Rational Field:
      (K.1 : -2 : 1)

--- fiber of pi over Q = (3 : -2 : 1) through known point (1 : 0 : 1) [CM disc -120], splits as degrees [ 1, 2 ] ---
  deg-1 place (mult 1): rational point (1 : 0 : 1)  [CM disc -120]  <-- P itself
  deg-2 place (mult 1) over Number Field with defining polynomial x^2 + 1 over the Rational Field:
      (-K.1 : K.1 : 1)

--- fiber of pi over Q = (0 : 1 : 0) through known point (1 : 0 : 0) [cusp], splits as degrees [ 1, 2 ] ---
  deg-2 place (mult 1) over Number Field with defining polynomial x^2 + x + 1/2 over the Rational Field:
      (-K.1 : K.1 : 1)
  deg-1 place (mult 1): rational point (1 : 0 : 0)  [cusp]  <-- P itself
>>> PARTNER in the fiber over Q = (1 : 4 : 1) (via known point (1 : 1 : 1) [CM disc -20]):
>>>     (-3 : -2 : 1)   —   CM disc -340
>>> PARTNER in the fiber over Q = (3/4 : 37/8 : 1) (via known point (1 : 1 : 0) [CM disc -280]):
>>>     (3/4 : 1/2 : 1)   —   NOT CM (exceptional)
rational-point-fiber status: 8 known point(s) checked

--- D = -55 (h = 4) ---
  CM point at tau = 0.319767 + 0.00862348*$.1: image NOT recognized as rational: [ -2.236067978 + 1.074140385E-68*$.1, 9.472135955 - 1.582060966E-67*$.1, 1.000000000 ]
  CM point at tau = 0.180233 + 0.00862348*$.1: image NOT recognized as rational: [ 2.236067978 - 9.215278511E-70*$.1, 0.5278640450 + 5.084241599E-70*$.1, 1.000000000 ]
status: images not rational (no rational fiber)

--- D = -80 (h = 2) ---
  CM point at tau = 0.441861 + 0.0104003*$.1  |-->  Q = (3 : -2 : 1)
  CM point at tau = -0.441861 + 0.0104003*$.1  |-->  Q = (3 : -2 : 1)
all disc--80 CM points map to the SAME rational point — as expected

--- fiber of pi over Q1 = (3 : -2 : 1) (image of the disc--80 CM points) ---
  deg-1 place (mult 1): rational point (1 : 0 : 1)  [CM disc -120]
  deg-2 place (mult 1) over Number Field with defining polynomial x^2 + 1 over the Rational Field:
      (-K.1 : K.1 : 1)   <-- the two disc--80 CM points
>>> THIRD POINT in the fiber over Q = (3 : -2 : 1):
>>>     (1 : 0 : 1)   —   CM disc -120
status: 1 rational fiber(s)

--- D = -136 (h = 4) ---
  CM point at tau = 0.293023 + 0.0135604*$.1: image NOT recognized as rational: [ 5.000000000 - 1.414213562*$.1, -9.000000000 + 5.656854250*$.1, 1.000000000 ]
  CM point at tau = -0.106977 + 0.0135604*$.1: image NOT recognized as rational: [ 5.000000000 + 1.414213562*$.1, -9.000000000 - 5.656854250*$.1, 1.000000000 ]
status: images not rational (no rational fiber)

--- D = -184 (h = 4) ---
  CM point at tau = 0.469768 + 0.0157728*$.1: image NOT recognized as rational: [ 2.828427125 - 7.911675535E-128*$.1, -1.171572875 - 4.821032738E-128*$.1, 1.000000000 ]
  CM point at tau = 0.330233 + 0.0157728*$.1: image NOT recognized as rational: [ -2.828427125 - 1.049709267E-127*$.1, -6.828427125 - 4.946594154E-127*$.1, 1.000000000 ]
status: images not rational (no rational fiber)

--- D = -220 (h = 4) ---
  CM point at tau = 0.360465 + 0.0172470*$.1  |-->  Q = (3 : -1 : 1)
  CM point at tau = -0.360465 + 0.0172470*$.1  |-->  Q = (3 : -1 : 1)
all disc--220 CM points map to the SAME rational point — as expected

--- fiber of pi over Q1 = (3 : -1 : 1) (image of the disc--220 CM points) ---
  deg-2 place (mult 1) over Number Field with defining polynomial x^2 + 10/9*x + 4/9 over the Rational Field:
      (1/2*(-K.1 + 2) : K.1 : 1)   <-- the two disc--220 CM points
  deg-1 place (mult 1): rational point (-2 : 1 : 0)  [CM disc -760]
>>> THIRD POINT in the fiber over Q = (3 : -1 : 1):
>>>     (-2 : 1 : 0)   —   CM disc -760
status: 1 rational fiber(s)

--- D = -260 (h = 8) ---
  CM point at tau = 0.0813954 + 0.0187494*$.1: image NOT recognized as rational: [ 2.000000000 - 2.000000000*$.1, 2.000000000 + 6.000000000*$.1, 1.000000000 ]
  CM point at tau = -0.0813954 + 0.0187494*$.1: image NOT recognized as rational: [ 2.000000000 + 2.000000000*$.1, 2.000000000 - 6.000000000*$.1, 1.000000000 ]
status: images not rational (no rational fiber)

--- D = -420 (h = 8) ---
  CM point at tau = 0.267442 + 0.0238301*$.1: image NOT recognized as rational: [ 2.000000000 + 2.000000000*$.1, 2.000000000 - 6.000000000*$.1, 1.000000000 ]
  CM point at tau = -0.267442 + 0.0238301*$.1: image NOT recognized as rational: [ 2.000000000 - 2.000000000*$.1, 2.000000000 + 6.000000000*$.1, 1.000000000 ]
status: images not rational (no rational fiber)

--- D = -820 (h = 8) ---
  CM point at tau = 0.0348837 + 0.0332972*$.1: image NOT recognized as rational: [ 4.175390529 + 4.611444300E-200*$.1, -6.113866854 - 8.347801054E-200*$.1, 1.000000000 ]
  CM point at tau = 0.457716 + 0.00302702*$.1: image NOT recognized as rational: [ 2.574609470 - 9.916318863E-24*$.1, -0.5111331461 + 3.262712168E-23*$.1, 1.000000000 ]
status: images not rational (no rational fiber)

--- D = -1060 (h = 8) ---
  CM point at tau = 0.313953 + 0.0378577*$.1: image NOT recognized as rational: [ 0.1000000000 - 0.2000000000*$.1, -0.8000000000 - 2.400000000*$.1, 1.000000000 ]
  CM point at tau = -0.313953 + 0.0378577*$.1: image NOT recognized as rational: [ 0.1000000000 + 0.2000000000*$.1, -0.8000000000 + 2.400000000*$.1, 1.000000000 ]
status: images not rational (no rational fiber)

--- D = -1204 (h = 8) ---
  CM point at tau = 0.100000 + 0.0403473*$.1: image NOT recognized as rational: [ 3.375000000 - 2.315032397*$.1, -2.312500000 + 8.102613390*$.1, 1.000000000 ]
  CM point at tau = -0.100000 + 0.0403473*$.1: image NOT recognized as rational: [ 3.375000000 + 2.315032397*$.1, -2.312500000 - 8.102613390*$.1, 1.000000000 ]
status: images not rational (no rational fiber)

--- D = -1320 (h = 8) ---
  CM point at tau = 0.0232558 + 0.0422463*$.1: image NOT recognized as rational: [ 4.898979486 - 1.382430960E-200*$.1, -8.898979486 + 4.265606940E-200*$.1, 1.000000000 ]
  CM point at tau = 0.325582 + 0.0140821*$.1: image NOT recognized as rational: [ -4.898979486 - 4.648953050E-113*$.1, 0.8989794856 + 6.222335433E-113*$.1, 1.000000000 ]
status: images not rational (no rational fiber)

--- D = -2020 (h = 8) ---
  CM point at tau = 0.151163 + 0.0522609*$.1: image NOT recognized as rational: [ 2.000000000 - 2.000000000*$.1, 2.000000000 + 6.000000000*$.1, 1.000000000 ]
  CM point at tau = -0.151163 + 0.0522609*$.1: image NOT recognized as rational: [ 2.000000000 + 2.000000000*$.1, 2.000000000 - 6.000000000*$.1, 1.000000000 ]
status: images not rational (no rational fiber)

--- D = -2580 (h = 16) ---
  CM point at tau = 0.500000 + 0.0590624*$.1: image NOT recognized as rational: [ 3.137250671 + 1.363075741E-200*$.1, -0.7019514755 + 3.109733545E-200*$.1, 1.000000000 ]
  CM point at tau = 0.318182 + 0.00536931*$.1: image NOT recognized as rational: [ -0.4972506707 + 1.208233435E-42*$.1, 7.293951476 - 1.077313717E-41*$.1, 1.000000000 ]
status: images not rational (no rational fiber)

--- D = -5160 (h = 16) ---
  CM point at tau = 0.0835268*$.1: image NOT recognized as rational: [ 6.243632615, -14.49218761, 1.000000000 ]
  CM point at tau = 0.461538 + 0.00642515*$.1: image NOT recognized as rational: [ 2.716367385 + 1.808881569E-50*$.1, -0.9318123920 - 2.077700116E-51*$.1, 1.000000000 ]
status: images not rational (no rational fiber)

================ SWEEP SUMMARY for X_0(430)* -> X_0(430)* ================
  RATIONAL-POINT fiber |--> Q = (1 : 4 : 1); RESIDUAL POINT (-3 : -2 : 1) — CM disc -340  (partner of known point (1 : 1 : 1) [CM disc -20])
  RATIONAL-POINT fiber |--> Q = (3/4 : 37/8 : 1); RESIDUAL POINT (3/4 : 1/2 : 1) — NOT CM (exceptional)  (partner of known point (1 : 1 : 0) [CM disc -280])
  D = -80: CM points |--> Q = (3 : -2 : 1); THIRD POINT (1 : 0 : 1) — CM disc -120
  D = -220: CM points |--> Q = (3 : -1 : 1); THIRD POINT (-2 : 1 : 0) — CM disc -760

#################### N = 154, p = 1 ####################
M = 154: new-quotient triple cover to 154a1 (modular degree 24)
[BuildTripleCoverNew] building model of X_0(154)* (eval_prec = 400, cached if available)... [cache] loaded 3000-term star forms for level 154
done (24.830 s)
[cache] loaded triple-cover map for (N=154, p=1) -> 154a1
X_0(154)* = Hyperelliptic Curve defined by y^2 = x^6 - 4*x^5 + 2*x^4 - 4*x^3 + 13*x^2 + 4*x + 4 over Rational Field
E = [ 1, -1, 0, -29, 69 ] (154a1)

===== SWEEP of CM discriminants for X_0(154)* -> X_0(154)* =====
found 13 small rational points on X_0(154)* (bound 100000)
found CM point at discriminant -7
found CM point at discriminant -28
found CM point at discriminant -52
found CM point at discriminant -24
found CM point at discriminant -112
found CM point at discriminant -40
found CM point at discriminant -84
found CM point at discriminant -132
found CM point at discriminant -1540
found CM point at discriminant -1848

labelling the rational points:
  disc = -24 -> rats[3], (0 : -2 : 1), (CM hyperelliptic)
  disc = -112 -> rats[11], (-1 : 56 : 3), (CM hyperelliptic)
  disc = -1848 -> rats[12], (4 : -22 : 1), (CM hyperelliptic)
  disc = -7 -> rats[5], (1 : -4 : 1) (CM hyperelliptic, elliptic order 2)
  disc = -132 -> rats[13], (4 : 22 : 1), (CM hyperelliptic)
  disc = -1540 -> rats[9], (-3 : 77 : 2), (CM hyperelliptic)
  disc = -40 -> rats[2], (1 : 1 : 0) (CM hyperelliptic, WPS infinity)
  disc = -52 -> rats[4], (0 : 2 : 1), (CM hyperelliptic)
  disc = -84 -> rats[7], (2 : 0 : 1), (CM hyperelliptic)
  disc = -28 -> rats[6], (1 : 4 : 1) (CM hyperelliptic, elliptic order 2)
  Cusp -> rats[1] (1 : -1 : 0)
Labelled 11 CM+cusp, 2 exceptional
  exceptional: rats[8] = (-3 : -77 : 2)
  exceptional: rats[10] = (-1 : -56 : 3)
Involution pairs found: 2
  rats[8] = (-3 : -77 : 2) is hyperelliptic involution of rats[9] (CM disc { -1540 })
  rats[10] = (-1 : -56 : 3) is hyperelliptic involution of rats[11] (CM disc { -112 })
All exceptional points explained: true

small rational points, their labels and images under pi:
  P1 = (1 : -1 : 0)  [cusp]  |-->  (0 : 1 : 0)
  P2 = (1 : 1 : 0)  [CM disc -40]  |-->  (3 : -3 : 1)
  P3 = (0 : -2 : 1)  [CM disc -24]  |-->  (2 : 3 : 1)
  P4 = (0 : 2 : 1)  [CM disc -52]  |-->  (2 : 3 : 1)
  P5 = (1 : -4 : 1)  [CM disc -7]  |-->  (3 : 0 : 1)
  P6 = (1 : 4 : 1)  [CM disc -28]  |-->  (-5/9 : 256/27 : 1)
  P7 = (2 : 0 : 1)  [CM disc -84]  |-->  (2 : 3 : 1)
  P8 = (-3 : -77 : 2)  [NOT CM (exceptional)]  |-->  (-13/4 : -75/8 : 1)
  P9 = (-3 : 77 : 2)  [CM disc -1540]  |-->  (5 : 3 : 1)
  P10 = (-1 : -56 : 3)  [NOT CM (exceptional)]  |-->  (-5/9 : 256/27 : 1)
  P11 = (-1 : 56 : 3)  [CM disc -112]  |-->  (3 : 0 : 1)
  P12 = (4 : -22 : 1)  [CM disc -1848]  |-->  (498/49 : -11115/343 : 1)
  P13 = (4 : 22 : 1)  [CM disc -132]  |-->  (34/9 : -95/27 : 1)

candidate discs (degree-2 CM points on X_0(154)*): [ -55, -63, -68, -220, -252, -264, -292, -308, -420, -448, -616, -868, -952, -1672, -2772, -8008, -8932 ]

--- CUSP FIBER: fiber of pi over Q = (0 : 1 : 0) (contains the cusp), splits as degrees [ 1, 2 ] ---
  deg-2 place (mult 1) over Number Field with defining polynomial x^2 + x + 1 over the Rational Field:
      (K.1 : 3*K.1 + 1 : 1)
  deg-1 place (mult 1): rational point (1 : -1 : 0)  [cusp]  <-- the cusp
cusp-fiber status: cusp fiber: degrees [ 1, 2 ]

--- fiber of pi over Q = (0 : 1 : 0) through known point (1 : -1 : 0) [cusp], splits as degrees [ 1, 2 ] ---
  deg-2 place (mult 1) over Number Field with defining polynomial x^2 + x + 1 over the Rational Field:
      (K.1 : 3*K.1 + 1 : 1)
  deg-1 place (mult 1): rational point (1 : -1 : 0)  [cusp]  <-- P itself

--- fiber of pi over Q = (3 : -3 : 1) through known point (1 : 1 : 0) [CM disc -40], splits as degrees [ 1, 2 ] ---
  deg-2 place (mult 1) over Number Field with defining polynomial x^2 + x + 1 over the Rational Field:
      (K.1 : -3*K.1 - 1 : 1)
  deg-1 place (mult 1): rational point (1 : 1 : 0)  [CM disc -40]  <-- P itself

--- fiber of pi over Q = (2 : 3 : 1) through known point (0 : -2 : 1) [CM disc -24], splits as degrees [ 1, 1, 1 ] ---
  deg-1 place (mult 1): rational point (2 : 0 : 1)  [CM disc -84]
  deg-1 place (mult 1): rational point (0 : 2 : 1)  [CM disc -52]
  deg-1 place (mult 1): rational point (0 : -2 : 1)  [CM disc -24]  <-- P itself

--- fiber of pi over Q = (2 : 3 : 1) through known point (0 : 2 : 1) [CM disc -52], splits as degrees [ 1, 1, 1 ] ---
  deg-1 place (mult 1): rational point (2 : 0 : 1)  [CM disc -84]
  deg-1 place (mult 1): rational point (0 : 2 : 1)  [CM disc -52]  <-- P itself
  deg-1 place (mult 1): rational point (0 : -2 : 1)  [CM disc -24]

--- fiber of pi over Q = (3 : 0 : 1) through known point (1 : -4 : 1) [CM disc -7], splits as degrees [ 1, 1 ] ---
  deg-1 place (mult 2): rational point (1 : -4 : 1)  [CM disc -7]  <-- P itself
  deg-1 place (mult 1): rational point (-1 : 56 : 3)  [CM disc -112]

--- fiber of pi over Q = (-5/9 : 256/27 : 1) through known point (1 : 4 : 1) [CM disc -28], splits as degrees [ 1, 1 ] ---
  deg-1 place (mult 2): rational point (1 : 4 : 1)  [CM disc -28]  <-- P itself
  deg-1 place (mult 1): rational point (-1 : -56 : 3)  [NOT CM (exceptional)]

--- fiber of pi over Q = (2 : 3 : 1) through known point (2 : 0 : 1) [CM disc -84], splits as degrees [ 1, 1, 1 ] ---
  deg-1 place (mult 1): rational point (2 : 0 : 1)  [CM disc -84]  <-- P itself
  deg-1 place (mult 1): rational point (0 : 2 : 1)  [CM disc -52]
  deg-1 place (mult 1): rational point (0 : -2 : 1)  [CM disc -24]

--- fiber of pi over Q = (-13/4 : -75/8 : 1) through known point (-3 : -77 : 2) [NOT CM (exceptional)], splits as degrees [ 1, 2 ] ---
  deg-1 place (mult 1): rational point (-3 : -77 : 2)  [NOT CM (exceptional)]  <-- P itself
  deg-2 place (mult 1) over Number Field with defining polynomial x^2 + x + 3 over the Rational Field:
      (K.1 : K.1 - 5 : 1)

--- fiber of pi over Q = (5 : 3 : 1) through known point (-3 : 77 : 2) [CM disc -1540], splits as degrees [ 1, 2 ] ---
  deg-1 place (mult 1): rational point (-3 : 77 : 2)  [CM disc -1540]  <-- P itself
  deg-2 place (mult 1) over Number Field with defining polynomial x^2 + x + 3 over the Rational Field:
      (K.1 : -K.1 + 5 : 1)

--- fiber of pi over Q = (-5/9 : 256/27 : 1) through known point (-1 : -56 : 3) [NOT CM (exceptional)], splits as degrees [ 1, 1 ] ---
  deg-1 place (mult 2): rational point (1 : 4 : 1)  [CM disc -28]
  deg-1 place (mult 1): rational point (-1 : -56 : 3)  [NOT CM (exceptional)]  <-- P itself

--- fiber of pi over Q = (3 : 0 : 1) through known point (-1 : 56 : 3) [CM disc -112], splits as degrees [ 1, 1 ] ---
  deg-1 place (mult 2): rational point (1 : -4 : 1)  [CM disc -7]
  deg-1 place (mult 1): rational point (-1 : 56 : 3)  [CM disc -112]  <-- P itself

--- fiber of pi over Q = (498/49 : -11115/343 : 1) through known point (4 : -22 : 1) [CM disc -1848], splits as degrees [ 1, 2 ] ---
  deg-1 place (mult 1): rational point (4 : -22 : 1)  [CM disc -1848]  <-- P itself
  deg-2 place (mult 1) over Number Field with defining polynomial x^2 + 10/21*x + 8/21 over the Rational Field:
      (K.1 : 1/441*(775*K.1 + 74) : 1)

--- fiber of pi over Q = (34/9 : -95/27 : 1) through known point (4 : 22 : 1) [CM disc -132], splits as degrees [ 1, 2 ] ---
  deg-1 place (mult 1): rational point (4 : 22 : 1)  [CM disc -132]  <-- P itself
  deg-2 place (mult 1) over Number Field with defining polynomial x^2 + 10/21*x + 8/21 over the Rational Field:
      (K.1 : 1/441*(-775*K.1 - 74) : 1)
>>> PARTNER in the fiber over Q = (2 : 3 : 1) (via known point (0 : -2 : 1) [CM disc -24]):
>>>     (2 : 0 : 1)   —   CM disc -84
>>> PARTNER in the fiber over Q = (2 : 3 : 1) (via known point (0 : -2 : 1) [CM disc -24]):
>>>     (0 : 2 : 1)   —   CM disc -52
>>> PARTNER in the fiber over Q = (2 : 3 : 1) (via known point (0 : 2 : 1) [CM disc -52]):
>>>     (2 : 0 : 1)   —   CM disc -84
>>> PARTNER in the fiber over Q = (3 : 0 : 1) (via known point (1 : -4 : 1) [CM disc -7]):
>>>     (-1 : 56 : 3)   —   CM disc -112
>>> PARTNER in the fiber over Q = (-5/9 : 256/27 : 1) (via known point (1 : 4 : 1) [CM disc -28]):
>>>     (-1 : -56 : 3)   —   NOT CM (exceptional)
rational-point-fiber status: 13 known point(s) checked

--- D = -55 (h = 4) ---
  CM point at tau = 0.321429 + 0.0240786*$.1: image NOT recognized as rational: [ -4.236067977 - 7.884593513E-194*$.1, 12.23606798 + 1.415178230E-193*$.1, 1.000000000 ]
  CM point at tau = 0.178571 + 0.0240786*$.1: image NOT recognized as rational: [ 0.2360679775 - 1.361736396E-192*$.1, 7.763932023 + 3.824352409E-192*$.1, 1.000000000 ]
status: images not rational (no rational fiber)

--- D = -63 (h = 1) ---
  CM point at tau = 0.340909 + 0.0257703*$.1: image NOT recognized as rational: [ 0.7500000000 - 2.455057229E-199*$.1, -7.248863542 - 6.054904240E-199*$.1, 1.000000000 ]
  CM point at tau = 0.159091 + 0.0257703*$.1: image NOT recognized as rational: [ 0.7500000000 - 1.784489430E-198*$.1, 6.498863542 + 5.161353717E-198*$.1, 1.000000000 ]
status: images not rational (no rational fiber)

--- D = -68 (h = 4) ---
  CM point at tau = 0.331169 + 0.0267734*$.1: image NOT recognized as rational: [ -4.561552813 + 1.891498489E-199*$.1, -7.246211251 + 2.404106979E-199*$.1, 1.000000000 ]
  CM point at tau = 0.240260 + 0.0267734*$.1: image NOT recognized as rational: [ -0.4384471872 + 5.502020418E-199*$.1, 9.246211251 - 1.485707491E-198*$.1, 1.000000000 ]
status: images not rational (no rational fiber)

--- D = -220 (h = 4) ---
  CM point at tau = 0.357143 + 0.0481572*$.1  |-->  Q = (5 : 3 : 1)
  CM point at tau = -0.357143 + 0.0481572*$.1  |-->  Q = (5 : 3 : 1)
all disc--220 CM points map to the SAME rational point — as expected

--- fiber of pi over Q1 = (5 : 3 : 1) (image of the disc--220 CM points) ---
  deg-1 place (mult 1): rational point (-3 : 77 : 2)  [CM disc -1540]
  deg-2 place (mult 1) over Number Field with defining polynomial x^2 + x + 3 over the Rational Field:
      (K.1 : -K.1 + 5 : 1)   <-- the two disc--220 CM points
>>> THIRD POINT in the fiber over Q = (5 : 3 : 1):
>>>     (-3 : 77 : 2)   —   CM disc -1540
status: 1 rational fiber(s)

--- D = -252 (h = 1) ---
  CM point at tau = 0.318182 + 0.0515406*$.1  |-->  Q = (0 : 1 : 0)
  CM point at tau = -0.318182 + 0.0515406*$.1  |-->  Q = (0 : 1 : 0)
all disc--252 CM points map to the SAME rational point — as expected

--- fiber of pi over Q1 = (0 : 1 : 0) (image of the disc--252 CM points) ---
  deg-2 place (mult 1) over Number Field with defining polynomial x^2 + x + 1 over the Rational Field:
      (K.1 : 3*K.1 + 1 : 1)   <-- the two disc--252 CM points
  deg-1 place (mult 1): rational point (1 : -1 : 0)  [cusp]
>>> THIRD POINT in the fiber over Q = (0 : 1 : 0):
>>>     (1 : -1 : 0)   —   cusp
status: 1 rational fiber(s)

--- D = -264 (h = 8) ---
  CM point at tau = 0.285714 + 0.0527535*$.1: image NOT recognized as rational: [ 1.000000000 + 7.071067812*$.1, 15.00000000 - 21.21320344*$.1, 1.000000000 ]
  CM point at tau = -0.285714 + 0.0527535*$.1: image NOT recognized as rational: [ 1.000000000 - 7.071067812*$.1, 15.00000000 + 21.21320344*$.1, 1.000000000 ]
status: images not rational (no rational fiber)

--- D = -292 (h = 4) ---
  CM point at tau = 0.487013 + 0.0554805*$.1: image NOT recognized as rational: [ 3.730514992 - 1.258747193E-197*$.1, -0.3506209999 + 5.950294234E-198*$.1, 1.000000000 ]
  CM point at tau = 0.0584416 + 0.0554805*$.1: image NOT recognized as rational: [ 4.842892210 - 6.703327751E-199*$.1, -7.376161330 + 2.667463610E-198*$.1, 1.000000000 ]
status: images not rational (no rational fiber)

--- D = -308 (h = 8) ---
  CM point at tau = 0.500000 + 0.0569803*$.1: image NOT recognized as rational: [ 3.787734591 + 1.459193927E-397*$.1, -0.2392155136 - 4.339774900E-398*$.1, 1.000000000 ]
  CM point at tau = 0.166667 + 0.0189934*$.1: image NOT recognized as rational: [ 0.5387960211 + 2.199306695E-142*$.1, 7.032218429 - 6.283918440E-142*$.1, 1.000000000 ]
status: images not rational (no rational fiber)

--- D = -420 (h = 8) ---
  CM point at tau = 0.0454546 + 0.0665387*$.1: image NOT recognized as rational: [ 5.872983346 + 2.577310550E-199*$.1, -11.61895004 - 1.083570755E-198*$.1, 1.000000000 ]
  CM point at tau = 0.318182 + 0.0221795*$.1: image NOT recognized as rational: [ -1.872983346 - 7.643124870E-178*$.1, 11.61895004 + 1.823574209E-177*$.1, 1.000000000 ]
status: images not rational (no rational fiber)

--- D = -448 (h = 1) ---
  CM point at tau = 0.0909091 + 0.0687208*$.1: image NOT recognized as rational: [ 3.970414201 - 1.461238979*$.1, -3.583067820 + 5.395343924*$.1, 1.000000000 ]
  CM point at tau = -0.0909091 + 0.0687208*$.1: image NOT recognized as rational: [ 3.970414201 + 1.461238979*$.1, -3.583067820 - 5.395343924*$.1, 1.000000000 ]
status: images not rational (no rational fiber)

--- D = -616 (h = 8) ---
  CM point at tau = 0.0805823*$.1: image NOT recognized as rational: [ 7.761832829, -20.20090634, 1.000000000 ]
  CM point at tau = 0.200000 + 0.0161165*$.1: image NOT recognized as rational: [ -0.3257645243 + 5.048301836E-119*$.1, 9.013475935 - 1.368189082E-118*$.1, 1.000000000 ]
status: images not rational (no rational fiber)

--- D = -868 (h = 8) ---
  CM point at tau = 0.318182 + 0.0956553*$.1: image NOT recognized as rational: [ -6.500000000 - 2.783882181*$.1, -11.00000000 + 11.13552873*$.1, 1.000000000 ]
  CM point at tau = -0.318182 + 0.0956553*$.1: image NOT recognized as rational: [ -6.500000000 + 2.783882181*$.1, -11.00000000 - 11.13552873*$.1, 1.000000000 ]
status: images not rational (no rational fiber)

--- D = -952 (h = 8) ---
  CM point at tau = 0.272727 + 0.100177*$.1: image NOT recognized as rational: [ -5.277777778 + 0.6060395619*$.1, 10.74074074 + 2.020131873*$.1, 1.000000000 ]
  CM point at tau = -0.272727 + 0.100177*$.1: image NOT recognized as rational: [ -5.277777778 - 0.6060395619*$.1, 10.74074074 - 2.020131873*$.1, 1.000000000 ]
status: images not rational (no rational fiber)

--- D = -1672 (h = 8) ---
  CM point at tau = 0.428571 + 0.132760*$.1: image NOT recognized as rational: [ 3.280000000 + 2.262741700*$.1, -2.760000000 + 5.702109084*$.1, 1.000000000 ]
  CM point at tau = -0.428571 + 0.132760*$.1: image NOT recognized as rational: [ 3.280000000 - 2.262741700*$.1, -2.760000000 - 5.702109084*$.1, 1.000000000 ]
status: images not rational (no rational fiber)

--- D = -2772 (h = 8) ---
  CM point at tau = 0.500000 + 0.170941*$.1: image NOT recognized as rational: [ 7.458135063 + 1.434448431E-199*$.1, 11.29910278 + 5.328816402E-199*$.1, 1.000000000 ]
  CM point at tau = 0.115385 + 0.0131493*$.1: image NOT recognized as rational: [ 2.990844529 + 1.360330140E-104*$.1, 0.02451238257 - 3.642073176E-104*$.1, 1.000000000 ]
status: images not rational (no rational fiber)

--- D = -8008 (h = 16) ---
  CM point at tau = 0.290544*$.1: image NOT recognized as rational: [ 45.88612315, -329.1685472, 1.000000000 ]
  CM point at tau = 0.117647 + 0.0170908*$.1: image NOT recognized as rational: [ 2.938586777 + 3.704624771E-136*$.1, 0.1677985135 - 1.012220166E-135*$.1, 1.000000000 ]
status: images not rational (no rational fiber)

--- D = -8932 (h = 16) ---
  CM point at tau = 0.500000 + 0.306848*$.1: image NOT recognized as rational: [ 41.55542464 + 9.799199397E-199*$.1, 242.5260582 + 8.980156662E-198*$.1, 1.000000000 ]
  CM point at tau = 0.346154 + 0.0236037*$.1: image NOT recognized as rational: [ 2.303056107 + 1.928880657E-189*$.1, -4.384001907 + 1.215071433E-188*$.1, 1.000000000 ]
status: images not rational (no rational fiber)

================ SWEEP SUMMARY for X_0(154)* -> X_0(154)* ================
  RATIONAL-POINT fiber |--> Q = (2 : 3 : 1); RESIDUAL POINT (2 : 0 : 1) — CM disc -84  (partner of known point (0 : -2 : 1) [CM disc -24])
  RATIONAL-POINT fiber |--> Q = (2 : 3 : 1); RESIDUAL POINT (0 : 2 : 1) — CM disc -52  (partner of known point (0 : -2 : 1) [CM disc -24])
  RATIONAL-POINT fiber |--> Q = (2 : 3 : 1); RESIDUAL POINT (2 : 0 : 1) — CM disc -84  (partner of known point (0 : 2 : 1) [CM disc -52])
  RATIONAL-POINT fiber |--> Q = (3 : 0 : 1); RESIDUAL POINT (-1 : 56 : 3) — CM disc -112  (partner of known point (1 : -4 : 1) [CM disc -7])
  RATIONAL-POINT fiber |--> Q = (-5/9 : 256/27 : 1); RESIDUAL POINT (-1 : -56 : 3) — NOT CM (exceptional)  (partner of known point (1 : 4 : 1) [CM disc -28])
  D = -220: CM points |--> Q = (5 : 3 : 1); THIRD POINT (-3 : 77 : 2) — CM disc -1540
  D = -252: CM points |--> Q = (0 : 1 : 0); THIRD POINT (1 : -1 : 0) — cusp

#################### N = 285, p = 1 ####################
M = 285: new-quotient triple cover to 285b1 (modular degree 24)
[BuildTripleCoverNew] building model of X_0(285)* (eval_prec = 400, cached if available)... [cache] loaded 3000-term star forms for level 285
done (16.040 s)
[cache] loaded triple-cover map for (N=285, p=1) -> 285b1
X_0(285)* = Hyperelliptic Curve defined by y^2 = 1/4*x^6 + 1/2*x^4 - 2*x^3 - 7/4*x^2 - 3*x over Rational Field
E = [ 1, 1, 0, 2, -17 ] (285b1)

===== SWEEP of CM discriminants for X_0(285)* -> X_0(285)* =====
found 9 small rational points on X_0(285)* (bound 100000)
found CM point at discriminant -51
found CM point at discriminant -15
found CM point at discriminant -60
found CM point at discriminant -75
found CM point at discriminant -240
found CM point at discriminant -1995

labelling the rational points:
  disc = -60 -> rats[4], (-1 : 2 : 1) (CM hyperelliptic, elliptic order 2)
  disc = -240 -> rats[7], (3 : 12 : 1), (CM hyperelliptic)
  disc = -75 -> rats[5], (0 : 0 : 1), (CM hyperelliptic)
  disc = -51 -> rats[2], (1 : 1/2 : 0) (CM hyperelliptic, WPS infinity)
  disc = -15 -> rats[3], (-1 : -2 : 1) (CM hyperelliptic, elliptic order 2)
  disc = -1995 -> rats[9], (-3/2 : 57/16 : 1), (CM hyperelliptic)
  Cusp -> rats[1] (1 : -1/2 : 0)
Labelled 7 CM+cusp, 2 exceptional
  exceptional: rats[6] = (3 : -12 : 1)
  exceptional: rats[8] = (-3/2 : -57/16 : 1)
Involution pairs found: 2
  rats[6] = (3 : -12 : 1) is hyperelliptic involution of rats[7] (CM disc { -240 })
  rats[8] = (-3/2 : -57/16 : 1) is hyperelliptic involution of rats[9] (CM disc { -1995 })
All exceptional points explained: true

small rational points, their labels and images under pi:
  P1 = (1 : -1/2 : 0)  [cusp]  |-->  (0 : 1 : 0)
  P2 = (1 : 1/2 : 0)  [CM disc -51]  |-->  (0 : 1 : 0)
  P3 = (-1 : -2 : 1)  [CM disc -15]  |-->  (6 : -19 : 1)
  P4 = (-1 : 2 : 1)  [CM disc -60]  |-->  (6 : 13 : 1)
  P5 = (0 : 0 : 1)  [CM disc -75]  |-->  (0 : 1 : 0)
  P6 = (3 : -12 : 1)  [NOT CM (exceptional)]  |-->  (6 : -19 : 1)
  P7 = (3 : 12 : 1)  [CM disc -240]  |-->  (6 : 13 : 1)
  P8 = (-3/2 : -57/16 : 1)  [NOT CM (exceptional)]  |-->  (27/4 : -179/8 : 1)
  P9 = (-3/2 : 57/16 : 1)  [CM disc -1995]  |-->  (27/4 : 125/8 : 1)

candidate discs (degree-2 CM points on X_0(285)*): [ -84, -155, -171, -219, -420, -456, -660, -915, -960, -1155, -1380, -2280, -2451, -8835 ]

--- CUSP FIBER: fiber of pi over Q = (0 : 1 : 0) (contains the cusp), splits as degrees [ 1, 1, 1 ] ---
  deg-1 place (mult 1): rational point (0 : 0 : 1)  [CM disc -75]
  deg-1 place (mult 1): rational point (1 : 1/2 : 0)  [CM disc -51]
  deg-1 place (mult 1): rational point (1 : -1/2 : 0)  [cusp]  <-- the cusp
>>> RESIDUAL POINT in the cusp fiber over Q = (0 : 1 : 0):
>>>     (0 : 0 : 1)   —   CM disc -75
>>> RESIDUAL POINT in the cusp fiber over Q = (0 : 1 : 0):
>>>     (1 : 1/2 : 0)   —   CM disc -51
cusp-fiber status: cusp fiber: degrees [ 1, 1, 1 ]

--- fiber of pi over Q = (0 : 1 : 0) through known point (1 : -1/2 : 0) [cusp], splits as degrees [ 1, 1, 1 ] ---
  deg-1 place (mult 1): rational point (0 : 0 : 1)  [CM disc -75]
  deg-1 place (mult 1): rational point (1 : 1/2 : 0)  [CM disc -51]
  deg-1 place (mult 1): rational point (1 : -1/2 : 0)  [cusp]  <-- P itself

--- fiber of pi over Q = (0 : 1 : 0) through known point (1 : 1/2 : 0) [CM disc -51], splits as degrees [ 1, 1, 1 ] ---
  deg-1 place (mult 1): rational point (0 : 0 : 1)  [CM disc -75]
  deg-1 place (mult 1): rational point (1 : 1/2 : 0)  [CM disc -51]  <-- P itself
  deg-1 place (mult 1): rational point (1 : -1/2 : 0)  [cusp]

--- fiber of pi over Q = (6 : -19 : 1) through known point (-1 : -2 : 1) [CM disc -15], splits as degrees [ 1, 1 ] ---
  deg-1 place (mult 1): rational point (3 : -12 : 1)  [NOT CM (exceptional)]
  deg-1 place (mult 2): rational point (-1 : -2 : 1)  [CM disc -15]  <-- P itself

--- fiber of pi over Q = (6 : 13 : 1) through known point (-1 : 2 : 1) [CM disc -60], splits as degrees [ 1, 1 ] ---
  deg-1 place (mult 1): rational point (3 : 12 : 1)  [CM disc -240]
  deg-1 place (mult 2): rational point (-1 : 2 : 1)  [CM disc -60]  <-- P itself

--- fiber of pi over Q = (0 : 1 : 0) through known point (0 : 0 : 1) [CM disc -75], splits as degrees [ 1, 1, 1 ] ---
  deg-1 place (mult 1): rational point (0 : 0 : 1)  [CM disc -75]  <-- P itself
  deg-1 place (mult 1): rational point (1 : 1/2 : 0)  [CM disc -51]
  deg-1 place (mult 1): rational point (1 : -1/2 : 0)  [cusp]

--- fiber of pi over Q = (6 : -19 : 1) through known point (3 : -12 : 1) [NOT CM (exceptional)], splits as degrees [ 1, 1 ] ---
  deg-1 place (mult 1): rational point (3 : -12 : 1)  [NOT CM (exceptional)]  <-- P itself
  deg-1 place (mult 2): rational point (-1 : -2 : 1)  [CM disc -15]

--- fiber of pi over Q = (6 : 13 : 1) through known point (3 : 12 : 1) [CM disc -240], splits as degrees [ 1, 1 ] ---
  deg-1 place (mult 1): rational point (3 : 12 : 1)  [CM disc -240]  <-- P itself
  deg-1 place (mult 2): rational point (-1 : 2 : 1)  [CM disc -60]

--- fiber of pi over Q = (27/4 : -179/8 : 1) through known point (-3/2 : -57/16 : 1) [NOT CM (exceptional)], splits as degrees [ 1, 2 ] ---
  deg-1 place (mult 1): rational point (-3/2 : -57/16 : 1)  [NOT CM (exceptional)]  <-- P itself
  deg-2 place (mult 1) over Number Field with defining polynomial x^2 - 5/2*x - 2 over the Rational Field:
      (K.1 : 1/8*(-27*K.1 - 28) : 1)

--- fiber of pi over Q = (27/4 : 125/8 : 1) through known point (-3/2 : 57/16 : 1) [CM disc -1995], splits as degrees [ 1, 2 ] ---
  deg-1 place (mult 1): rational point (-3/2 : 57/16 : 1)  [CM disc -1995]  <-- P itself
  deg-2 place (mult 1) over Number Field with defining polynomial x^2 - 5/2*x - 2 over the Rational Field:
      (K.1 : 1/8*(27*K.1 + 28) : 1)
>>> PARTNER in the fiber over Q = (0 : 1 : 0) (via known point (1 : -1/2 : 0) [cusp]):
>>>     (0 : 0 : 1)   —   CM disc -75
>>> PARTNER in the fiber over Q = (0 : 1 : 0) (via known point (1 : -1/2 : 0) [cusp]):
>>>     (1 : 1/2 : 0)   —   CM disc -51
>>> PARTNER in the fiber over Q = (0 : 1 : 0) (via known point (1 : 1/2 : 0) [CM disc -51]):
>>>     (0 : 0 : 1)   —   CM disc -75
>>> PARTNER in the fiber over Q = (6 : -19 : 1) (via known point (-1 : -2 : 1) [CM disc -15]):
>>>     (3 : -12 : 1)   —   NOT CM (exceptional)
>>> PARTNER in the fiber over Q = (6 : 13 : 1) (via known point (-1 : 2 : 1) [CM disc -60]):
>>>     (3 : 12 : 1)   —   CM disc -240
rational-point-fiber status: 9 known point(s) checked

--- D = -84 (h = 4) ---
  CM point at tau = 0.378947 + 0.0160792*$.1: image NOT recognized as rational: [ 2.500000000 - 0.8660254038*$.1, -5.000000000 + 3.464101615*$.1, 1.000000000 ]
  CM point at tau = -0.221053 + 0.0160792*$.1: image NOT recognized as rational: [ 2.500000000 + 0.8660254038*$.1, -5.000000000 - 3.464101615*$.1, 1.000000000 ]
status: images not rational (no rational fiber)

--- D = -155 (h = 4) ---
  CM point at tau = 0.359649 + 0.0218419*$.1: image NOT recognized as rational: [ -0.2500000000 + 1.608315658E-177*$.1, 0.1250000000 + 4.175823272*$.1, 1.000000000 ]
  CM point at tau = -0.307017 + 0.0218419*$.1: image NOT recognized as rational: [ -0.2500000000 + 1.286437558E-177*$.1, 0.1250000000 - 4.175823272*$.1, 1.000000000 ]
status: images not rational (no rational fiber)

--- D = -171 (h = 1) ---
  CM point at tau = 0.100000 + 0.0229416*$.1: image NOT recognized as rational: [ -1.500000000 + 2.598076211*$.1, 2.500000000 - 2.598076211*$.1, 1.000000000 ]
  CM point at tau = -0.100000 + 0.0229416*$.1: image NOT recognized as rational: [ -1.500000000 - 2.598076211*$.1, 2.500000000 + 2.598076211*$.1, 1.000000000 ]
status: images not rational (no rational fiber)

--- D = -219 (h = 4) ---
  CM point at tau = 0.405263 + 0.0259625*$.1: image NOT recognized as rational: [ 2.500000000 - 0.8660254038*$.1, 2.500000000 - 2.598076211*$.1, 1.000000000 ]
  CM point at tau = -0.194737 + 0.0259625*$.1: image NOT recognized as rational: [ 2.500000000 + 0.8660254038*$.1, 2.500000000 + 2.598076211*$.1, 1.000000000 ]
status: images not rational (no rational fiber)

--- D = -420 (h = 8) ---
  CM point at tau = 0.210526 + 0.0359542*$.1: image NOT recognized as rational: [ 1.500000000 - 5.380837511E-200*$.1, -0.7500000000 - 2.795084972*$.1, 1.000000000 ]
  CM point at tau = -0.210526 + 0.0359542*$.1: image NOT recognized as rational: [ 1.500000000 + 5.380837511E-200*$.1, -0.7500000000 + 2.795084972*$.1, 1.000000000 ]
status: images not rational (no rational fiber)

--- D = -456 (h = 8) ---
  CM point at tau = 0.400000 + 0.0374634*$.1: image NOT recognized as rational: [ 2.722222222 + 0.07856742013*$.1, 2.870370370 + 0.2487968304*$.1, 1.000000000 ]
  CM point at tau = -0.400000 + 0.0374634*$.1: image NOT recognized as rational: [ 2.722222222 - 0.07856742013*$.1, 2.870370370 - 0.2487968304*$.1, 1.000000000 ]
status: images not rational (no rational fiber)

--- D = -660 (h = 8) ---
  CM point at tau = 0.315790 + 0.0450710*$.1: image NOT recognized as rational: [ -0.5000000000 + 1.658312395*$.1, 1.150483314E-197 + 3.316624790*$.1, 1.000000000 ]
  CM point at tau = -0.315790 + 0.0450710*$.1: image NOT recognized as rational: [ -0.5000000000 - 1.658312395*$.1, 1.150483314E-197 - 3.316624790*$.1, 1.000000000 ]
status: images not rational (no rational fiber)

--- D = -915 (h = 8) ---
  CM point at tau = 0.0263158 + 0.0530683*$.1: image NOT recognized as rational: [ 2.018236237 - 7.699445715E-200*$.1, -1.599800464 + 1.070262842E-199*$.1, 1.000000000 ]
  CM point at tau = 0.432331 + 0.00758120*$.1: image NOT recognized as rational: [ 8.092874874 - 4.474853741E-60*$.1, 20.67387454 - 8.687483872E-58*$.1, 1.000000000 ]
status: images not rational (no rational fiber)

--- D = -960 (h = 2) ---
  CM point at tau = 0.105263 + 0.0543576*$.1: image NOT recognized as rational: [ -2.000000000 + 8.509583190E-200*$.1, 1.000000000 + 4.898979486*$.1, 1.000000000 ]
  CM point at tau = -0.105263 + 0.0543576*$.1: image NOT recognized as rational: [ -2.000000000 - 8.509583190E-200*$.1, 1.000000000 - 4.898979486*$.1, 1.000000000 ]
status: images not rational (no rational fiber)

--- D = -1155 (h = 8) ---
  CM point at tau = 0.236842 + 0.0596233*$.1: image NOT recognized as rational: [ -0.5000000000 + 1.658312395*$.1, 0.5000000000 - 4.974937186*$.1, 1.000000000 ]
  CM point at tau = -0.236842 + 0.0596233*$.1: image NOT recognized as rational: [ -0.5000000000 - 1.658312395*$.1, 0.5000000000 + 4.974937186*$.1, 1.000000000 ]
status: images not rational (no rational fiber)

--- D = -1380 (h = 8) ---
  CM point at tau = 0.0526316 + 0.0651726*$.1: image NOT recognized as rational: [ 1.500000000 - 1.713205303E-200*$.1, -0.7500000000 + 2.795084972*$.1, 1.000000000 ]
  CM point at tau = -0.0526316 + 0.0651726*$.1: image NOT recognized as rational: [ 1.500000000 + 1.713205303E-200*$.1, -0.7500000000 - 2.795084972*$.1, 1.000000000 ]
status: images not rational (no rational fiber)

--- D = -2280 (h = 16) ---
  CM point at tau = 0.0837708*$.1: image NOT recognized as rational: [ 2.376275643, -4.056759606, 1.000000000 ]
  CM point at tau = 0.142857 + 0.0119673*$.1: image NOT recognized as rational: [ 14.62372436 - 4.869614907E-96*$.1, 51.05675961 - 1.401578225E-93*$.1, 1.000000000 ]
status: images not rational (no rational fiber)

--- D = -2451 (h = 8) ---
  CM point at tau = 0.100000 + 0.0868554*$.1: image NOT recognized as rational: [ -0.5076530612 - 1.568566420*$.1, 0.4347667639 + 4.929780177*$.1, 1.000000000 ]
  CM point at tau = -0.100000 + 0.0868554*$.1: image NOT recognized as rational: [ -0.5076530612 + 1.568566420*$.1, 0.4347667639 - 4.929780177*$.1, 1.000000000 ]
status: images not rational (no rational fiber)

--- D = -8835 (h = 16) ---
  CM point at tau = 0.500000 + 0.164903*$.1: image NOT recognized as rational: [ 12.32538062 + 1.999605617E-199*$.1, 39.33406572 + 9.736394163E-199*$.1, 1.000000000 ]
  CM point at tau = 0.136364 + 0.0149912*$.1: image NOT recognized as rational: [ 74.94622432 - 4.923928566E-120*$.1, 616.8374020 + 1.859507190E-116*$.1, 1.000000000 ]
status: images not rational (no rational fiber)

================ SWEEP SUMMARY for X_0(285)* -> X_0(285)* ================
  CUSP fiber |--> Q = (0 : 1 : 0); RESIDUAL POINT (0 : 0 : 1) — CM disc -75
  CUSP fiber |--> Q = (0 : 1 : 0); RESIDUAL POINT (1 : 1/2 : 0) — CM disc -51
  RATIONAL-POINT fiber |--> Q = (0 : 1 : 0); RESIDUAL POINT (0 : 0 : 1) — CM disc -75  (partner of known point (1 : -1/2 : 0) [cusp])
  RATIONAL-POINT fiber |--> Q = (0 : 1 : 0); RESIDUAL POINT (1 : 1/2 : 0) — CM disc -51  (partner of known point (1 : -1/2 : 0) [cusp])
  RATIONAL-POINT fiber |--> Q = (0 : 1 : 0); RESIDUAL POINT (0 : 0 : 1) — CM disc -75  (partner of known point (1 : 1/2 : 0) [CM disc -51])
  RATIONAL-POINT fiber |--> Q = (6 : -19 : 1); RESIDUAL POINT (3 : -12 : 1) — NOT CM (exceptional)  (partner of known point (-1 : -2 : 1) [CM disc -15])
  RATIONAL-POINT fiber |--> Q = (6 : 13 : 1); RESIDUAL POINT (3 : 12 : 1) — CM disc -240  (partner of known point (-1 : 2 : 1) [CM disc -60])

#################### N = 286, p = 1 ####################
M = 286: new-quotient triple cover to 286c1 (modular degree 24)
[BuildTripleCoverNew] building model of X_0(286)* (eval_prec = 400, cached if available)... [cache] loaded 3000-term star forms for level 286
done (15.580 s)
[cache] loaded triple-cover map for (N=286, p=1) -> 286c1
X_0(286)* = Hyperelliptic Curve defined by y^2 = 1/4*x^6 + 1/2*x^4 + 5/4*x^2 - 3*x - 1 over Rational Field
E = [ 1, 1, 0, -33, 61 ] (286c1)

===== SWEEP of CM discriminants for X_0(286)* -> X_0(286)* =====
found 6 small rational points on X_0(286)* (bound 100000)
found CM point at discriminant -88
found CM point at discriminant -52
found CM point at discriminant -40

labelling the rational points:
  disc = -88 -> rats[4], (-1 : 2 : 1) (CM hyperelliptic, elliptic order 2)
  disc = -40 -> rats[2], (1 : 1/2 : 0) (CM hyperelliptic, WPS infinity)
  disc = -52 -> rats[3], (-1 : -2 : 1) (CM hyperelliptic, elliptic order 2)
  Cusp -> rats[1] (1 : -1/2 : 0)
Labelled 4 CM+cusp, 2 exceptional
  exceptional: rats[5] = (5/2 : -143/16 : 1)
  exceptional: rats[6] = (5/2 : 143/16 : 1)
Involution pairs found: 0
All exceptional points explained: false

small rational points, their labels and images under pi:
  P1 = (1 : -1/2 : 0)  [cusp]  |-->  (0 : 1 : 0)
  P2 = (1 : 1/2 : 0)  [CM disc -40]  |-->  (3 : -2 : 1)
  P3 = (-1 : -2 : 1)  [CM disc -52]  |-->  (-5 : -9 : 1)
  P4 = (-1 : 2 : 1)  [CM disc -88]  |-->  (3 : -1 : 1)
  P5 = (5/2 : -143/16 : 1)  [NOT CM (exceptional)]  |-->  (97/9 : -1042/27 : 1)
  P6 = (5/2 : 143/16 : 1)  [NOT CM (exceptional)]  |-->  (15/4 : -37/8 : 1)

candidate discs (degree-2 CM points on X_0(286)*): [ -39, -55, -68, -120, -156, -208, -220, -260, -264, -308, -352, -468, -568, -660, -792, -1716, -1768, -3432, -8008 ]

--- CUSP FIBER: fiber of pi over Q = (0 : 1 : 0) (contains the cusp), splits as degrees [ 1, 2 ] ---
  deg-2 place (mult 1) over Number Field with defining polynomial x^2 + x + 1 over the Rational Field:
      (K.1 : 1/2*(3*K.1 - 1) : 1)
  deg-1 place (mult 1): rational point (1 : -1/2 : 0)  [cusp]  <-- the cusp
cusp-fiber status: cusp fiber: degrees [ 1, 2 ]

--- fiber of pi over Q = (0 : 1 : 0) through known point (1 : -1/2 : 0) [cusp], splits as degrees [ 1, 2 ] ---
  deg-2 place (mult 1) over Number Field with defining polynomial x^2 + x + 1 over the Rational Field:
      (K.1 : 1/2*(3*K.1 - 1) : 1)
  deg-1 place (mult 1): rational point (1 : -1/2 : 0)  [cusp]  <-- P itself

--- fiber of pi over Q = (3 : -2 : 1) through known point (1 : 1/2 : 0) [CM disc -40], splits as degrees [ 1, 2 ] ---
  deg-2 place (mult 1) over Number Field with defining polynomial x^2 + x + 1 over the Rational Field:
      (K.1 : 1/2*(-3*K.1 + 1) : 1)
  deg-1 place (mult 1): rational point (1 : 1/2 : 0)  [CM disc -40]  <-- P itself

--- fiber of pi over Q = (-5 : -9 : 1) through known point (-1 : -2 : 1) [CM disc -52], splits as degrees [ 1, 2 ] ---
  deg-1 place (mult 1): rational point (-1 : -2 : 1)  [CM disc -52]  <-- P itself
  deg-2 place (mult 1) over Number Field with defining polynomial x^2 + 2*x + 5 over the Rational Field:
      (K.1 : 1/2*(K.1 - 9) : 1)

--- fiber of pi over Q = (3 : -1 : 1) through known point (-1 : 2 : 1) [CM disc -88], splits as degrees [ 1, 2 ] ---
  deg-1 place (mult 1): rational point (-1 : 2 : 1)  [CM disc -88]  <-- P itself
  deg-2 place (mult 1) over Number Field with defining polynomial x^2 + 2*x + 5 over the Rational Field:
      (K.1 : 1/2*(-K.1 + 9) : 1)

--- fiber of pi over Q = (97/9 : -1042/27 : 1) through known point (5/2 : -143/16 : 1) [NOT CM (exceptional)], splits as degrees [ 1, 2 ] ---
  deg-1 place (mult 1): rational point (5/2 : -143/16 : 1)  [NOT CM (exceptional)]  <-- P itself
  deg-2 place (mult 1) over Number Field with defining polynomial x^2 - 1/3*x + 1/3 over the Rational Field:
      (K.1 : 1/18*(47*K.1 - 17) : 1)

--- fiber of pi over Q = (15/4 : -37/8 : 1) through known point (5/2 : 143/16 : 1) [NOT CM (exceptional)], splits as degrees [ 1, 2 ] ---
  deg-1 place (mult 1): rational point (5/2 : 143/16 : 1)  [NOT CM (exceptional)]  <-- P itself
  deg-2 place (mult 1) over Number Field with defining polynomial x^2 - 1/3*x + 1/3 over the Rational Field:
      (K.1 : 1/18*(-47*K.1 + 17) : 1)
rational-point-fiber status: 6 known point(s) checked

--- D = -39 (h = 4) ---
  CM point at tau = 0.295455 + 0.0109178*$.1: image NOT recognized as rational: [ 0.2864216554 - 1.232803928E-86*$.1, 7.045261149 + 3.720243344E-86*$.1, 1.000000000 ]
  CM point at tau = 0.204545 + 0.0109178*$.1: image NOT recognized as rational: [ 3.491356123 - 1.250697597E-85*$.1, -3.637853741 + 6.714775665E-85*$.1, 1.000000000 ]
status: images not rational (no rational fiber)

--- D = -55 (h = 4) ---
  CM point at tau = 0.442307 + 0.0129654*$.1: image NOT recognized as rational: [ 2.786474508 + 2.783201320E-103*$.1, -0.7708980337 - 2.941584135E-103*$.1, 1.000000000 ]
  CM point at tau = 0.0576923 + 0.0129654*$.1: image NOT recognized as rational: [ 4.463525492 - 2.822800222E-102*$.1, -7.479101966 + 1.249424470E-101*$.1, 1.000000000 ]
status: images not rational (no rational fiber)

--- D = -68 (h = 4) ---
  CM point at tau = 0.283217 + 0.0144165*$.1: image NOT recognized as rational: [ 4.000000000 - 2.000000000*$.1, -5.000000000 + 8.000000000*$.1, 1.000000000 ]
  CM point at tau = 0.101399 + 0.0144165*$.1: image NOT recognized as rational: [ 4.000000000 + 2.000000000*$.1, -5.000000000 - 8.000000000*$.1, 1.000000000 ]
status: images not rational (no rational fiber)

--- D = -120 (h = 4) ---
  CM point at tau = 0.328671 + 0.0191512*$.1: image NOT recognized as rational: [ -0.8284271248 - 9.859665912E-154*$.1, -9.000000000 - 2.036730434E-153*$.1, 1.000000000 ]
  CM point at tau = 0.0559441 + 0.0191512*$.1: image NOT recognized as rational: [ 4.828427125 - 7.300396755E-154*$.1, -9.000000000 + 3.194886895E-153*$.1, 1.000000000 ]
status: images not rational (no rational fiber)

--- D = -156 (h = 4) ---
  CM point at tau = 0.409091 + 0.0218357*$.1  |-->  Q = (0 : 1 : 0)
  CM point at tau = -0.409091 + 0.0218357*$.1  |-->  Q = (0 : 1 : 0)
all disc--156 CM points map to the SAME rational point — as expected

--- fiber of pi over Q1 = (0 : 1 : 0) (image of the disc--156 CM points) ---
  deg-2 place (mult 1) over Number Field with defining polynomial x^2 + x + 1 over the Rational Field:
      (K.1 : 1/2*(3*K.1 - 1) : 1)   (quadratic pair, NOT the disc--156 CM points)
  deg-1 place (mult 1): rational point (1 : -1/2 : 0)  [cusp]
>>> THIRD POINT in the fiber over Q = (0 : 1 : 0):
>>>     (1 : -1/2 : 0)   —   cusp
status: 1 rational fiber(s)

--- D = -208 (h = 2) ---
  CM point at tau = 0.363636 + 0.0252137*$.1  |-->  Q = (3 : -1 : 1)
  CM point at tau = -0.363636 + 0.0252137*$.1  |-->  Q = (3 : -1 : 1)
all disc--208 CM points map to the SAME rational point — as expected

--- fiber of pi over Q1 = (3 : -1 : 1) (image of the disc--208 CM points) ---
  deg-1 place (mult 1): rational point (-1 : 2 : 1)  [CM disc -88]
  deg-2 place (mult 1) over Number Field with defining polynomial x^2 + 2*x + 5 over the Rational Field:
      (K.1 : 1/2*(-K.1 + 9) : 1)   <-- the two disc--208 CM points
>>> THIRD POINT in the fiber over Q = (3 : -1 : 1):
>>>     (-1 : 2 : 1)   —   CM disc -88
status: 1 rational fiber(s)

--- D = -220 (h = 4) ---
  CM point at tau = 0.115385 + 0.0259308*$.1  |-->  Q = (15/4 : -37/8 : 1)
  CM point at tau = -0.115385 + 0.0259308*$.1  |-->  Q = (15/4 : -37/8 : 1)
all disc--220 CM points map to the SAME rational point — as expected

--- fiber of pi over Q1 = (15/4 : -37/8 : 1) (image of the disc--220 CM points) ---
  deg-1 place (mult 1): rational point (5/2 : 143/16 : 1)  [NOT CM (exceptional)]
  deg-2 place (mult 1) over Number Field with defining polynomial x^2 - 1/3*x + 1/3 over the Rational Field:
      (K.1 : 1/18*(-47*K.1 + 17) : 1)   <-- the two disc--220 CM points
>>> THIRD POINT in the fiber over Q = (15/4 : -37/8 : 1):
>>>     (5/2 : 143/16 : 1)   —   NOT CM (exceptional)
status: 1 rational fiber(s)

--- D = -260 (h = 8) ---
  CM point at tau = 0.227273 + 0.0281897*$.1: image NOT recognized as rational: [ 4.000000000 + 2.000000000*$.1, -5.000000000 - 8.000000000*$.1, 1.000000000 ]
  CM point at tau = -0.227273 + 0.0281897*$.1: image NOT recognized as rational: [ 4.000000000 - 2.000000000*$.1, -5.000000000 + 8.000000000*$.1, 1.000000000 ]
status: images not rational (no rational fiber)

--- D = -264 (h = 8) ---
  CM point at tau = 0.153846 + 0.0284057*$.1: image NOT recognized as rational: [ 2.888888889 - 0.3142696805*$.1, -1.296296296 + 1.047565602*$.1, 1.000000000 ]
  CM point at tau = -0.153846 + 0.0284057*$.1: image NOT recognized as rational: [ 2.888888889 + 0.3142696805*$.1, -1.296296296 - 1.047565602*$.1, 1.000000000 ]
status: images not rational (no rational fiber)

--- D = -308 (h = 8) ---
  CM point at tau = 0.269231 + 0.0306817*$.1: image NOT recognized as rational: [ 10.00000000 + 2.645751311*$.1, -33.50000000 - 14.55163221*$.1, 1.000000000 ]
  CM point at tau = -0.269231 + 0.0306817*$.1: image NOT recognized as rational: [ 10.00000000 - 2.645751311*$.1, -33.50000000 + 14.55163221*$.1, 1.000000000 ]
status: images not rational (no rational fiber)

--- D = -352 (h = 2) ---
  CM point at tau = 0.0769231 + 0.0328001*$.1: image NOT recognized as rational: [ 5.222222222 - 0.6285393611*$.1, -10.62962963 + 2.723670565*$.1, 1.000000000 ]
  CM point at tau = -0.0769231 + 0.0328001*$.1: image NOT recognized as rational: [ 5.222222222 + 0.6285393611*$.1, -10.62962963 - 2.723670565*$.1, 1.000000000 ]
status: images not rational (no rational fiber)

--- D = -468 (h = 2) ---
  CM point at tau = 0.0454546 + 0.0378205*$.1: image NOT recognized as rational: [ 5.732050808 - 2.326326874E-199*$.1, -12.92820323 + 1.014561428E-198*$.1, 1.000000000 ]
  CM point at tau = 0.435065 + 0.00540292*$.1: image NOT recognized as rational: [ 2.267949192 + 1.099698578E-40*$.1, 0.9282032303 - 2.886789246E-40*$.1, 1.000000000 ]
status: images not rational (no rational fiber)

--- D = -568 (h = 4) ---
  CM point at tau = 0.496503 + 0.0416657*$.1: image NOT recognized as rational: [ 3.284615839 - 8.592130349E-198*$.1, -0.4052579190 - 1.791885081E-197*$.1, 1.000000000 ]
  CM point at tau = 0.0419580 + 0.0416657*$.1: image NOT recognized as rational: [ 5.939873957 - 3.949057110E-200*$.1, -13.86296366 + 1.682623854E-199*$.1, 1.000000000 ]
status: images not rational (no rational fiber)

--- D = -660 (h = 8) ---
  CM point at tau = 0.0384616 + 0.0449134*$.1: image NOT recognized as rational: [ 6.133681839 - 6.744125166E-200*$.1, -14.74493015 + 2.969150594E-199*$.1, 1.000000000 ]
  CM point at tau = 0.346154 + 0.0149711*$.1: image NOT recognized as rational: [ 2.813063723 - 7.418729129E-119*$.1, -1.973322011 - 3.863169027E-118*$.1, 1.000000000 ]
status: images not rational (no rational fiber)

--- D = -792 (h = 2) ---
  CM point at tau = 0.384615 + 0.0492002*$.1: image NOT recognized as rational: [ 2.755102041 - 0.2499479329*$.1, -1.988338192 - 0.5713095610*$.1, 1.000000000 ]
  CM point at tau = -0.384615 + 0.0492002*$.1: image NOT recognized as rational: [ 2.755102041 + 0.2499479329*$.1, -1.988338192 + 0.5713095610*$.1, 1.000000000 ]
status: images not rational (no rational fiber)

--- D = -1716 (h = 16) ---
  CM point at tau = 0.500000 + 0.0724207*$.1: image NOT recognized as rational: [ 3.464101615 + 1.903258671E-200*$.1, 0.07179676973 + 5.199799389E-200*$.1, 1.000000000 ]
  CM point at tau = 0.300000 + 0.0144841*$.1: image NOT recognized as rational: [ -3.464101615 + 6.116290676E-115*$.1, 13.92820323 - 1.431078728E-114*$.1, 1.000000000 ]
status: images not rational (no rational fiber)

--- D = -1768 (h = 8) ---
  CM point at tau = 0.181818 + 0.0735098*$.1: image NOT recognized as rational: [ 1.120181406 - 0.7168689566*$.1, 4.728970953 + 2.184743487*$.1, 1.000000000 ]
  CM point at tau = -0.181818 + 0.0735098*$.1: image NOT recognized as rational: [ 1.120181406 + 0.7168689566*$.1, 4.728970953 - 2.184743487*$.1, 1.000000000 ]
status: images not rational (no rational fiber)

--- D = -3432 (h = 16) ---
  CM point at tau = 0.102418*$.1: image NOT recognized as rational: [ 8.269166259, -25.08761719, 1.000000000 ]
  CM point at tau = 0.0588235 + 0.00602461*$.1: image NOT recognized as rational: [ 4.057364353 + 1.526984787E-45*$.1, -5.833665613 - 6.979281120E-45*$.1, 1.000000000 ]
status: images not rational (no rational fiber)

--- D = -8008 (h = 16) ---
  CM point at tau = 0.156446*$.1: image NOT recognized as rational: [ 11.91665341, -45.16932639, 1.000000000 ]
  CM point at tau = 0.294117 + 0.00920273*$.1: image NOT recognized as rational: [ 1.226203733 - 1.132434489E-72*$.1, 4.312183537 + 3.427654042E-72*$.1, 1.000000000 ]
status: images not rational (no rational fiber)

================ SWEEP SUMMARY for X_0(286)* -> X_0(286)* ================
  D = -156: CM points |--> Q = (0 : 1 : 0); THIRD POINT (1 : -1/2 : 0) — cusp
  D = -208: CM points |--> Q = (3 : -1 : 1); THIRD POINT (-1 : 2 : 1) — CM disc -88
  D = -220: CM points |--> Q = (15/4 : -37/8 : 1); THIRD POINT (5/2 : 143/16 : 1) — NOT CM (exceptional)

#################### N = 79, p = 3 ####################
N = 79, p = 3: E = 79a1 (conductor 79), delta* = 1, expected degree 3
[BuildTripleCover] building model of X_0(237)* (eval_prec = 400, cached if available)... [cache] loaded 3000-term star forms for level 237
done (0.420 s)
[cache] loaded triple-cover map for (N=79, p=3) -> 79a1
X_0(237)* = Curve over Rational Field defined by
2*z[1]^2*z[3] - 2*z[1]*z[2]^2 + 2*z[2]*z[3]^2 + z[2]*z[3]*z[4] - 10*z[2]*z[4]^2 + 3*z[2]*z[4]*z[5] + 26*z[2]*z[5]^2 + z[3]^3 - 2*z[3]^2*z[4] + 11*z[3]^2*z[5] - 8*z[3]*z[4]^2 - 12*z[3]*z[4]*z[5] - 24*z[3]*z[5]^2 + 16*z[4]^3 + 16*z[4]^2*z[5] + 8*z[4]*z[5]^2 - 40*z[5]^3,
z[1]^2*z[4] - z[2]^3 + 6*z[2]*z[3]*z[4] - 22*z[2]*z[4]^2 + 24*z[2]*z[4]*z[5] + z[2]*z[5]^2 - 4*z[3]^3 + 22*z[3]^2*z[4] - 4*z[3]^2*z[5] - 30*z[3]*z[4]^2 - 20*z[3]*z[4]*z[5] + 20*z[3]*z[5]^2 + 28*z[4]^3 + 34*z[4]^2*z[5] - 71*z[4]*z[5]^2 + 8*z[5]^3,
2*z[1]^2*z[5] - 2*z[2]^2*z[3] + 2*z[2]*z[3]*z[4] + 5*z[2]*z[4]^2 - 28*z[2]*z[4]*z[5] + 20*z[2]*z[5]^2 + 2*z[3]^3 - 5*z[3]^2*z[4] + 14*z[3]^2*z[5] + 4*z[3]*z[4]^2 - 16*z[3]*z[4]*z[5] - 12*z[3]*z[5]^2 - 6*z[4]^3 + 22*z[4]^2*z[5] + 48*z[4]*z[5]^2 - 66*z[5]^3,
2*z[1]*z[2]*z[3] - 2*z[2]^3 + 9*z[2]*z[3]*z[4] - 29*z[2]*z[4]^2 + 40*z[2]*z[4]*z[5] - 2*z[2]*z[5]^2 - 7*z[3]^3 + 31*z[3]^2*z[4] - 10*z[3]^2*z[5] - 42*z[3]*z[4]^2 - 28*z[3]*z[4]*z[5] + 34*z[3]*z[5]^2 + 38*z[4]^3 + 42*z[4]^2*z[5] - 108*z[4]*z[5]^2 + 28*z[5]^3,
2*z[1]*z[2]*z[4] - 2*z[2]^2*z[3] - 2*z[2]*z[3]*z[4] + 7*z[2]*z[4]^2 - 14*z[2]*z[4]*z[5] + 4*z[2]*z[5]^2 + 2*z[3]^3 - 5*z[3]^2*z[4] + 4*z[3]^2*z[5] + 8*z[3]*z[4]^2 - 2*z[3]*z[4]*z[5] - 6*z[3]*z[5]^2 - 10*z[4]^3 + 2*z[4]^2*z[5] + 28*z[4]*z[5]^2 - 20*z[5]^3,
2*z[1]*z[2]*z[5] - 2*z[2]*z[3]^2 - 4*z[2]*z[3]*z[4] + 16*z[2]*z[4]^2 - 27*z[2]*z[4]*z[5] + 6*z[2]*z[5]^2 + 4*z[3]^3 - 12*z[3]^2*z[4] + 7*z[3]^2*z[5] + 18*z[3]*z[4]^2 + 2*z[3]*z[4]*z[5] - 14*z[3]*z[5]^2 - 20*z[4]^3 - 4*z[4]^2*z[5] + 56*z[4]*z[5]^2 - 32*z[5]^3,
2*z[1]*z[3]^2 - 2*z[2]^2*z[3] - 4*z[2]*z[3]*z[4] + 25*z[2]*z[4]^2 - 40*z[2]*z[4]*z[5] + 20*z[2]*z[5]^2 + 4*z[3]^3 - 23*z[3]^2*z[4] + 14*z[3]^2*z[5] + 28*z[3]*z[4]^2 - 2*z[3]*z[4]*z[5] - 26*z[3]*z[5]^2 - 30*z[4]^3 - 10*z[4]^2*z[5] + 100*z[4]*z[5]^2 - 60*z[5]^3,
z[1]*z[3]*z[4] - z[2]*z[3]^2 - 2*z[2]*z[3]*z[4] + 5*z[2]*z[4]^2 - 8*z[2]*z[4]*z[5] + 4*z[2]*z[5]^2 + 2*z[3]^3 - 5*z[3]^2*z[4] + 3*z[3]^2*z[5] + 6*z[3]*z[4]^2 + z[3]*z[4]*z[5] - 8*z[3]*z[5]^2 - 6*z[4]^3 - 2*z[4]^2*z[5] + 20*z[4]*z[5]^2 - 12*z[5]^3,
2*z[1]*z[3]*z[5] - 5*z[2]*z[3]*z[4] + 10*z[2]*z[4]^2 - 16*z[2]*z[4]*z[5] + 8*z[2]*z[5]^2 + 3*z[3]^3 - 10*z[3]^2*z[4] + 6*z[3]^2*z[5] + 14*z[3]*z[4]^2 + 2*z[3]*z[4]*z[5] - 18*z[3]*z[5]^2 - 12*z[4]^3 - 4*z[4]^2*z[5] + 40*z[4]*z[5]^2 - 24*z[5]^3,
z[1]*z[4]^2 - z[2]*z[3]*z[4] - 2*z[2]*z[4]^2 + 2*z[2]*z[4]*z[5] + 2*z[3]^2*z[4] - 2*z[3]*z[4]^2 - z[3]*z[4]*z[5] + 2*z[4]^3 + 3*z[4]^2*z[5] - 6*z[4]*z[5]^2,
2*z[1]*z[4]*z[5] - 5*z[2]*z[4]^2 + 4*z[2]*z[4]*z[5] + 3*z[3]^2*z[4] - 4*z[3]*z[4]^2 - 2*z[3]*z[4]*z[5] + 6*z[4]^3 + 6*z[4]^2*z[5] - 14*z[4]*z[5]^2,
2*z[1]*z[5]^2 - 5*z[2]*z[4]*z[5] + 4*z[2]*z[5]^2 + 3*z[3]^2*z[5] - 4*z[3]*z[4]*z[5] - 2*z[3]*z[5]^2 + 6*z[4]^2*z[5] + 6*z[4]*z[5]^2 - 14*z[5]^3,
z[2]^2*z[4] - z[2]*z[3]^2 - 2*z[2]*z[3]*z[4] + 7*z[2]*z[4]^2 - 13*z[2]*z[4]*z[5] + 4*z[2]*z[5]^2 + 2*z[3]^3 - 7*z[3]^2*z[4] + 3*z[3]^2*z[5] + 10*z[3]*z[4]^2 + 4*z[3]*z[4]*z[5] - 8*z[3]*z[5]^2 - 10*z[4]^3 - 6*z[4]^2*z[5] + 28*z[4]*z[5]^2 - 12*z[5]^3,
2*z[2]^2*z[5] - 5*z[2]*z[3]*z[4] + 10*z[2]*z[4]^2 - 12*z[2]*z[4]*z[5] - 2*z[2]*z[5]^2 + 3*z[3]^3 - 10*z[3]^2*z[4] + 2*z[3]^2*z[5] + 14*z[3]*z[4]^2 + 10*z[3]*z[4]*z[5] - 12*z[3]*z[5]^2 - 12*z[4]^3 - 12*z[4]^2*z[5] + 32*z[4]*z[5]^2 - 8*z[5]^3,
2*z[2]*z[3]*z[5] - 5*z[2]*z[4]^2 + 8*z[2]*z[4]*z[5] - 4*z[2]*z[5]^2 + 3*z[3]^2*z[4] - 4*z[3]^2*z[5] - 4*z[3]*z[4]^2 + 2*z[3]*z[4]*z[5] + 2*z[3]*z[5]^2 + 6*z[4]^3 + 2*z[4]^2*z[5] - 20*z[4]*z[5]^2 + 12*z[5]^3
E = [ 1, 1, 1, -2, 0 ] (79a1)

===== SWEEP of CM discriminants for X_0(237)* -> X_0(79)* =====
found 11 small rational points on X_0(237)* (bound 100000)
found CM point at discriminant -3
found CM point at discriminant -27
found CM point at discriminant -12
found CM point at discriminant -48
found CM point at discriminant -267
found CM point at discriminant -15
found CM point at discriminant -60
found CM point at discriminant -147
found CM point at discriminant -24
found CM point at discriminant -75

labelling the rational points:
  disc = -267 -> rats[9] -> (-1/2 : 3/2 : 3/2 : -1/2 : 1) (CM)
  disc = -147 -> rats[5] -> (1 : 1 : 2 : 0 : 1) (CM)
  disc = -12 -> rats[7] -> (3 : 0 : 2 : 0 : 1) (CM)
  disc = -27 -> rats[6] -> (1 : 1 : 1 : 1 : 0) (CM)
  disc = -60 -> rats[11] -> (2 : 1 : 2 : 1/2 : 1) (CM)
  disc = -15 -> rats[10] -> (2 : 2 : 2 : 1 : 0) (CM)
  disc = -75 -> rats[8] -> (1 : 0 : 0 : 1 : 1) (CM)
  disc = -48 -> rats[1] -> (5 : 4 : 2 : 2 : 1) (CM)
  disc = -3 -> rats[2] -> (103/33 : 40/33 : 10/33 : 28/33 : 1) (CM)
  disc = -24 -> rats[3] -> (3 : 1 : 1 : 1 : 1) (CM)
  Cusp -> rats[4]
Labelled 11 CM+cusp, 0 exceptional

small rational points, their labels and images under pi:
  P1 = (5 : 4 : 2 : 2 : 1)  [CM disc -48]  |-->  (1 : -2 : 1)
  P2 = (103/33 : 40/33 : 10/33 : 28/33 : 1)  [CM disc -3]  |-->  (33 : -210 : 1)
  P3 = (3 : 1 : 1 : 1 : 1)  [CM disc -24]  |-->  (0 : 1 : 0)
  P4 = (1 : 0 : 0 : 0 : 0)  [cusp]  |-->  (0 : 1 : 0)
  P5 = (1 : 1 : 2 : 0 : 1)  [CM disc -147]  |-->  (-2 : 0 : 1)
  P6 = (1 : 1 : 1 : 1 : 0)  [CM disc -27]  |-->  (0 : 0 : 1)
  P7 = (3 : 0 : 2 : 0 : 1)  [CM disc -12]  |-->  (1 : -2 : 1)
  P8 = (1 : 0 : 0 : 1 : 1)  [CM disc -75]  |-->  (-2 : 0 : 1)
  P9 = (-1/2 : 3/2 : 3/2 : -1/2 : 1)  [CM disc -267]  |-->  (-2 : 0 : 1)
  P10 = (2 : 2 : 2 : 1 : 0)  [CM disc -15]  |-->  (0 : -1 : 1)
  P11 = (2 : 1 : 2 : 1/2 : 1)  [CM disc -60]  |-->  (-2 : 1 : 1)

candidate discs (degree-2 CM points on X_0(237)*): [ -35, -39, -96, -120, -132, -156, -192, -195, -219, -228, -240, -291, -312, -363, -372, -507, -627, -723, -1659 ]

--- CUSP FIBER: fiber of pi over Q = (0 : 1 : 0) (contains the cusp), splits as degrees [ 1, 1 ] ---
  deg-1 place (mult 2): rational point (3 : 1 : 1 : 1 : 1)  [CM disc -24]
  deg-1 place (mult 1): rational point (1 : 0 : 0 : 0 : 0)  [cusp]  <-- the cusp
>>> RESIDUAL POINT in the cusp fiber over Q = (0 : 1 : 0):
>>>     (3 : 1 : 1 : 1 : 1)   —   CM disc -24
>>> RESIDUAL POINT in the cusp fiber over Q = (0 : 1 : 0):
>>>     (3 : 1 : 1 : 1 : 1)   —   CM disc -24
cusp-fiber status: cusp fiber: degrees [ 1, 1 ]

--- fiber of pi over Q = (1 : -2 : 1) through known point (5 : 4 : 2 : 2 : 1) [CM disc -48], splits as degrees [ 1, 1 ] ---
  deg-1 place (mult 2): rational point (5 : 4 : 2 : 2 : 1)  [CM disc -48]  <-- P itself
  deg-1 place (mult 1): rational point (3 : 0 : 2 : 0 : 1)  [CM disc -12]

--- fiber of pi over Q = (33 : -210 : 1) through known point (103/33 : 40/33 : 10/33 : 28/33 : 1) [CM disc -3], splits as degrees [ 1, 2 ] ---
  deg-1 place (mult 1): rational point (103/33 : 40/33 : 10/33 : 28/33 : 1)  [CM disc -3]  <-- P itself
  deg-2 place (mult 1) over Number Field with defining polynomial x^2 - 72/11*x + 580/121 over the Rational Field:
      (1/11*(2013*K.1 - 1659) : 1/11*(374*K.1 - 304) : 1/11*(66*K.1 - 38) : K.1 : 1)

--- fiber of pi over Q = (0 : 1 : 0) through known point (3 : 1 : 1 : 1 : 1) [CM disc -24], splits as degrees [ 1, 1 ] ---
  deg-1 place (mult 2): rational point (3 : 1 : 1 : 1 : 1)  [CM disc -24]  <-- P itself
  deg-1 place (mult 1): rational point (1 : 0 : 0 : 0 : 0)  [cusp]

--- fiber of pi over Q = (0 : 1 : 0) through known point (1 : 0 : 0 : 0 : 0) [cusp], splits as degrees [ 1, 1 ] ---
  deg-1 place (mult 2): rational point (3 : 1 : 1 : 1 : 1)  [CM disc -24]
  deg-1 place (mult 1): rational point (1 : 0 : 0 : 0 : 0)  [cusp]  <-- P itself

--- fiber of pi over Q = (-2 : 0 : 1) through known point (1 : 1 : 2 : 0 : 1) [CM disc -147], splits as degrees [ 1, 1, 1 ] ---
  deg-1 place (mult 1): rational point (1 : 0 : 0 : 1 : 1)  [CM disc -75]
  deg-1 place (mult 1): rational point (1 : 1 : 2 : 0 : 1)  [CM disc -147]  <-- P itself
  deg-1 place (mult 1): rational point (-1/2 : 3/2 : 3/2 : -1/2 : 1)  [CM disc -267]

--- fiber of pi over Q = (0 : 0 : 1) through known point (1 : 1 : 1 : 1 : 0) [CM disc -27], splits as degrees [ 1, 2 ] ---
  deg-2 place (mult 1) over Number Field with defining polynomial x^2 - 3*x + 4 over the Rational Field:
      (3 : K.1 + 1 : 2 : K.1 : 1)
  deg-1 place (mult 1): rational point (1 : 1 : 1 : 1 : 0)  [CM disc -27]  <-- P itself

--- fiber of pi over Q = (1 : -2 : 1) through known point (3 : 0 : 2 : 0 : 1) [CM disc -12], splits as degrees [ 1, 1 ] ---
  deg-1 place (mult 2): rational point (5 : 4 : 2 : 2 : 1)  [CM disc -48]
  deg-1 place (mult 1): rational point (3 : 0 : 2 : 0 : 1)  [CM disc -12]  <-- P itself

--- fiber of pi over Q = (-2 : 0 : 1) through known point (1 : 0 : 0 : 1 : 1) [CM disc -75], splits as degrees [ 1, 1, 1 ] ---
  deg-1 place (mult 1): rational point (1 : 0 : 0 : 1 : 1)  [CM disc -75]  <-- P itself
  deg-1 place (mult 1): rational point (1 : 1 : 2 : 0 : 1)  [CM disc -147]
  deg-1 place (mult 1): rational point (-1/2 : 3/2 : 3/2 : -1/2 : 1)  [CM disc -267]

--- fiber of pi over Q = (-2 : 0 : 1) through known point (-1/2 : 3/2 : 3/2 : -1/2 : 1) [CM disc -267], splits as degrees [ 1, 1, 1 ] ---
  deg-1 place (mult 1): rational point (1 : 0 : 0 : 1 : 1)  [CM disc -75]
  deg-1 place (mult 1): rational point (1 : 1 : 2 : 0 : 1)  [CM disc -147]
  deg-1 place (mult 1): rational point (-1/2 : 3/2 : 3/2 : -1/2 : 1)  [CM disc -267]  <-- P itself

--- fiber of pi over Q = (0 : -1 : 1) through known point (2 : 2 : 2 : 1 : 0) [CM disc -15], splits as degrees [ 1, 2 ] ---
  deg-1 place (mult 1): rational point (2 : 2 : 2 : 1 : 0)  [CM disc -15]  <-- P itself
  deg-2 place (mult 1) over Number Field with defining polynomial x^2 + 1205/432*x + 4625/2304 over the Rational Field:
      (1/65*(288*K.1 + 445) : 1/65*(-144*K.1 - 125) : 1/65*(144*K.1 + 190) : 1 : 0)

--- fiber of pi over Q = (-2 : 1 : 1) through known point (2 : 1 : 2 : 1/2 : 1) [CM disc -60], splits as degrees [ 1, 2 ] ---
  deg-1 place (mult 1): rational point (2 : 1 : 2 : 1/2 : 1)  [CM disc -60]  <-- P itself
  deg-2 place (mult 1) over Number Field with defining polynomial x^2 - 1/2*x - 3/4 over the Rational Field:
      (K.1 : 1/2*(-2*K.1 + 3) : 1/2 : K.1 : 1)
>>> PARTNER in the fiber over Q = (1 : -2 : 1) (via known point (5 : 4 : 2 : 2 : 1) [CM disc -48]):
>>>     (3 : 0 : 2 : 0 : 1)   —   CM disc -12
>>> PARTNER in the fiber over Q = (0 : 1 : 0) (via known point (3 : 1 : 1 : 1 : 1) [CM disc -24]):
>>>     (1 : 0 : 0 : 0 : 0)   —   cusp
>>> PARTNER in the fiber over Q = (-2 : 0 : 1) (via known point (1 : 1 : 2 : 0 : 1) [CM disc -147]):
>>>     (1 : 0 : 0 : 1 : 1)   —   CM disc -75
>>> PARTNER in the fiber over Q = (-2 : 0 : 1) (via known point (1 : 1 : 2 : 0 : 1) [CM disc -147]):
>>>     (-1/2 : 3/2 : 3/2 : -1/2 : 1)   —   CM disc -267
>>> PARTNER in the fiber over Q = (-2 : 0 : 1) (via known point (1 : 0 : 0 : 1 : 1) [CM disc -75]):
>>>     (-1/2 : 3/2 : 3/2 : -1/2 : 1)   —   CM disc -267
rational-point-fiber status: 11 known point(s) checked

--- D = -35 (h = 2) ---
  CM point at tau = 0.445148 + 0.0124812*$.1  |-->  Q = (0 : 0 : 1)
  CM point at tau = 0.111814 + 0.0124812*$.1  |-->  Q = (0 : 0 : 1)
all disc--35 CM points map to the SAME rational point — as expected

--- fiber of pi over Q1 = (0 : 0 : 1) (image of the disc--35 CM points) ---
  deg-2 place (mult 1) over Number Field with defining polynomial x^2 - 3*x + 4 over the Rational Field:
      (3 : K.1 + 1 : 2 : K.1 : 1)   <-- the two disc--35 CM points
  deg-1 place (mult 1): rational point (1 : 1 : 1 : 1 : 0)  [CM disc -27]
>>> THIRD POINT in the fiber over Q = (0 : 0 : 1):
>>>     (1 : 1 : 1 : 1 : 0)   —   CM disc -27
status: 1 rational fiber(s)

--- D = -39 (h = 4) ---
  CM point at tau = 0.259494 + 0.0131751*$.1: image NOT recognized as rational: [ 2.302775638 + 4.588585061E-94*$.1, 2.185522883 + 0.9040966434*$.1, 1.000000000 ]
  CM point at tau = 0.370253 + 0.00658755*$.1: image NOT recognized as rational: [ -1.302775638 + 2.140278481E-52*$.1, 0.4185135159 + 7.213997356*$.1, 1.000000000 ]
status: images not rational (no rational fiber)

--- D = -96 (h = 2) ---
  CM point at tau = 0.430380 + 0.0206708*$.1: image NOT recognized as rational: [ 0.2500000000 - 4.938079615E-170*$.1, -0.6250000000 - 0.1767766953*$.1, 1.000000000 ]
  CM point at tau = -0.430380 + 0.0206708*$.1: image NOT recognized as rational: [ 0.2500000000 + 4.938079615E-170*$.1, -0.6250000000 + 0.1767766953*$.1, 1.000000000 ]
status: images not rational (no rational fiber)

--- D = -120 (h = 4) ---
  CM point at tau = 0.303797 + 0.0231107*$.1: image NOT recognized as rational: [ -0.7597469267 - 6.433477541E-188*$.1, 1.173164618 + 3.219361062E-187*$.1, 1.000000000 ]
  CM point at tau = 0.151899 + 0.0115553*$.1: image NOT recognized as rational: [ -1.462475296 + 5.067120433E-93*$.1, 1.641650197 + 2.768131231E-92*$.1, 1.000000000 ]
status: images not rational (no rational fiber)

--- D = -132 (h = 4) ---
  CM point at tau = 0.0886075 + 0.0242387*$.1: image NOT recognized as rational: [ 0.5555555556 - 0.3685138656*$.1, -0.9629629630 + 0.8598656864*$.1, 1.000000000 ]
  CM point at tau = -0.0886075 + 0.0242387*$.1: image NOT recognized as rational: [ 0.5555555556 + 0.3685138656*$.1, -0.9629629630 - 0.8598656864*$.1, 1.000000000 ]
status: images not rational (no rational fiber)

--- D = -156 (h = 4) ---
  CM point at tau = 0.481013 + 0.0263502*$.1: image NOT recognized as rational: [ 0.5891972931 + 1.989318088E-201*$.1, -0.7261315287 - 3.992798026E-199*$.1, 1.000000000 ]
  CM point at tau = 0.296203 + 0.00527004*$.1: image NOT recognized as rational: [ 0.1885804847 - 4.527796809E-43*$.1, -0.4590536565 - 8.085749883E-42*$.1, 1.000000000 ]
status: images not rational (no rational fiber)

--- D = -192 (h = 1) ---
  CM point at tau = 0.126582 + 0.0292329*$.1: image NOT recognized as rational: [ -0.7777777778 - 0.6285393611*$.1, 1.407407407 + 0.7332959212*$.1, 1.000000000 ]
  CM point at tau = -0.126582 + 0.0292329*$.1: image NOT recognized as rational: [ -0.7777777778 + 0.6285393611*$.1, 1.407407407 - 0.7332959212*$.1, 1.000000000 ]
status: images not rational (no rational fiber)

--- D = -195 (h = 4) ---
  CM point at tau = 0.310127 + 0.0294604*$.1: image NOT recognized as rational: [ -1.302775638 - 5.773610136E-200*$.1, 1.605551275 + 3.880042789E-200*$.1, 1.000000000 ]
  CM point at tau = 0.462025 + 0.00589208*$.1: image NOT recognized as rational: [ 2.302775638 + 9.986548714E-47*$.1, -5.605551275 + 3.110493809E-46*$.1, 1.000000000 ]
status: images not rational (no rational fiber)

--- D = -219 (h = 4) ---
  CM point at tau = 0.0569620 + 0.0312208*$.1: image NOT recognized as rational: [ -0.8919674729 - 0.07911165017*$.1, 1.630609309 + 1.531208177*$.1, 1.000000000 ]
  CM point at tau = 0.388608 + 0.00624415*$.1: image NOT recognized as rational: [ 52.63201123 + 2.927634696E-48*$.1, 15.95849672 + 20.98203628*$.1, 1.000000000 ]
status: images not rational (no rational fiber)

--- D = -228 (h = 4) ---
  CM point at tau = 0.493671 + 0.0318558*$.1: image NOT recognized as rational: [ 0.6411010565 - 2.414838716E-200*$.1, -0.5644042259 - 2.001134332E-199*$.1, 1.000000000 ]
  CM point at tau = 0.246835 + 0.0159279*$.1: image NOT recognized as rational: [ 9.358898943 - 1.433346853E-128*$.1, -35.43559577 - 4.797929891E-127*$.1, 1.000000000 ]
status: images not rational (no rational fiber)

--- D = -240 (h = 2) ---
  CM point at tau = 0.265823 + 0.0326834*$.1: image NOT recognized as rational: [ 0.5555555556 - 2.732971973*$.1, 1.037037037 + 6.376934602*$.1, 1.000000000 ]
  CM point at tau = -0.265823 + 0.0326834*$.1: image NOT recognized as rational: [ 0.5555555556 + 2.732971973*$.1, 1.037037037 - 6.376934602*$.1, 1.000000000 ]
status: images not rational (no rational fiber)

--- D = -291 (h = 4) ---
  CM point at tau = 0.322785 + 0.0359889*$.1: image NOT recognized as rational: [ -1.882634032 + 3.411056552E-200*$.1, 1.353292539 - 8.033291301E-200*$.1, 1.000000000 ]
  CM point at tau = 0.264557 + 0.00719777*$.1: image NOT recognized as rational: [ 1.195134032 - 4.162623901E-59*$.1, -2.493917539 + 1.897452295E-57*$.1, 1.000000000 ]
status: images not rational (no rational fiber)

--- D = -312 (h = 4) ---
  CM point at tau = 0.329114 + 0.0372648*$.1  |-->  Q = (-2 : 1 : 1)
  CM point at tau = 0.164557 + 0.0186324*$.1  |-->  Q = (-2 : 1 : 1)
all disc--312 CM points map to the SAME rational point — as expected

--- fiber of pi over Q1 = (-2 : 1 : 1) (image of the disc--312 CM points) ---
  deg-1 place (mult 1): rational point (2 : 1 : 2 : 1/2 : 1)  [CM disc -60]
  deg-2 place (mult 1) over Number Field with defining polynomial x^2 - 1/2*x - 3/4 over the Rational Field:
      (K.1 : 1/2*(-2*K.1 + 3) : 1/2 : K.1 : 1)   <-- the two disc--312 CM points
>>> THIRD POINT in the fiber over Q = (-2 : 1 : 1):
>>>     (2 : 1 : 2 : 1/2 : 1)   —   CM disc -60
status: 1 rational fiber(s)

--- D = -363 (h = 1) ---
  CM point at tau = 0.424051 + 0.0401953*$.1  |-->  Q = (0 : -1 : 1)
  CM point at tau = -0.424051 + 0.0401953*$.1  |-->  Q = (0 : -1 : 1)
all disc--363 CM points map to the SAME rational point — as expected

--- fiber of pi over Q1 = (0 : -1 : 1) (image of the disc--363 CM points) ---
  deg-1 place (mult 1): rational point (2 : 2 : 2 : 1 : 0)  [CM disc -15]
  deg-2 place (mult 1) over Number Field with defining polynomial x^2 + 1205/432*x + 4625/2304 over the Rational Field:
      (1/65*(288*K.1 + 445) : 1/65*(-144*K.1 - 125) : 1/65*(144*K.1 + 190) : 1 : 0)   <-- the two disc--363 CM points
>>> THIRD POINT in the fiber over Q = (0 : -1 : 1):
>>>     (2 : 2 : 2 : 1 : 0)   —   CM disc -15
status: 1 rational fiber(s)

--- D = -372 (h = 4) ---
  CM point at tau = 0.0506329 + 0.0406905*$.1: image NOT recognized as rational: [ 1.840862707 - 1.947321191E-200*$.1, -4.242300552 + 1.648789545E-198*$.1, 1.000000000 ]
  CM point at tau = 0.474684 + 0.0203452*$.1: image NOT recognized as rational: [ 0.6035817374 + 1.741042578E-165*$.1, -0.9428846333 + 1.757281168E-164*$.1, 1.000000000 ]
status: images not rational (no rational fiber)

--- D = -507 (h = 1) ---
  CM point at tau = 0.0443038 + 0.0475035*$.1: image NOT recognized as rational: [ 2.302775638 - 8.855976703E-203*$.1, -5.605551275 + 5.666812426E-199*$.1, 1.000000000 ]
  CM point at tau = 0.149186 + 0.00678621*$.1: image NOT recognized as rational: [ -1.302775638 + 4.006597734E-54*$.1, 1.605551275 + 1.610507411E-53*$.1, 1.000000000 ]
status: images not rational (no rational fiber)

--- D = -627 (h = 4) ---
  CM point at tau = 0.208861 + 0.0528269*$.1: image NOT recognized as rational: [ -7.000000000 - 3.316624790*$.1, 16.00000000 - 13.26649916*$.1, 1.000000000 ]
  CM point at tau = -0.208861 + 0.0528269*$.1: image NOT recognized as rational: [ -7.000000000 + 3.316624790*$.1, 16.00000000 + 13.26649916*$.1, 1.000000000 ]
status: images not rational (no rational fiber)

--- D = -723 (h = 4) ---
  CM point at tau = 0.0316456 + 0.0567271*$.1: image NOT recognized as rational: [ 3.111641378 + 6.034142202E-200*$.1, -8.205073560 - 1.260833220E-199*$.1, 1.000000000 ]
  CM point at tau = 0.184695 + 0.00515701*$.1: image NOT recognized as rational: [ 0.2008586222 - 7.656978088E-43*$.1, -0.6855514408 - 2.554155138E-41*$.1, 1.000000000 ]
status: images not rational (no rational fiber)

--- D = -1659 (h = 8) ---
  CM point at tau = 0.500000 + 0.0859300*$.1: image NOT recognized as rational: [ 1.141123501 + 3.439219445E-200*$.1, 0.2147191247 + 5.316936858E-200*$.1, 1.000000000 ]
  CM point at tau = 0.300000 + 0.0171860*$.1: image NOT recognized as rational: [ -0.3286235010 + 9.498970758E-140*$.1, 0.5821558753 - 1.466289083E-138*$.1, 1.000000000 ]
status: images not rational (no rational fiber)

================ SWEEP SUMMARY for X_0(237)* -> X_0(79)* ================
  CUSP fiber |--> Q = (0 : 1 : 0); RESIDUAL POINT (3 : 1 : 1 : 1 : 1) — CM disc -24
  CUSP fiber |--> Q = (0 : 1 : 0); RESIDUAL POINT (3 : 1 : 1 : 1 : 1) — CM disc -24
  RATIONAL-POINT fiber |--> Q = (1 : -2 : 1); RESIDUAL POINT (3 : 0 : 2 : 0 : 1) — CM disc -12  (partner of known point (5 : 4 : 2 : 2 : 1) [CM disc -48])
  RATIONAL-POINT fiber |--> Q = (0 : 1 : 0); RESIDUAL POINT (1 : 0 : 0 : 0 : 0) — cusp  (partner of known point (3 : 1 : 1 : 1 : 1) [CM disc -24])
  RATIONAL-POINT fiber |--> Q = (-2 : 0 : 1); RESIDUAL POINT (1 : 0 : 0 : 1 : 1) — CM disc -75  (partner of known point (1 : 1 : 2 : 0 : 1) [CM disc -147])
  RATIONAL-POINT fiber |--> Q = (-2 : 0 : 1); RESIDUAL POINT (-1/2 : 3/2 : 3/2 : -1/2 : 1) — CM disc -267  (partner of known point (1 : 1 : 2 : 0 : 1) [CM disc -147])
  RATIONAL-POINT fiber |--> Q = (-2 : 0 : 1); RESIDUAL POINT (-1/2 : 3/2 : 3/2 : -1/2 : 1) — CM disc -267  (partner of known point (1 : 0 : 0 : 1 : 1) [CM disc -75])
  D = -35: CM points |--> Q = (0 : 0 : 1); THIRD POINT (1 : 1 : 1 : 1 : 0) — CM disc -27
  D = -312: CM points |--> Q = (-2 : 1 : 1); THIRD POINT (2 : 1 : 2 : 1/2 : 1) — CM disc -60
  D = -363: CM points |--> Q = (0 : -1 : 1); THIRD POINT (2 : 2 : 2 : 1 : 0) — CM disc -15

#################### N = 131, p = 3 ####################
N = 131, p = 3: E = 131a1 (conductor 131), delta* = 1, expected degree 3
[BuildTripleCover] building model of X_0(393)* (eval_prec = 400, cached if available)... [cache] loaded 3000-term star forms for level 393
done (0.700 s)
[cache] loaded triple-cover map for (N=131, p=3) -> 131a1
X_0(393)* = Curve over Rational Field defined by
z[1]^2*z[3] - z[1]*z[2]^2 + z[2]*z[4]^2 - 4*z[2]*z[4]*z[5] + 2*z[2]*z[5]^2 - z[3]^3 - 2*z[3]^2*z[4] + 3*z[3]^2*z[5] + 2*z[3]*z[4]^2 + z[3]*z[4]*z[5] - 4*z[3]*z[5]^2 + 2*z[4]^2*z[5] - 2*z[4]*z[5]^2 + z[5]^3,
z[1]^2*z[4] - z[2]^3 + z[2]*z[4]^2 - 3*z[2]*z[4]*z[5] + z[2]*z[5]^2 + z[3]^3 - 3*z[3]^2*z[4] - 2*z[3]^2*z[5] + 2*z[3]*z[4]^2 + 2*z[3]*z[4]*z[5] + 2*z[3]*z[5]^2 - z[4]^3 - z[5]^3,
z[1]^2*z[5] - z[2]^2*z[3] + z[2]*z[3]*z[4] + z[2]*z[4]*z[5] - 2*z[2]*z[5]^2 + z[3]^2*z[4] - 3*z[3]^2*z[5] - z[3]*z[4]^2 + 4*z[3]*z[5]^2 + z[4]*z[5]^2 - 2*z[5]^3,
z[1]*z[2]*z[3] - z[2]^3 - 3*z[2]*z[4]*z[5] + 2*z[2]*z[5]^2 - z[3]^2*z[4] + 2*z[3]*z[4]^2 - z[3]*z[5]^2 - z[4]^3 + 2*z[4]*z[5]^2 - z[5]^3,
z[1]*z[2]*z[4] - z[2]^2*z[3] + z[2]*z[4]*z[5] - z[2]*z[5]^2 + z[3]^2*z[4] - 2*z[3]^2*z[5] + 3*z[3]*z[5]^2 - z[4]^3 - 2*z[4]^2*z[5] + 2*z[4]*z[5]^2 - z[5]^3,
z[1]*z[2]*z[5] - z[2]*z[3]^2 + z[2]*z[3]*z[4] - z[2]*z[4]*z[5] - z[3]^3 + z[3]^2*z[4] + 2*z[3]^2*z[5] - z[3]*z[4]*z[5] - z[3]*z[5]^2 + z[4]^2*z[5] + z[4]*z[5]^2 - z[5]^3,
z[1]*z[3]^2 - z[2]^2*z[3] + z[2]*z[3]*z[4] - 2*z[2]*z[4]*z[5] + z[2]*z[5]^2 - z[3]^3 + z[3]^2*z[5] - z[3]*z[4]*z[5] - z[3]*z[5]^2 + z[4]^2*z[5],
z[1]*z[3]*z[4] - z[2]*z[3]^2 + z[2]*z[3]*z[4] - 2*z[2]*z[4]*z[5] + z[2]*z[5]^2 - z[3]^3 + 3*z[3]^2*z[5] - z[3]*z[4]*z[5] - 2*z[3]*z[5]^2 + z[4]^2*z[5],
z[1]*z[3]*z[5] - 2*z[2]*z[4]*z[5] + z[2]*z[5]^2 - z[3]^3 + 2*z[3]^2*z[5] + z[3]*z[4]^2 - 3*z[3]*z[5]^2 + z[4]^2*z[5],
z[1]*z[4]^2 - z[2]*z[3]*z[4] + z[2]*z[4]^2 - z[2]*z[4]*z[5] - z[3]^2*z[4] + z[3]*z[4]^2 + 2*z[3]*z[4]*z[5] - z[4]^3 - z[4]^2*z[5],
z[1]*z[4]*z[5] - z[2]*z[4]*z[5] - z[3]^2*z[4] + z[3]*z[4]^2 + z[3]*z[4]*z[5] - z[4]*z[5]^2,
z[1]*z[5]^2 - z[2]*z[5]^2 - z[3]^2*z[5] + z[3]*z[4]*z[5] + z[3]*z[5]^2 - z[5]^3,
z[2]^2*z[4] - z[2]*z[3]^2 + z[2]*z[3]*z[4] - z[2]*z[4]^2 - z[2]*z[4]*z[5] + z[2]*z[5]^2 - z[3]^3 + z[3]^2*z[4] + 3*z[3]^2*z[5] - z[3]*z[4]^2 - z[3]*z[4]*z[5] - 2*z[3]*z[5]^2 + z[4]^3 + 2*z[4]^2*z[5] - z[4]*z[5]^2,
z[2]^2*z[5] - 3*z[2]*z[4]*z[5] + 2*z[2]*z[5]^2 - z[3]^3 + 3*z[3]^2*z[5] + z[3]*z[4]^2 - z[3]*z[4]*z[5] - 3*z[3]*z[5]^2 + 2*z[4]^2*z[5] + z[4]*z[5]^2 - z[5]^3,
z[2]*z[3]*z[5] - 2*z[2]*z[4]*z[5] + z[2]*z[5]^2 - z[3]^2*z[4] + z[3]^2*z[5] + z[3]*z[4]^2 - 2*z[3]*z[5]^2 + z[4]^2*z[5]
E = [ 0, -1, 1, 1, 0 ] (131a1)

===== SWEEP of CM discriminants for X_0(393)* -> X_0(131)* =====
found 4 small rational points on X_0(393)* (bound 100000)
found CM point at discriminant -8
found CM point at discriminant -51
found CM point at discriminant -24

labelling the rational points:
  disc = -24 -> rats[2] -> (1 : 0 : 1 : 1 : 0) (CM)
  disc = -8 -> rats[4] -> (2 : 1 : 2 : 1 : 1) (CM)
  disc = -51 -> rats[1] -> (1 : 1 : 1 : 1 : 0) (CM)
  Cusp -> rats[3]
Labelled 4 CM+cusp, 0 exceptional

small rational points, their labels and images under pi:
  P1 = (1 : 1 : 1 : 1 : 0)  [CM disc -51]  |-->  (0 : -1 : 1)
  P2 = (1 : 0 : 1 : 1 : 0)  [CM disc -24]  |-->  (0 : 0 : 1)
  P3 = (1 : 0 : 0 : 0 : 0)  [cusp]  |-->  (0 : 1 : 0)
  P4 = (2 : 1 : 2 : 1 : 1)  [CM disc -8]  |-->  (2 : 2 : 1)

candidate discs (degree-2 CM points on X_0(393)*): [ -32, -72, -96, -120, -168, -219, -228, -291, -312, -372, -435, -483, -555, -627, -723, -4323 ]

--- CUSP FIBER: fiber of pi over Q = (0 : 1 : 0) (contains the cusp), splits as degrees [ 1, 2 ] ---
  deg-2 place (mult 1) over Number Field with defining polynomial x^2 - x + 1 over the Rational Field:
      (1 : 1 : K.1 : 0 : 1)
  deg-1 place (mult 1): rational point (1 : 0 : 0 : 0 : 0)  [cusp]  <-- the cusp
cusp-fiber status: cusp fiber: degrees [ 1, 2 ]

--- fiber of pi over Q = (0 : -1 : 1) through known point (1 : 1 : 1 : 1 : 0) [CM disc -51], splits as degrees [ 1, 2 ] ---
  deg-2 place (mult 1) over Number Field with defining polynomial x^2 + 3 over the Rational Field:
      (1/2*(-K.1 + 1) : 1/2*(K.1 + 1) : 0 : 1 : 0)
  deg-1 place (mult 1): rational point (1 : 1 : 1 : 1 : 0)  [CM disc -51]  <-- P itself

--- fiber of pi over Q = (0 : 0 : 1) through known point (1 : 0 : 1 : 1 : 0) [CM disc -24], splits as degrees [ 1, 2 ] ---
  deg-2 place (mult 1) over Number Field with defining polynomial x^2 + 6*x - 9 over the Rational Field:
      (0 : -1 : 0 : 1/3*K.1 : 1)
  deg-1 place (mult 1): rational point (1 : 0 : 1 : 1 : 0)  [CM disc -24]  <-- P itself

--- fiber of pi over Q = (0 : 1 : 0) through known point (1 : 0 : 0 : 0 : 0) [cusp], splits as degrees [ 1, 2 ] ---
  deg-2 place (mult 1) over Number Field with defining polynomial x^2 - x + 1 over the Rational Field:
      (1 : 1 : K.1 : 0 : 1)
  deg-1 place (mult 1): rational point (1 : 0 : 0 : 0 : 0)  [cusp]  <-- P itself

--- fiber of pi over Q = (2 : 2 : 1) through known point (2 : 1 : 2 : 1 : 1) [CM disc -8], splits as degrees [ 1, 2 ] ---
  deg-1 place (mult 1): rational point (2 : 1 : 2 : 1 : 1)  [CM disc -8]  <-- P itself
  deg-2 place (mult 1) over Number Field with defining polynomial x^2 - 7/2*x + 1 over the Rational Field:
      (3*K.1 : -2*K.1 + 1 : K.1 : -K.1 + 1 : 1)
rational-point-fiber status: 4 known point(s) checked

--- D = -32 (h = 1) ---
  CM point at tau = 0.475827 + 0.00719701*$.1  |-->  Q = (0 : 0 : 1)
  CM point at tau = 0.142494 + 0.00719701*$.1  |-->  Q = (0 : 0 : 1)
all disc--32 CM points map to the SAME rational point — as expected

--- fiber of pi over Q1 = (0 : 0 : 1) (image of the disc--32 CM points) ---
  deg-2 place (mult 1) over Number Field with defining polynomial x^2 + 6*x - 9 over the Rational Field:
      (0 : -1 : 0 : 1/3*K.1 : 1)   <-- the two disc--32 CM points
  deg-1 place (mult 1): rational point (1 : 0 : 1 : 1 : 0)  [CM disc -24]
>>> THIRD POINT in the fiber over Q = (0 : 0 : 1):
>>>     (1 : 0 : 1 : 1 : 0)   —   CM disc -24
status: 1 rational fiber(s)

--- D = -72 (h = 1) ---
  CM point at tau = 0.213740 + 0.0107955*$.1: image NOT recognized as rational: [ 0.5000000000 + 0.8660254038*$.1, -1.000000000 + 9.821765568E-88*$.1, 1.000000000 ]
  CM point at tau = -0.213740 + 0.0107955*$.1: image NOT recognized as rational: [ 0.5000000000 - 0.8660254038*$.1, -1.000000000 - 9.821765568E-88*$.1, 1.000000000 ]
status: images not rational (no rational fiber)

--- D = -96 (h = 2) ---
  CM point at tau = 0.251908 + 0.0124656*$.1: image NOT recognized as rational: [ 10.19615242 + 2.691079819E-100*$.1, 30.58845727 - 6.999314264E-99*$.1, 1.000000000 ]
  CM point at tau = 0.187023 + 0.00311640*$.1: image NOT recognized as rational: [ -0.1961524227 + 9.980278079E-26*$.1, -0.5884572681 + 4.808211125E-25*$.1, 1.000000000 ]
status: images not rational (no rational fiber)

--- D = -120 (h = 4) ---
  CM point at tau = 0.396946 + 0.0139370*$.1  |-->  Q = (0 : -1 : 1)
  CM point at tau = -0.396946 + 0.0139370*$.1  |-->  Q = (0 : -1 : 1)
all disc--120 CM points map to the SAME rational point — as expected

--- fiber of pi over Q1 = (0 : -1 : 1) (image of the disc--120 CM points) ---
  deg-2 place (mult 1) over Number Field with defining polynomial x^2 + 3 over the Rational Field:
      (1/2*(-K.1 + 1) : 1/2*(K.1 + 1) : 0 : 1 : 0)   <-- the two disc--120 CM points
  deg-1 place (mult 1): rational point (1 : 1 : 1 : 1 : 0)  [CM disc -51]
>>> THIRD POINT in the fiber over Q = (0 : -1 : 1):
>>>     (1 : 1 : 1 : 1 : 0)   —   CM disc -51
status: 1 rational fiber(s)

--- D = -168 (h = 4) ---
  CM point at tau = 0.480916 + 0.0164904*$.1: image NOT recognized as rational: [ 0.4174243051 + 6.083656971E-135*$.1, 0.2522729151 - 3.705131878E-136*$.1, 1.000000000 ]
  CM point at tau = 0.259542 + 0.00824521*$.1: image NOT recognized as rational: [ 9.582575695 + 1.171845509E-65*$.1, 27.74772708 + 5.325182420E-65*$.1, 1.000000000 ]
status: images not rational (no rational fiber)

--- D = -219 (h = 4) ---
  CM point at tau = 0.270992 + 0.0188278*$.1  |-->  Q = (0 : 1 : 0)
  CM point at tau = -0.270992 + 0.0188278*$.1  |-->  Q = (0 : 1 : 0)
all disc--219 CM points map to the SAME rational point — as expected

--- fiber of pi over Q1 = (0 : 1 : 0) (image of the disc--219 CM points) ---
  deg-2 place (mult 1) over Number Field with defining polynomial x^2 - x + 1 over the Rational Field:
      (1 : 1 : K.1 : 0 : 1)   <-- the two disc--219 CM points
  deg-1 place (mult 1): rational point (1 : 0 : 0 : 0 : 0)  [cusp]
>>> THIRD POINT in the fiber over Q = (0 : 1 : 0):
>>>     (1 : 0 : 0 : 0 : 0)   —   cusp
status: 1 rational fiber(s)

--- D = -228 (h = 4) ---
  CM point at tau = 0.0687023 + 0.0192108*$.1: image NOT recognized as rational: [ 0.5000000000 - 0.8660254038*$.1, -1.000000000 + 5.901717418E-156*$.1, 1.000000000 ]
  CM point at tau = -0.0687023 + 0.0192108*$.1: image NOT recognized as rational: [ 0.5000000000 + 0.8660254038*$.1, -1.000000000 - 5.901717418E-156*$.1, 1.000000000 ]
status: images not rational (no rational fiber)

--- D = -291 (h = 4) ---
  CM point at tau = 0.110687 + 0.0217032*$.1: image NOT recognized as rational: [ 0.5000000000 - 0.8660254038*$.1, 6.916945178E-177 + 6.210864785E-177*$.1, 1.000000000 ]
  CM point at tau = -0.110687 + 0.0217032*$.1: image NOT recognized as rational: [ 0.5000000000 + 0.8660254038*$.1, 6.916945178E-177 - 6.210864785E-177*$.1, 1.000000000 ]
status: images not rational (no rational fiber)

--- D = -312 (h = 4) ---
  CM point at tau = 0.488550 + 0.0224727*$.1: image NOT recognized as rational: [ 0.6972243623 - 3.312860493E-183*$.1, 0.3944487245 - 4.862922472E-183*$.1, 1.000000000 ]
  CM point at tau = 0.244275 + 0.0112363*$.1: image NOT recognized as rational: [ 4.302775638 - 5.759165286E-91*$.1, 7.605551275 - 1.177380264E-89*$.1, 1.000000000 ]
status: images not rational (no rational fiber)

--- D = -372 (h = 4) ---
  CM point at tau = 0.366412 + 0.0245385*$.1: image NOT recognized as rational: [ -0.8333333333 - 0.2886751346*$.1, 2.083569737E-199 - 1.347150628*$.1, 1.000000000 ]
  CM point at tau = -0.366412 + 0.0245385*$.1: image NOT recognized as rational: [ -0.8333333333 + 0.2886751346*$.1, 2.083569737E-199 + 1.347150628*$.1, 1.000000000 ]
status: images not rational (no rational fiber)

--- D = -435 (h = 4) ---
  CM point at tau = 0.240458 + 0.0265352*$.1: image NOT recognized as rational: [ 1.500000000 + 4.330127019*$.1, -4.000000000 + 8.660254038*$.1, 1.000000000 ]
  CM point at tau = -0.240458 + 0.0265352*$.1: image NOT recognized as rational: [ 1.500000000 - 4.330127019*$.1, -4.000000000 - 8.660254038*$.1, 1.000000000 ]
status: images not rational (no rational fiber)

--- D = -483 (h = 4) ---
  CM point at tau = 0.0419847 + 0.0279609*$.1: image NOT recognized as rational: [ 0.9478219619 - 1.071737402E-200*$.1, -1.572821962 + 6.764135090E-200*$.1, 1.000000000 ]
  CM point at tau = 0.148855 + 0.00399441*$.1: image NOT recognized as rational: [ -0.1978219619 - 3.633786462E-33*$.1, -0.4271780381 - 1.859495130E-31*$.1, 1.000000000 ]
status: images not rational (no rational fiber)

--- D = -555 (h = 4) ---
  CM point at tau = 0.179389 + 0.0299726*$.1: image NOT recognized as rational: [ -0.6666666667 + 1.209648312E-200*$.1, -0.5000000000 - 1.075828707*$.1, 1.000000000 ]
  CM point at tau = -0.179389 + 0.0299726*$.1: image NOT recognized as rational: [ -0.6666666667 - 1.209648312E-200*$.1, -0.5000000000 + 1.075828707*$.1, 1.000000000 ]
status: images not rational (no rational fiber)

--- D = -627 (h = 4) ---
  CM point at tau = 0.217557 + 0.0318575*$.1: image NOT recognized as rational: [ -0.5000000000 + 1.658312395*$.1, -3.000000000 + 4.884623886E-200*$.1, 1.000000000 ]
  CM point at tau = -0.217557 + 0.0318575*$.1: image NOT recognized as rational: [ -0.5000000000 - 1.658312395*$.1, -3.000000000 - 4.884623886E-200*$.1, 1.000000000 ]
status: images not rational (no rational fiber)

--- D = -723 (h = 4) ---
  CM point at tau = 0.423664 + 0.0342095*$.1: image NOT recognized as rational: [ 0.5000000000 + 0.8660254038*$.1, -1.000000000 + 8.679916143E-201*$.1, 1.000000000 ]
  CM point at tau = -0.423664 + 0.0342095*$.1: image NOT recognized as rational: [ 0.5000000000 - 0.8660254038*$.1, -1.000000000 - 8.679916143E-201*$.1, 1.000000000 ]
status: images not rational (no rational fiber)

--- D = -4323 (h = 8) ---
  CM point at tau = 0.500000 + 0.0836508*$.1  |-->  Q = (2 : 2 : 1)
  CM point at tau = 0.236842 + 0.00440267*$.1  |-->  Q = (2 : 2 : 1)
all disc--4323 CM points map to the SAME rational point — as expected

--- fiber of pi over Q1 = (2 : 2 : 1) (image of the disc--4323 CM points) ---
  deg-1 place (mult 1): rational point (2 : 1 : 2 : 1 : 1)  [CM disc -8]
  deg-2 place (mult 1) over Number Field with defining polynomial x^2 - 7/2*x + 1 over the Rational Field:
      (3*K.1 : -2*K.1 + 1 : K.1 : -K.1 + 1 : 1)   <-- the two disc--4323 CM points
>>> THIRD POINT in the fiber over Q = (2 : 2 : 1):
>>>     (2 : 1 : 2 : 1 : 1)   —   CM disc -8
status: 1 rational fiber(s)

================ SWEEP SUMMARY for X_0(393)* -> X_0(131)* ================
  D = -32: CM points |--> Q = (0 : 0 : 1); THIRD POINT (1 : 0 : 1 : 1 : 0) — CM disc -24
  D = -120: CM points |--> Q = (0 : -1 : 1); THIRD POINT (1 : 1 : 1 : 1 : 0) — CM disc -51
  D = -219: CM points |--> Q = (0 : 1 : 0); THIRD POINT (1 : 0 : 0 : 0 : 0) — cusp
  D = -4323: CM points |--> Q = (2 : 2 : 1); THIRD POINT (2 : 1 : 2 : 1 : 1) — CM disc -8

#################### N = 155, p = 3 ####################
N = 155, p = 3: E = 155c1 (conductor 155), delta* = 1, expected degree 3
[BuildTripleCover] building model of X_0(465)* (eval_prec = 400, cached if available)... [cache] loaded 3000-term star forms for level 465
done (4.620 s)
[cache] loaded triple-cover map for (N=155, p=3) -> 155c1
X_0(465)* = Curve over Rational Field defined by
z[1]^2*z[3] - z[1]*z[2]^2 - z[2]*z[3]*z[4] - 2*z[2]*z[4]*z[5] + z[2]*z[5]^2 - z[3]^3 - z[3]^2*z[4] + 2*z[3]^2*z[5] + 2*z[3]*z[4]^2 + z[3]*z[4]*z[5] - z[3]*z[5]^2 - z[4]^3 - 2*z[4]*z[5]^2,
z[1]^2*z[4] - z[2]^3 + z[2]*z[4]^2 - 3*z[2]*z[4]*z[5] + z[2]*z[5]^2 + z[3]^3 - 3*z[3]^2*z[4] + z[3]^2*z[5] - z[3]*z[4]^2 - z[3]*z[4]*z[5] + 2*z[4]^3 + z[4]^2*z[5] - z[4]*z[5]^2,
z[1]^2*z[5] - z[2]^2*z[3] - z[2]*z[3]*z[4] + 3*z[2]*z[4]*z[5] - z[2]*z[5]^2 + z[3]^3 + z[3]^2*z[4] - 3*z[3]^2*z[5] - 2*z[3]*z[4]^2 - z[3]*z[4]*z[5] + z[3]*z[5]^2 + 2*z[4]*z[5]^2,
z[1]*z[2]*z[3] - z[2]^3 - 4*z[2]*z[4]*z[5] + z[2]*z[5]^2 - 2*z[3]^2*z[4] + 2*z[3]^2*z[5] + z[3]*z[4]^2 - z[3]*z[5]^2 + z[4]^3 + z[4]^2*z[5] - 2*z[4]*z[5]^2,
z[1]*z[2]*z[4] - z[2]^2*z[3] - z[2]*z[3]*z[4] - z[2]*z[4]^2 + 4*z[2]*z[4]*z[5] + z[3]^3 + 2*z[3]^2*z[4] - 2*z[3]^2*z[5] - 2*z[3]*z[4]^2 - 2*z[3]*z[4]*z[5] + z[3]*z[5]^2 - z[4]^3 - 3*z[4]^2*z[5] + z[4]*z[5]^2,
z[1]*z[2]*z[5] - z[2]*z[3]^2 + z[2]*z[3]*z[4] - z[2]*z[5]^2 - z[3]^3 + z[3]*z[4]^2 + 2*z[3]*z[4]*z[5] + 2*z[4]^2*z[5] + z[4]*z[5]^2,
z[1]*z[3]^2 - z[2]^2*z[3] - z[2]*z[3]*z[4] + 2*z[2]*z[4]*z[5] + z[3]^3 - 2*z[3]^2*z[5] - 2*z[3]*z[4]^2 - 2*z[3]*z[4]*z[5] + z[3]*z[5]^2 - z[4]^2*z[5] + z[4]*z[5]^2,
z[1]*z[3]*z[4] - z[2]*z[3]^2 + z[2]*z[3]*z[4] - z[3]^3 + z[3]^2*z[5] + z[3]*z[4]*z[5],
z[1]*z[3]*z[5] - 2*z[2]*z[4]*z[5] - z[3]^3 + z[3]^2*z[5] + z[3]*z[4]^2 + z[3]*z[4]*z[5] - z[3]*z[5]^2 + z[4]^2*z[5] - z[4]*z[5]^2,
z[1]*z[4]^2 - z[2]*z[3]*z[4] + z[2]*z[4]^2 - z[3]^2*z[4] + z[3]*z[4]*z[5] + z[4]^2*z[5],
z[1]*z[4]*z[5] - z[2]*z[4]*z[5] - z[3]^2*z[4] + z[3]*z[4]^2 + z[4]^2*z[5],
z[1]*z[5]^2 - z[2]*z[5]^2 - z[3]^2*z[5] + z[3]*z[4]*z[5] + z[4]*z[5]^2,
z[2]^2*z[4] - z[2]*z[3]^2 + z[2]*z[3]*z[4] + z[2]*z[4]^2 - z[2]*z[4]*z[5] - z[3]^3 - z[3]^2*z[4] + z[3]^2*z[5] + z[3]*z[4]^2 + 2*z[3]*z[4]*z[5] + z[4]^3 + 2*z[4]^2*z[5],
z[2]^2*z[5] - z[2]*z[4]*z[5] - z[2]*z[5]^2 - z[3]^3 + z[3]*z[4]^2 + 2*z[3]*z[4]*z[5] + 2*z[4]^2*z[5] + z[4]*z[5]^2,
z[2]*z[3]*z[5] - 2*z[2]*z[4]*z[5] - z[3]^2*z[4] + z[3]^2*z[5] + z[3]*z[4]^2 - z[3]*z[5]^2 + z[4]^2*z[5] - z[4]*z[5]^2
E = [ 0, -1, 1, -1, 1 ] (155c1)

===== SWEEP of CM discriminants for X_0(465)* -> X_0(155)* =====
found 8 small rational points on X_0(465)* (bound 100000)
found CM point at discriminant -11
found CM point at discriminant -15
found CM point at discriminant -60
found CM point at discriminant -24
found CM point at discriminant -75
found CM point at discriminant -240
found CM point at discriminant -120

labelling the rational points:
  disc = -60 -> rats[6] -> (5/4 : 3/4 : -3/4 : 1/4 : 1) (CM)
  disc = -24 -> rats[4] -> (0 : 0 : 0 : 0 : 1) (CM)
  disc = -11 -> rats[8] -> (1 : 0 : 1 : 1 : 0) (CM)
  disc = -120 -> rats[7] -> (2 : 1 : 2 : 1 : 1) (CM)
  disc = -240 -> rats[5] -> (1/2 : -1/2 : 1/2 : -1/2 : 1) (CM)
  disc = -75 -> rats[1] -> (1 : 1 : 0 : 0 : 1) (CM)
  disc = -15 -> rats[3] -> (1 : -1 : 1 : 1 : 0) (CM)
  Cusp -> rats[2]
Labelled 8 CM+cusp, 0 exceptional

small rational points, their labels and images under pi:
  P1 = (1 : 1 : 0 : 0 : 1)  [CM disc -75]  |-->  (0 : 1 : 0)
  P2 = (1 : 0 : 0 : 0 : 0)  [cusp]  |-->  (0 : 1 : 0)
  P3 = (1 : -1 : 1 : 1 : 0)  [CM disc -15]  |-->  (-1 : 0 : 1)
  P4 = (0 : 0 : 0 : 0 : 1)  [CM disc -24]  |-->  (1 : 0 : 1)
  P5 = (1/2 : -1/2 : 1/2 : -1/2 : 1)  [CM disc -240]  |-->  (1 : 0 : 1)
  P6 = (5/4 : 3/4 : -3/4 : 1/4 : 1)  [CM disc -60]  |-->  (19 : 80 : 1)
  P7 = (2 : 1 : 2 : 1 : 1)  [CM disc -120]  |-->  (1 : 0 : 1)
  P8 = (1 : 0 : 1 : 1 : 0)  [CM disc -11]  |-->  (-1 : -1 : 1)

candidate discs (degree-2 CM points on X_0(465)*): [ -84, -96, -99, -155, -291, -420, -480, -651, -840, -960, -1395, -1635, -1995, -2139, -3315, -5115, -8835 ]

--- CUSP FIBER: fiber of pi over Q = (0 : 1 : 0) (contains the cusp), splits as degrees [ 1, 1 ] ---
  deg-1 place (mult 2): rational point (1 : 1 : 0 : 0 : 1)  [CM disc -75]
  deg-1 place (mult 1): rational point (1 : 0 : 0 : 0 : 0)  [cusp]  <-- the cusp
>>> RESIDUAL POINT in the cusp fiber over Q = (0 : 1 : 0):
>>>     (1 : 1 : 0 : 0 : 1)   —   CM disc -75
>>> RESIDUAL POINT in the cusp fiber over Q = (0 : 1 : 0):
>>>     (1 : 1 : 0 : 0 : 1)   —   CM disc -75
cusp-fiber status: cusp fiber: degrees [ 1, 1 ]

--- fiber of pi over Q = (0 : 1 : 0) through known point (1 : 1 : 0 : 0 : 1) [CM disc -75], splits as degrees [ 1, 1 ] ---
  deg-1 place (mult 2): rational point (1 : 1 : 0 : 0 : 1)  [CM disc -75]  <-- P itself
  deg-1 place (mult 1): rational point (1 : 0 : 0 : 0 : 0)  [cusp]

--- fiber of pi over Q = (0 : 1 : 0) through known point (1 : 0 : 0 : 0 : 0) [cusp], splits as degrees [ 1, 1 ] ---
  deg-1 place (mult 2): rational point (1 : 1 : 0 : 0 : 1)  [CM disc -75]
  deg-1 place (mult 1): rational point (1 : 0 : 0 : 0 : 0)  [cusp]  <-- P itself

--- fiber of pi over Q = (-1 : 0 : 1) through known point (1 : -1 : 1 : 1 : 0) [CM disc -15], splits as degrees [ 1, 2 ] ---
  deg-2 place (mult 1) over Number Field with defining polynomial x^2 + 15*x + 126 over the Rational Field:
      (0 : 1/3*(-K.1 - 12) : -2 : 1/3*K.1 : 1)
  deg-1 place (mult 1): rational point (1 : -1 : 1 : 1 : 0)  [CM disc -15]  <-- P itself

--- fiber of pi over Q = (1 : 0 : 1) through known point (0 : 0 : 0 : 0 : 1) [CM disc -24], splits as degrees [ 1, 1, 1 ] ---
  deg-1 place (mult 1): rational point (2 : 1 : 2 : 1 : 1)  [CM disc -120]
  deg-1 place (mult 1): rational point (1/2 : -1/2 : 1/2 : -1/2 : 1)  [CM disc -240]
  deg-1 place (mult 1): rational point (0 : 0 : 0 : 0 : 1)  [CM disc -24]  <-- P itself

--- fiber of pi over Q = (1 : 0 : 1) through known point (1/2 : -1/2 : 1/2 : -1/2 : 1) [CM disc -240], splits as degrees [ 1, 1, 1 ] ---
  deg-1 place (mult 1): rational point (2 : 1 : 2 : 1 : 1)  [CM disc -120]
  deg-1 place (mult 1): rational point (1/2 : -1/2 : 1/2 : -1/2 : 1)  [CM disc -240]  <-- P itself
  deg-1 place (mult 1): rational point (0 : 0 : 0 : 0 : 1)  [CM disc -24]

--- fiber of pi over Q = (19 : 80 : 1) through known point (5/4 : 3/4 : -3/4 : 1/4 : 1) [CM disc -60], splits as degrees [ 1, 2 ] ---
  deg-1 place (mult 1): rational point (5/4 : 3/4 : -3/4 : 1/4 : 1)  [CM disc -60]  <-- P itself
  deg-2 place (mult 1) over Number Field with defining polynomial x^2 - 104/5*x + 92/5 over the Rational Field:
      (21*K.1 - 18 : 1/4*(-19*K.1 + 22) : K.1 : 1/4*(-K.1 + 2) : 1)

--- fiber of pi over Q = (1 : 0 : 1) through known point (2 : 1 : 2 : 1 : 1) [CM disc -120], splits as degrees [ 1, 1, 1 ] ---
  deg-1 place (mult 1): rational point (2 : 1 : 2 : 1 : 1)  [CM disc -120]  <-- P itself
  deg-1 place (mult 1): rational point (1/2 : -1/2 : 1/2 : -1/2 : 1)  [CM disc -240]
  deg-1 place (mult 1): rational point (0 : 0 : 0 : 0 : 1)  [CM disc -24]

--- fiber of pi over Q = (-1 : -1 : 1) through known point (1 : 0 : 1 : 1 : 0) [CM disc -11], splits as degrees [ 1, 2 ] ---
  deg-2 place (mult 1) over Number Field with defining polynomial x^2 + 4*x + 7 over the Rational Field:
      (1/2*(-K.1 - 1) : 1/2*(K.1 + 1) : 0 : 1 : 0)
  deg-1 place (mult 1): rational point (1 : 0 : 1 : 1 : 0)  [CM disc -11]  <-- P itself
>>> PARTNER in the fiber over Q = (0 : 1 : 0) (via known point (1 : 1 : 0 : 0 : 1) [CM disc -75]):
>>>     (1 : 0 : 0 : 0 : 0)   —   cusp
>>> PARTNER in the fiber over Q = (1 : 0 : 1) (via known point (0 : 0 : 0 : 0 : 1) [CM disc -24]):
>>>     (2 : 1 : 2 : 1 : 1)   —   CM disc -120
>>> PARTNER in the fiber over Q = (1 : 0 : 1) (via known point (0 : 0 : 0 : 0 : 1) [CM disc -24]):
>>>     (1/2 : -1/2 : 1/2 : -1/2 : 1)   —   CM disc -240
>>> PARTNER in the fiber over Q = (1 : 0 : 1) (via known point (1/2 : -1/2 : 1/2 : -1/2 : 1) [CM disc -240]):
>>>     (2 : 1 : 2 : 1 : 1)   —   CM disc -120
rational-point-fiber status: 8 known point(s) checked

--- D = -84 (h = 4) ---
  CM point at tau = 0.296774 + 0.00985500*$.1: image NOT recognized as rational: [ 0.4875365556 - 0.5801263847*$.1, 0.5000000000 + 2.598076211*$.1, 1.000000000 ]
  CM point at tau = -0.103226 + 0.00985500*$.1: image NOT recognized as rational: [ 0.2926499865 + 1.229563345*$.1, 0.5000000000 - 2.598076211*$.1, 1.000000000 ]
status: images not rational (no rational fiber)

--- D = -96 (h = 2) ---
  CM point at tau = 0.245161 + 0.0105354*$.1: image NOT recognized as rational: [ 3.732050808 - 2.933191632E-85*$.1, 5.464101615 + 1.101208043E-84*$.1, 1.000000000 ]
  CM point at tau = 0.0451613 + 0.0105354*$.1: image NOT recognized as rational: [ 0.2679491924 + 3.311451784E-85*$.1, -1.464101615 + 4.734629730E-84*$.1, 1.000000000 ]
status: images not rational (no rational fiber)

--- D = -99 (h = 1) ---
  CM point at tau = 0.461290 + 0.0106988*$.1: image NOT recognized as rational: [ 0.5000000000 + 0.8660254038*$.1, 0.5000000000 - 0.8660254038*$.1, 1.000000000 ]
  CM point at tau = -0.138710 + 0.0106988*$.1: image NOT recognized as rational: [ 0.5000000000 - 0.8660254038*$.1, 0.5000000000 + 0.8660254038*$.1, 1.000000000 ]
status: images not rational (no rational fiber)

--- D = -155 (h = 4) ---
  CM point at tau = 0.166667 + 0.0133870*$.1  |-->  Q = (-1 : 0 : 1)
  CM point at tau = -0.166667 + 0.0133870*$.1  |-->  Q = (-1 : 0 : 1)
all disc--155 CM points map to the SAME rational point — as expected

--- fiber of pi over Q1 = (-1 : 0 : 1) (image of the disc--155 CM points) ---
  deg-2 place (mult 1) over Number Field with defining polynomial x^2 + 15*x + 126 over the Rational Field:
      (0 : 1/3*(-K.1 - 12) : -2 : 1/3*K.1 : 1)   <-- the two disc--155 CM points
  deg-1 place (mult 1): rational point (1 : -1 : 1 : 1 : 0)  [CM disc -15]
>>> THIRD POINT in the fiber over Q = (-1 : 0 : 1):
>>>     (1 : -1 : 1 : 1 : 0)   —   CM disc -15
status: 1 rational fiber(s)

--- D = -291 (h = 4) ---
  CM point at tau = 0.390323 + 0.0183427*$.1  |-->  Q = (-1 : -1 : 1)
  CM point at tau = 0.190323 + 0.0183427*$.1  |-->  Q = (-1 : -1 : 1)
all disc--291 CM points map to the SAME rational point — as expected

--- fiber of pi over Q1 = (-1 : -1 : 1) (image of the disc--291 CM points) ---
  deg-2 place (mult 1) over Number Field with defining polynomial x^2 + 4*x + 7 over the Rational Field:
      (1/2*(-K.1 - 1) : 1/2*(K.1 + 1) : 0 : 1 : 0)   <-- the two disc--291 CM points
  deg-1 place (mult 1): rational point (1 : 0 : 1 : 1 : 0)  [CM disc -11]
>>> THIRD POINT in the fiber over Q = (-1 : -1 : 1):
>>>     (1 : 0 : 1 : 1 : 0)   —   CM disc -11
status: 1 rational fiber(s)

--- D = -420 (h = 8) ---
  CM point at tau = 0.419355 + 0.0220365*$.1: image NOT recognized as rational: [ 0.2222222222 - 0.2484519975*$.1, -1.518518519 - 0.1656346650*$.1, 1.000000000 ]
  CM point at tau = -0.419355 + 0.0220365*$.1: image NOT recognized as rational: [ 0.2222222222 + 0.2484519975*$.1, -1.518518519 + 0.1656346650*$.1, 1.000000000 ]
status: images not rational (no rational fiber)

--- D = -480 (h = 4) ---
  CM point at tau = 0.129032 + 0.0235580*$.1: image NOT recognized as rational: [ 0.2222222222 - 0.2484519975*$.1, 0.5185185185 + 0.1656346650*$.1, 1.000000000 ]
  CM point at tau = -0.129032 + 0.0235580*$.1: image NOT recognized as rational: [ 0.2222222222 + 0.2484519975*$.1, 0.5185185185 - 0.1656346650*$.1, 1.000000000 ]
status: images not rational (no rational fiber)

--- D = -651 (h = 8) ---
  CM point at tau = 0.100000 + 0.0274352*$.1: image NOT recognized as rational: [ 0.5000000000 - 0.8660254038*$.1, 0.5000000000 + 0.8660254038*$.1, 1.000000000 ]
  CM point at tau = -0.100000 + 0.0274352*$.1: image NOT recognized as rational: [ 0.5000000000 + 0.8660254038*$.1, 0.5000000000 - 0.8660254038*$.1, 1.000000000 ]
status: images not rational (no rational fiber)

--- D = -840 (h = 8) ---
  CM point at tau = 0.354839 + 0.0311643*$.1: image NOT recognized as rational: [ -2.000000000 - 5.339078455E-200*$.1, -0.5000000000 - 2.958039891*$.1, 1.000000000 ]
  CM point at tau = -0.354839 + 0.0311643*$.1: image NOT recognized as rational: [ -2.000000000 + 5.339078455E-200*$.1, -0.5000000000 + 2.958039891*$.1, 1.000000000 ]
status: images not rational (no rational fiber)

--- D = -960 (h = 2) ---
  CM point at tau = 0.0322581 + 0.0333160*$.1: image NOT recognized as rational: [ 1.537524704 - 4.202304992E-200*$.1, -1.491551379 + 1.135853231E-199*$.1, 1.000000000 ]
  CM point at tau = 0.241935 + 0.00832899*$.1: image NOT recognized as rational: [ 2.240253073 + 2.355159493E-68*$.1, 1.787847676 - 6.032159688E-68*$.1, 1.000000000 ]
status: images not rational (no rational fiber)

--- D = -1395 (h = 4) ---
  CM point at tau = 0.500000 + 0.0401610*$.1: image NOT recognized as rational: [ 1.291796067 + 1.959023533E-200*$.1, 0.1671842700 + 2.088586639E-200*$.1, 1.000000000 ]
  CM point at tau = 0.0384616 + 0.00308931*$.1: image NOT recognized as rational: [ 14.70820393 + 7.950786965E-23*$.1, 53.83281573 + 4.371319841E-21*$.1, 1.000000000 ]
status: images not rational (no rational fiber)

--- D = -1635 (h = 8) ---
  CM point at tau = 0.0161290 + 0.0434786*$.1: image NOT recognized as rational: [ 2.048922946 - 3.837353097E-201*$.1, -2.398563927 + 4.661365639E-200*$.1, 1.000000000 ]
  CM point at tau = 0.362170 + 0.00395260*$.1: image NOT recognized as rational: [ -0.2711451676 - 1.013444660E-31*$.1, 0.6948602236 + 5.209285028E-31*$.1, 1.000000000 ]
status: images not rational (no rational fiber)

--- D = -1995 (h = 8) ---
  CM point at tau = 0.112903 + 0.0480273*$.1: image NOT recognized as rational: [ 0.2222222222 - 1.082977149*$.1, 0.9814814815 + 0.9024809579*$.1, 1.000000000 ]
  CM point at tau = -0.112903 + 0.0480273*$.1: image NOT recognized as rational: [ 0.2222222222 + 1.082977149*$.1, 0.9814814815 - 0.9024809579*$.1, 1.000000000 ]
status: images not rational (no rational fiber)

--- D = -2139 (h = 8) ---
  CM point at tau = 0.300000 + 0.0497305*$.1: image NOT recognized as rational: [ -5.000000000 + 2.373141456E-200*$.1, -0.5000000000 - 11.98957881*$.1, 1.000000000 ]
  CM point at tau = -0.300000 + 0.0497305*$.1: image NOT recognized as rational: [ -5.000000000 - 2.373141456E-200*$.1, -0.5000000000 + 11.98957881*$.1, 1.000000000 ]
status: images not rational (no rational fiber)

--- D = -3315 (h = 8) ---
  CM point at tau = 0.241935 + 0.0619097*$.1: image NOT recognized as rational: [ -3.718750000 + 2.146718062*$.1, -7.164062500 - 6.976833701*$.1, 1.000000000 ]
  CM point at tau = -0.241935 + 0.0619097*$.1: image NOT recognized as rational: [ -3.718750000 - 2.146718062*$.1, -7.164062500 + 6.976833701*$.1, 1.000000000 ]
status: images not rational (no rational fiber)

--- D = -5115 (h = 16) ---
  CM point at tau = 0.500000 + 0.0769024*$.1: image NOT recognized as rational: [ 1.955120583 + 4.624755130E-200*$.1, 1.216340437 + 8.834397631E-200*$.1, 1.000000000 ]
  CM point at tau = 0.0714285 + 0.0109861*$.1: image NOT recognized as rational: [ 0.6073794171 + 7.386212808E-89*$.1, 0.2055345628 - 5.457580291E-89*$.1, 1.000000000 ]
status: images not rational (no rational fiber)

--- D = -8835 (h = 16) ---
  CM point at tau = 0.500000 + 0.101070*$.1: image NOT recognized as rational: [ 2.737184567 + 7.034399679E-200*$.1, 2.895307611 + 1.657665002E-199*$.1, 1.000000000 ]
  CM point at tau = 0.0454546 + 0.00918815*$.1: image NOT recognized as rational: [ 0.04059321116 + 2.694001490E-74*$.1, -1.599011315 + 2.786122711E-73*$.1, 1.000000000 ]
status: images not rational (no rational fiber)

================ SWEEP SUMMARY for X_0(465)* -> X_0(155)* ================
  CUSP fiber |--> Q = (0 : 1 : 0); RESIDUAL POINT (1 : 1 : 0 : 0 : 1) — CM disc -75
  CUSP fiber |--> Q = (0 : 1 : 0); RESIDUAL POINT (1 : 1 : 0 : 0 : 1) — CM disc -75
  RATIONAL-POINT fiber |--> Q = (0 : 1 : 0); RESIDUAL POINT (1 : 0 : 0 : 0 : 0) — cusp  (partner of known point (1 : 1 : 0 : 0 : 1) [CM disc -75])
  RATIONAL-POINT fiber |--> Q = (1 : 0 : 1); RESIDUAL POINT (2 : 1 : 2 : 1 : 1) — CM disc -120  (partner of known point (0 : 0 : 0 : 0 : 1) [CM disc -24])
  RATIONAL-POINT fiber |--> Q = (1 : 0 : 1); RESIDUAL POINT (1/2 : -1/2 : 1/2 : -1/2 : 1) — CM disc -240  (partner of known point (0 : 0 : 0 : 0 : 1) [CM disc -24])
  RATIONAL-POINT fiber |--> Q = (1 : 0 : 1); RESIDUAL POINT (2 : 1 : 2 : 1 : 1) — CM disc -120  (partner of known point (1/2 : -1/2 : 1/2 : -1/2 : 1) [CM disc -240])
  D = -155: CM points |--> Q = (-1 : 0 : 1); THIRD POINT (1 : -1 : 1 : 1 : 0) — CM disc -15
  D = -291: CM points |--> Q = (-1 : -1 : 1); THIRD POINT (1 : 0 : 1 : 1 : 0) — CM disc -11

#################### N = 574, p = 1 ####################
M = 574: new-quotient triple cover to 574a1 (modular degree 24)
[BuildTripleCoverNew] building model of X_0(574)* (eval_prec = 400, cached if available)... [cache] loaded 3000-term star forms for level 574
done (0.100 s)
[cache] loaded triple-cover map for (N=574, p=1) -> 574a1
X_0(574)* = Curve over Rational Field defined by
z[1]^2*z[3] - z[1]*z[2]^2 + z[2]*z[3]^2 + z[2]*z[3]*z[4] - 4*z[3]^3 + z[3]^2*z[4] + 5*z[3]^2*z[5] - 5*z[3]*z[4]^2 - 2*z[3]*z[4]*z[5] + z[3]*z[5]^2 - z[4]^3 - 3*z[4]^2*z[5] - 3*z[4]*z[5]^2 - z[5]^3,
z[1]^2*z[4] - z[2]^3 + z[2]*z[3]^2 + z[2]*z[3]*z[4] + 4*z[2]*z[4]^2 - 4*z[2]*z[4]*z[5] - z[2]*z[5]^2 - z[3]^3 - 8*z[3]^2*z[4] + 6*z[3]^2*z[5] + 2*z[3]*z[4]^2 + 8*z[3]*z[4]*z[5] - 6*z[3]*z[5]^2 - 10*z[4]^3 - 2*z[4]^2*z[5] + 2*z[4]*z[5]^2,
z[1]^2*z[5] - z[2]^2*z[3] + 2*z[2]*z[3]*z[4] - z[3]^3 - z[3]^2*z[4] - 2*z[3]*z[4]^2 + 3*z[3]*z[4]*z[5] + 3*z[3]*z[5]^2 - 2*z[4]^3 - 5*z[4]^2*z[5] - 4*z[4]*z[5]^2 - z[5]^3,
z[1]*z[2]*z[3] - z[2]^3 + z[2]*z[3]*z[4] + 4*z[2]*z[4]^2 - 4*z[2]*z[4]*z[5] - z[2]*z[5]^2 - 7*z[3]^2*z[4] + 3*z[3]^2*z[5] + 3*z[3]*z[4]^2 + 10*z[3]*z[4]*z[5] - 5*z[3]*z[5]^2 - 10*z[4]^3 - 2*z[4]^2*z[5] + 2*z[4]*z[5]^2,
z[1]*z[2]*z[4] - z[2]^2*z[3] + z[2]*z[3]*z[4] - z[3]^2*z[4] + z[3]*z[4]*z[5] + z[3]*z[5]^2 - z[4]^3 - 2*z[4]^2*z[5] - z[4]*z[5]^2,
z[1]*z[2]*z[5] - z[2]*z[3]^2 - z[2]*z[4]^2 - 2*z[2]*z[4]*z[5] - z[2]*z[5]^2 + 2*z[3]^2*z[4] - 2*z[3]*z[4]*z[5] - 2*z[3]*z[5]^2 + 2*z[4]^3 + 4*z[4]^2*z[5] + 2*z[4]*z[5]^2,
z[1]*z[3]^2 - z[2]^2*z[3] + 3*z[2]*z[3]*z[4] - 3*z[3]^3 + z[3]^2*z[4] + 5*z[3]^2*z[5] - 5*z[3]*z[4]^2 - 4*z[3]*z[4]*z[5] - z[3]*z[5]^2,
z[1]*z[3]*z[4] - z[2]*z[3]^2 + z[3]^2*z[4] - z[3]^2*z[5],
z[1]*z[3]*z[5] - z[3]^3 + 2*z[3]^2*z[5] - z[3]*z[4]^2 - 2*z[3]*z[4]*z[5] - z[3]*z[5]^2,
z[1]*z[4]^2 - z[2]*z[3]*z[4] + z[3]*z[4]^2 - z[3]*z[4]*z[5],
z[1]*z[4]*z[5] - z[3]^2*z[4] + 2*z[3]*z[4]*z[5] - z[4]^3 - 2*z[4]^2*z[5] - z[4]*z[5]^2,
z[1]*z[5]^2 - z[3]^2*z[5] + 2*z[3]*z[5]^2 - z[4]^2*z[5] - 2*z[4]*z[5]^2 - z[5]^3,
z[2]^2*z[4] - z[2]*z[3]^2 - 3*z[2]*z[4]^2 + 4*z[3]^2*z[4] - z[3]^2*z[5] - z[3]*z[4]^2 - 5*z[3]*z[4]*z[5] + 5*z[4]^3 + 4*z[4]^2*z[5] + z[4]*z[5]^2,
z[2]^2*z[5] - 3*z[2]*z[4]*z[5] - z[3]^3 + 5*z[3]^2*z[5] - z[3]*z[4]^2 - 3*z[3]*z[4]*z[5] - 6*z[3]*z[5]^2 + 5*z[4]^2*z[5] + 4*z[4]*z[5]^2 + z[5]^3,
z[2]*z[3]*z[5] - z[3]^2*z[4] + z[3]*z[4]*z[5] + z[3]*z[5]^2 - z[4]^3 - 2*z[4]^2*z[5] - z[4]*z[5]^2
E = [ 1, 1, 0, -2, -2 ] (574a1)

===== SWEEP of CM discriminants for X_0(574)* -> X_0(574)* =====
found 6 small rational points on X_0(574)* (bound 100000)
found CM point at discriminant -20
found CM point at discriminant -40
found CM point at discriminant -84
found CM point at discriminant -168
found CM point at discriminant -532

labelling the rational points:
  disc = -532 -> rats[4] -> (4 : 2 : 2 : 1 : 1) (CM)
  disc = -40 -> rats[5] -> (0 : -1 : 0 : -1 : 1) (CM)
  disc = -20 -> rats[2] -> (0 : -1 : 1 : 0 : 1) (CM)
  disc = -84 -> rats[1] -> (0 : -2 : 0 : -1 : 1) (CM)
  disc = -168 -> rats[6] -> (-1 : -1 : 1 : -1 : 1) (CM)
  Cusp -> rats[3]
Labelled 6 CM+cusp, 0 exceptional

small rational points, their labels and images under pi:
  P1 = (0 : -2 : 0 : -1 : 1)  [CM disc -84]  |-->  (-1 : 1 : 1)
  P2 = (0 : -1 : 1 : 0 : 1)  [CM disc -20]  |-->  (-1 : 0 : 1)
  P3 = (1 : 0 : 0 : 0 : 0)  [cusp]  |-->  (0 : 1 : 0)
  P4 = (4 : 2 : 2 : 1 : 1)  [CM disc -532]  |-->  (3 : -7 : 1)
  P5 = (0 : -1 : 0 : -1 : 1)  [CM disc -40]  |-->  (-1 : 0 : 1)
  P6 = (-1 : -1 : 1 : -1 : 1)  [CM disc -168]  |-->  (-1 : 0 : 1)

candidate discs (degree-2 CM points on X_0(574)*): [ -132, -180, -196, -292, -308, -328, -420, -616, -840, -952, -1540, -2212, -2632, -2968 ]

--- CUSP FIBER: fiber of pi over Q = (0 : 1 : 0) (contains the cusp), splits as degrees [ 1, 2 ] ---
  deg-2 place (mult 1) over Number Field with defining polynomial x^2 - x + 2 over the Rational Field:
      (1/2*(-K.1 + 1) : -K.1 : 1/2*(-K.1 + 1) : 1/2*(-K.1 + 1) : 1)
  deg-1 place (mult 1): rational point (1 : 0 : 0 : 0 : 0)  [cusp]  <-- the cusp
cusp-fiber status: cusp fiber: degrees [ 1, 2 ]

--- fiber of pi over Q = (-1 : 1 : 1) through known point (0 : -2 : 0 : -1 : 1) [CM disc -84], splits as degrees [ 1, 2 ] ---
  deg-1 place (mult 1): rational point (0 : -2 : 0 : -1 : 1)  [CM disc -84]  <-- P itself
  deg-2 place (mult 1) over Number Field with defining polynomial x^2 - x + 2 over the Rational Field:
      (-K.1 + 2 : -K.1 : K.1 : 1 : 1)

--- fiber of pi over Q = (-1 : 0 : 1) through known point (0 : -1 : 1 : 0 : 1) [CM disc -20], splits as degrees [ 1, 1, 1 ] ---
  deg-1 place (mult 1): rational point (0 : -1 : 0 : -1 : 1)  [CM disc -40]
  deg-1 place (mult 1): rational point (-1 : -1 : 1 : -1 : 1)  [CM disc -168]
  deg-1 place (mult 1): rational point (0 : -1 : 1 : 0 : 1)  [CM disc -20]  <-- P itself

--- fiber of pi over Q = (0 : 1 : 0) through known point (1 : 0 : 0 : 0 : 0) [cusp], splits as degrees [ 1, 2 ] ---
  deg-2 place (mult 1) over Number Field with defining polynomial x^2 - x + 2 over the Rational Field:
      (1/2*(-K.1 + 1) : -K.1 : 1/2*(-K.1 + 1) : 1/2*(-K.1 + 1) : 1)
  deg-1 place (mult 1): rational point (1 : 0 : 0 : 0 : 0)  [cusp]  <-- P itself

--- fiber of pi over Q = (3 : -7 : 1) through known point (4 : 2 : 2 : 1 : 1) [CM disc -532], splits as degrees [ 1, 2 ] ---
  deg-1 place (mult 1): rational point (4 : 2 : 2 : 1 : 1)  [CM disc -532]  <-- P itself
  deg-2 place (mult 1) over Number Field with defining polynomial x^2 - 13/7*x + 8/7 over the Rational Field:
      (1/17*(21*K.1 - 40) : 1/17*(77*K.1 - 90) : 1/17*(49*K.1 - 48) : 1/17*(42*K.1 - 29) : 1)

--- fiber of pi over Q = (-1 : 0 : 1) through known point (0 : -1 : 0 : -1 : 1) [CM disc -40], splits as degrees [ 1, 1, 1 ] ---
  deg-1 place (mult 1): rational point (0 : -1 : 0 : -1 : 1)  [CM disc -40]  <-- P itself
  deg-1 place (mult 1): rational point (-1 : -1 : 1 : -1 : 1)  [CM disc -168]
  deg-1 place (mult 1): rational point (0 : -1 : 1 : 0 : 1)  [CM disc -20]

--- fiber of pi over Q = (-1 : 0 : 1) through known point (-1 : -1 : 1 : -1 : 1) [CM disc -168], splits as degrees [ 1, 1, 1 ] ---
  deg-1 place (mult 1): rational point (0 : -1 : 0 : -1 : 1)  [CM disc -40]
  deg-1 place (mult 1): rational point (-1 : -1 : 1 : -1 : 1)  [CM disc -168]  <-- P itself
  deg-1 place (mult 1): rational point (0 : -1 : 1 : 0 : 1)  [CM disc -20]
>>> PARTNER in the fiber over Q = (-1 : 0 : 1) (via known point (0 : -1 : 1 : 0 : 1) [CM disc -20]):
>>>     (0 : -1 : 0 : -1 : 1)   —   CM disc -40
>>> PARTNER in the fiber over Q = (-1 : 0 : 1) (via known point (0 : -1 : 1 : 0 : 1) [CM disc -20]):
>>>     (-1 : -1 : 1 : -1 : 1)   —   CM disc -168
>>> PARTNER in the fiber over Q = (-1 : 0 : 1) (via known point (0 : -1 : 0 : -1 : 1) [CM disc -40]):
>>>     (-1 : -1 : 1 : -1 : 1)   —   CM disc -168
rational-point-fiber status: 6 known point(s) checked

--- D = -132 (h = 4) ---
  CM point at tau = 0.297909 + 0.0100079*$.1: image NOT recognized as rational: [ -0.5608280348 + 1.983906296*$.1, 1.000000000 + 1.000000000*$.1, 1.000000000 ]
  CM point at tau = -0.273519 + 0.0100079*$.1: image NOT recognized as rational: [ -1.523163823 + 1.515689936*$.1, 1.000000000 - 1.000000000*$.1, 1.000000000 ]
status: images not rational (no rational fiber)

--- D = -180 (h = 2) ---
  CM point at tau = 0.325784 + 0.0116868*$.1: image NOT recognized as rational: [ -1.232050808 - 1.000222858E-95*$.1, -0.08493649054 - 9.156127095E-95*$.1, 1.000000000 ]
  CM point at tau = 0.0400697 + 0.0116868*$.1: image NOT recognized as rational: [ 2.232050808 + 1.223963326E-94*$.1, -4.415063509 - 3.573481083E-93*$.1, 1.000000000 ]
status: images not rational (no rational fiber)

--- D = -196 (h = 1) ---
  CM point at tau = 0.109756 + 0.0121951*$.1  |-->  Q = (0 : 1 : 0)
  CM point at tau = -0.109756 + 0.0121951*$.1  |-->  Q = (0 : 1 : 0)
all disc--196 CM points map to the SAME rational point — as expected

--- fiber of pi over Q1 = (0 : 1 : 0) (image of the disc--196 CM points) ---
  deg-2 place (mult 1) over Number Field with defining polynomial x^2 - x + 2 over the Rational Field:
      (1/2*(-K.1 + 1) : -K.1 : 1/2*(-K.1 + 1) : 1/2*(-K.1 + 1) : 1)   <-- the two disc--196 CM points
  deg-1 place (mult 1): rational point (1 : 0 : 0 : 0 : 0)  [cusp]
>>> THIRD POINT in the fiber over Q = (0 : 1 : 0):
>>>     (1 : 0 : 0 : 0 : 0)   —   cusp
status: 1 rational fiber(s)

--- D = -292 (h = 4) ---
  CM point at tau = 0.423345 + 0.0148850*$.1: image NOT recognized as rational: [ 1.000000000 - 1.000000000*$.1, -1.000000000 + 3.000000000*$.1, 1.000000000 ]
  CM point at tau = 0.137631 + 0.0148850*$.1: image NOT recognized as rational: [ 1.000000000 + 1.000000000*$.1, -1.000000000 - 3.000000000*$.1, 1.000000000 ]
status: images not rational (no rational fiber)

--- D = -308 (h = 8) ---
  CM point at tau = 0.451220 + 0.0152874*$.1: image NOT recognized as rational: [ 1.000000000 + 2.810949133E-124*$.1, -0.5000000000 + 1.322875655*$.1, 1.000000000 ]
  CM point at tau = -0.451220 + 0.0152874*$.1: image NOT recognized as rational: [ 1.000000000 - 2.810949133E-124*$.1, -0.5000000000 - 1.322875655*$.1, 1.000000000 ]
status: images not rational (no rational fiber)

--- D = -328 (h = 4) ---
  CM point at tau = 0.285714 + 0.0157759*$.1: image NOT recognized as rational: [ -1.750000000 - 1.242410148E-125*$.1, 0.8750000000 + 0.1767766953*$.1, 1.000000000 ]
  CM point at tau = -0.285714 + 0.0157759*$.1: image NOT recognized as rational: [ -1.750000000 + 1.242410148E-125*$.1, 0.8750000000 - 0.1767766953*$.1, 1.000000000 ]
status: images not rational (no rational fiber)

--- D = -420 (h = 8) ---
  CM point at tau = 0.231707 + 0.0178518*$.1  |-->  Q = (-1 : 1 : 1)
  CM point at tau = -0.231707 + 0.0178518*$.1  |-->  Q = (-1 : 1 : 1)
all disc--420 CM points map to the SAME rational point — as expected

--- fiber of pi over Q1 = (-1 : 1 : 1) (image of the disc--420 CM points) ---
  deg-1 place (mult 1): rational point (0 : -2 : 0 : -1 : 1)  [CM disc -84]
  deg-2 place (mult 1) over Number Field with defining polynomial x^2 - x + 2 over the Rational Field:
      (-K.1 + 2 : -K.1 : K.1 : 1 : 1)   <-- the two disc--420 CM points
>>> THIRD POINT in the fiber over Q = (-1 : 1 : 1):
>>>     (0 : -2 : 0 : -1 : 1)   —   CM disc -84
status: 1 rational fiber(s)

--- D = -616 (h = 8) ---
  CM point at tau = 0.170732 + 0.0216196*$.1: image NOT recognized as rational: [ 1.000000000 - 4.332442927E-176*$.1, -0.5000000000 + 1.322875655*$.1, 1.000000000 ]
  CM point at tau = -0.170732 + 0.0216196*$.1: image NOT recognized as rational: [ 1.000000000 + 4.332442927E-176*$.1, -0.5000000000 - 1.322875655*$.1, 1.000000000 ]
status: images not rational (no rational fiber)

--- D = -840 (h = 8) ---
  CM point at tau = 0.439024 + 0.0252463*$.1: image NOT recognized as rational: [ 1.000000000 - 6.656965732E-200*$.1, -0.5000000000 + 1.322875655*$.1, 1.000000000 ]
  CM point at tau = -0.439024 + 0.0252463*$.1: image NOT recognized as rational: [ 1.000000000 + 6.656965732E-200*$.1, -0.5000000000 - 1.322875655*$.1, 1.000000000 ]
status: images not rational (no rational fiber)

--- D = -952 (h = 8) ---
  CM point at tau = 0.487805 + 0.0268767*$.1: image NOT recognized as rational: [ 1.414213562 - 3.250975775E-201*$.1, 1.812510459E-200 + 2.127685027E-200*$.1, 1.000000000 ]
  CM point at tau = 0.407982 + 0.00244334*$.1: image NOT recognized as rational: [ -1.414213562 - 7.883020499E-20*$.1, 6.164148983E-20 - 1.567844175E-19*$.1, 1.000000000 ]
status: images not rational (no rational fiber)

--- D = -1540 (h = 8) ---
  CM point at tau = 0.134146 + 0.0341837*$.1  |-->  Q = (3 : -7 : 1)
  CM point at tau = -0.134146 + 0.0341837*$.1  |-->  Q = (3 : -7 : 1)
all disc--1540 CM points map to the SAME rational point — as expected

--- fiber of pi over Q1 = (3 : -7 : 1) (image of the disc--1540 CM points) ---
  deg-1 place (mult 1): rational point (4 : 2 : 2 : 1 : 1)  [CM disc -532]
  deg-2 place (mult 1) over Number Field with defining polynomial x^2 - 13/7*x + 8/7 over the Rational Field:
      (1/17*(21*K.1 - 40) : 1/17*(77*K.1 - 90) : 1/17*(49*K.1 - 48) : 1/17*(42*K.1 - 29) : 1)   <-- the two disc--1540 CM points
>>> THIRD POINT in the fiber over Q = (3 : -7 : 1):
>>>     (4 : 2 : 2 : 1 : 1)   —   CM disc -532
status: 1 rational fiber(s)

--- D = -2212 (h = 8) ---
  CM point at tau = 0.378049 + 0.0409685*$.1: image NOT recognized as rational: [ -0.5937500000 + 0.5787580993*$.1, -0.4921875000 + 0.7234476241*$.1, 1.000000000 ]
  CM point at tau = -0.378049 + 0.0409685*$.1: image NOT recognized as rational: [ -0.5937500000 - 0.5787580993*$.1, -0.4921875000 - 0.7234476241*$.1, 1.000000000 ]
status: images not rational (no rational fiber)

--- D = -2632 (h = 8) ---
  CM point at tau = 0.195122 + 0.0446891*$.1: image NOT recognized as rational: [ -0.1250000000 - 0.8569568251*$.1, 0.8125000000 + 2.142392063*$.1, 1.000000000 ]
  CM point at tau = -0.195122 + 0.0446891*$.1: image NOT recognized as rational: [ -0.1250000000 + 0.8569568251*$.1, 0.8125000000 - 2.142392063*$.1, 1.000000000 ]
status: images not rational (no rational fiber)

--- D = -2968 (h = 8) ---
  CM point at tau = 0.317073 + 0.0474559*$.1: image NOT recognized as rational: [ -1.625000000 + 0.3307189139*$.1, -0.06250000000 - 0.4960783708*$.1, 1.000000000 ]
  CM point at tau = -0.317073 + 0.0474559*$.1: image NOT recognized as rational: [ -1.625000000 - 0.3307189139*$.1, -0.06250000000 + 0.4960783708*$.1, 1.000000000 ]
status: images not rational (no rational fiber)

================ SWEEP SUMMARY for X_0(574)* -> X_0(574)* ================
  RATIONAL-POINT fiber |--> Q = (-1 : 0 : 1); RESIDUAL POINT (0 : -1 : 0 : -1 : 1) — CM disc -40  (partner of known point (0 : -1 : 1 : 0 : 1) [CM disc -20])
  RATIONAL-POINT fiber |--> Q = (-1 : 0 : 1); RESIDUAL POINT (-1 : -1 : 1 : -1 : 1) — CM disc -168  (partner of known point (0 : -1 : 1 : 0 : 1) [CM disc -20])
  RATIONAL-POINT fiber |--> Q = (-1 : 0 : 1); RESIDUAL POINT (-1 : -1 : 1 : -1 : 1) — CM disc -168  (partner of known point (0 : -1 : 0 : -1 : 1) [CM disc -40])
  D = -196: CM points |--> Q = (0 : 1 : 0); THIRD POINT (1 : 0 : 0 : 0 : 0) — cusp
  D = -420: CM points |--> Q = (-1 : 1 : 1); THIRD POINT (0 : -2 : 0 : -1 : 1) — CM disc -84
  D = -1540: CM points |--> Q = (3 : -7 : 1); THIRD POINT (4 : 2 : 2 : 1 : 1) — CM disc -532

#################### N = 163, p = 1 ####################
M = 163: new-quotient triple cover to 163a1 (modular degree 6)
[BuildTripleCoverNew] building model of X_0(163)* (eval_prec = 400, cached if available)... [cache] loaded 3000-term star forms for level 163
done (0.110 s)
[cache] loaded triple-cover map for (N=163, p=1) -> 163a1
X_0(163)* = Curve over Rational Field defined by
z[1]*z[3] - z[2]^2 + z[2]*z[4] - z[3]^2 + 4*z[3]*z[5] - 2*z[3]*z[6] + 3*z[4]^2 - 10*z[4]*z[5] - 2*z[4]*z[6] - z[5]^2 + 3*z[5]*z[6] + 7*z[6]^2,
z[1]*z[4] - z[2]*z[3] + 3*z[3]*z[5] + 3*z[3]*z[6] + z[4]^2 - 5*z[4]*z[5] - 6*z[4]*z[6] - z[5]^2 + 2*z[6]^2,
z[1]*z[5] - z[2]*z[4] + z[3]*z[5] + 2*z[4]^2 - 3*z[4]*z[5] + z[4]*z[6] - 3*z[5]^2 - z[5]*z[6],
z[1]*z[6] - z[3]*z[4] + z[3]*z[6] + z[4]^2 + z[4]*z[5] - 3*z[4]*z[6] - 3*z[5]*z[6] - z[6]^2,
z[2]*z[5] - z[3]*z[4] + 2*z[3]*z[6] + z[4]*z[5] + z[4]*z[6] - 2*z[5]^2 - 4*z[5]*z[6] - 3*z[6]^2,
z[2]*z[6] - z[3]*z[5] + z[4]*z[5] - 2*z[4]*z[6] + z[5]^2 - z[6]^2
E = [ 0, 0, 1, -2, 1 ] (163a1)

===== SWEEP of CM discriminants for X_0(163)* -> X_0(163)* =====
found 11 small rational points on X_0(163)* (bound 100000)
found CM point at discriminant -19
found CM point at discriminant -3
found CM point at discriminant -7
found CM point at discriminant -8
found CM point at discriminant -27
found CM point at discriminant -163
found CM point at discriminant -11
found CM point at discriminant -28
found CM point at discriminant -12
found CM point at discriminant -67

labelling the rational points:
  disc = -3 -> rats[10] -> (17 : 11 : 8 : 3 : 4 : 1) (CM)
  disc = -67 -> rats[8] -> (2 : 2 : 1 : 0 : 1 : 0) (CM)
  disc = -11 -> rats[5] -> (7 : 5 : 3 : 2 : 1 : 1) (CM)
  disc = -7 -> rats[7] -> (9 : 7 : 4 : 3 : 1 : 1) (CM)
  disc = -12 -> rats[4] -> (3 : 3 : 2 : 1 : 0 : 1) (CM)
  disc = -8 -> rats[9] -> (5 : 3 : 2 : 1 : 1 : 0) (CM)
  disc = -163 -> rats[6] -> (-39/10 : 87/10 : -11/5 : 31/10 : -3/10 : 1) (CM)
  disc = -19 -> rats[1] -> (1 : 0 : 1 : 0 : 0 : 0) (CM)
  disc = -27 -> rats[11] -> (11 : 8 : 5 : 3 : 1 : 1) (CM)
  disc = -28 -> rats[3] -> (1 : 1 : 2 : 1 : -1 : 1) (CM)
  Cusp -> rats[2]
Labelled 11 CM+cusp, 0 exceptional

small rational points, their labels and images under pi:
  P1 = (1 : 0 : 1 : 0 : 0 : 0)  [CM disc -19]  |-->  (1 : 0 : 1)
  P2 = (1 : 0 : 0 : 0 : 0 : 0)  [cusp]  |-->  (0 : 1 : 0)
  P3 = (1 : 1 : 2 : 1 : -1 : 1)  [CM disc -28]  |-->  (-1 : 1 : 1)
  P4 = (3 : 3 : 2 : 1 : 0 : 1)  [CM disc -12]  |-->  (0 : 1 : 0)
  P5 = (7 : 5 : 3 : 2 : 1 : 1)  [CM disc -11]  |-->  (0 : 1 : 0)
  P6 = (-39/10 : 87/10 : -11/5 : 31/10 : -3/10 : 1)  [CM disc -163]  |-->  (19/9 : 55/27 : 1)
  P7 = (9 : 7 : 4 : 3 : 1 : 1)  [CM disc -7]  |-->  (1 : -1 : 1)
  P8 = (2 : 2 : 1 : 0 : 1 : 0)  [CM disc -67]  |-->  (-1 : -2 : 1)
  P9 = (5 : 3 : 2 : 1 : 1 : 0)  [CM disc -8]  |-->  (1 : -1 : 1)
  P10 = (17 : 11 : 8 : 3 : 4 : 1)  [CM disc -3]  |-->  (1/4 : -11/8 : 1)
  P11 = (11 : 8 : 5 : 3 : 1 : 1)  [CM disc -27]  |-->  (1 : -1 : 1)

candidate discs (degree-2 CM points on X_0(163)*): [ -20, -32, -48, -52, -72, -75, -99, -112, -123, -147, -148, -235, -427, -1467 ]

--- CUSP FIBER: fiber of pi over Q = (0 : 1 : 0) (contains the cusp), splits as degrees [ 1, 1, 1 ] ---
  deg-1 place (mult 1): rational point (7 : 5 : 3 : 2 : 1 : 1)  [CM disc -11]
  deg-1 place (mult 1): rational point (3 : 3 : 2 : 1 : 0 : 1)  [CM disc -12]
  deg-1 place (mult 1): rational point (1 : 0 : 0 : 0 : 0 : 0)  [cusp]  <-- the cusp
>>> RESIDUAL POINT in the cusp fiber over Q = (0 : 1 : 0):
>>>     (7 : 5 : 3 : 2 : 1 : 1)   —   CM disc -11
>>> RESIDUAL POINT in the cusp fiber over Q = (0 : 1 : 0):
>>>     (3 : 3 : 2 : 1 : 0 : 1)   —   CM disc -12
cusp-fiber status: cusp fiber: degrees [ 1, 1, 1 ]

--- fiber of pi over Q = (1 : 0 : 1) through known point (1 : 0 : 1 : 0 : 0 : 0) [CM disc -19], splits as degrees [ 1, 2 ] ---
  deg-1 place (mult 1): rational point (1 : 0 : 1 : 0 : 0 : 0)  [CM disc -19]  <-- P itself
  deg-2 place (mult 1) over Number Field with defining polynomial x^2 - 19/8*x + 241/128 over the Rational Field:
      (1/11*(-32*K.1 + 82) : 1/11*(-32*K.1 + 60) : 1/11*(-16*K.1 + 41) : 1/11*(-16*K.1 + 30) : 1 : 0)

--- fiber of pi over Q = (0 : 1 : 0) through known point (1 : 0 : 0 : 0 : 0 : 0) [cusp], splits as degrees [ 1, 1, 1 ] ---
  deg-1 place (mult 1): rational point (7 : 5 : 3 : 2 : 1 : 1)  [CM disc -11]
  deg-1 place (mult 1): rational point (3 : 3 : 2 : 1 : 0 : 1)  [CM disc -12]
  deg-1 place (mult 1): rational point (1 : 0 : 0 : 0 : 0 : 0)  [cusp]  <-- P itself

--- fiber of pi over Q = (-1 : 1 : 1) through known point (1 : 1 : 2 : 1 : -1 : 1) [CM disc -28], splits as degrees [ 1, 2 ] ---
  deg-1 place (mult 1): rational point (1 : 1 : 2 : 1 : -1 : 1)  [CM disc -28]  <-- P itself
  deg-2 place (mult 1) over Number Field with defining polynomial x^2 - 19/6*x + 17/6 over the Rational Field:
      (5*K.1 : 5*K.1 - 3 : 4*K.1 - 3 : 3*K.1 - 2 : K.1 : 1)

--- fiber of pi over Q = (0 : 1 : 0) through known point (3 : 3 : 2 : 1 : 0 : 1) [CM disc -12], splits as degrees [ 1, 1, 1 ] ---
  deg-1 place (mult 1): rational point (7 : 5 : 3 : 2 : 1 : 1)  [CM disc -11]
  deg-1 place (mult 1): rational point (3 : 3 : 2 : 1 : 0 : 1)  [CM disc -12]  <-- P itself
  deg-1 place (mult 1): rational point (1 : 0 : 0 : 0 : 0 : 0)  [cusp]

--- fiber of pi over Q = (0 : 1 : 0) through known point (7 : 5 : 3 : 2 : 1 : 1) [CM disc -11], splits as degrees [ 1, 1, 1 ] ---
  deg-1 place (mult 1): rational point (7 : 5 : 3 : 2 : 1 : 1)  [CM disc -11]  <-- P itself
  deg-1 place (mult 1): rational point (3 : 3 : 2 : 1 : 0 : 1)  [CM disc -12]
  deg-1 place (mult 1): rational point (1 : 0 : 0 : 0 : 0 : 0)  [cusp]

--- fiber of pi over Q = (19/9 : 55/27 : 1) through known point (-39/10 : 87/10 : -11/5 : 31/10 : -3/10 : 1) [CM disc -163], splits as degrees [ 1, 2 ] ---
  deg-1 place (mult 1): rational point (-39/10 : 87/10 : -11/5 : 31/10 : -3/10 : 1)  [CM disc -163]  <-- P itself
  deg-2 place (mult 1) over Number Field with defining polynomial x^2 - 16/15*x + 5/3 over the Rational Field:
      (1/405*(1430*K.1 + 763) : 1/54*(67*K.1 + 125) : 1/90*(115*K.1 + 59) : 1/3*(2*K.1 + 1) : K.1 : 1)

--- fiber of pi over Q = (1 : -1 : 1) through known point (9 : 7 : 4 : 3 : 1 : 1) [CM disc -7], splits as degrees [ 1, 1, 1 ] ---
  deg-1 place (mult 1): rational point (9 : 7 : 4 : 3 : 1 : 1)  [CM disc -7]  <-- P itself
  deg-1 place (mult 1): rational point (11 : 8 : 5 : 3 : 1 : 1)  [CM disc -27]
  deg-1 place (mult 1): rational point (5 : 3 : 2 : 1 : 1 : 0)  [CM disc -8]

--- fiber of pi over Q = (-1 : -2 : 1) through known point (2 : 2 : 1 : 0 : 1 : 0) [CM disc -67], splits as degrees [ 1, 2 ] ---
  deg-2 place (mult 1) over Number Field with defining polynomial x^2 - 7/4*x + 1 over the Rational Field:
      (1/2*(8*K.1 + 7) : 2*K.1 + 3 : 1/2*(2*K.1 + 3) : 2*K.1 : K.1 : 1)
  deg-1 place (mult 1): rational point (2 : 2 : 1 : 0 : 1 : 0)  [CM disc -67]  <-- P itself

--- fiber of pi over Q = (1 : -1 : 1) through known point (5 : 3 : 2 : 1 : 1 : 0) [CM disc -8], splits as degrees [ 1, 1, 1 ] ---
  deg-1 place (mult 1): rational point (9 : 7 : 4 : 3 : 1 : 1)  [CM disc -7]
  deg-1 place (mult 1): rational point (11 : 8 : 5 : 3 : 1 : 1)  [CM disc -27]
  deg-1 place (mult 1): rational point (5 : 3 : 2 : 1 : 1 : 0)  [CM disc -8]  <-- P itself

--- fiber of pi over Q = (1/4 : -11/8 : 1) through known point (17 : 11 : 8 : 3 : 4 : 1) [CM disc -3], splits as degrees [ 1, 2 ] ---
  deg-1 place (mult 1): rational point (17 : 11 : 8 : 3 : 4 : 1)  [CM disc -3]  <-- P itself
  deg-2 place (mult 1) over Number Field with defining polynomial x^2 - 37/30*x + 13/30 over the Rational Field:
      (1/16*(47*K.1 + 79) : 1/8*(21*K.1 + 29) : 1/4*(-K.1 + 11) : 1/2*(5*K.1 + 1) : K.1 : 1)

--- fiber of pi over Q = (1 : -1 : 1) through known point (11 : 8 : 5 : 3 : 1 : 1) [CM disc -27], splits as degrees [ 1, 1, 1 ] ---
  deg-1 place (mult 1): rational point (9 : 7 : 4 : 3 : 1 : 1)  [CM disc -7]
  deg-1 place (mult 1): rational point (11 : 8 : 5 : 3 : 1 : 1)  [CM disc -27]  <-- P itself
  deg-1 place (mult 1): rational point (5 : 3 : 2 : 1 : 1 : 0)  [CM disc -8]
>>> PARTNER in the fiber over Q = (0 : 1 : 0) (via known point (1 : 0 : 0 : 0 : 0 : 0) [cusp]):
>>>     (7 : 5 : 3 : 2 : 1 : 1)   —   CM disc -11
>>> PARTNER in the fiber over Q = (0 : 1 : 0) (via known point (1 : 0 : 0 : 0 : 0 : 0) [cusp]):
>>>     (3 : 3 : 2 : 1 : 0 : 1)   —   CM disc -12
>>> PARTNER in the fiber over Q = (0 : 1 : 0) (via known point (3 : 3 : 2 : 1 : 0 : 1) [CM disc -12]):
>>>     (7 : 5 : 3 : 2 : 1 : 1)   —   CM disc -11
>>> PARTNER in the fiber over Q = (1 : -1 : 1) (via known point (9 : 7 : 4 : 3 : 1 : 1) [CM disc -7]):
>>>     (11 : 8 : 5 : 3 : 1 : 1)   —   CM disc -27
>>> PARTNER in the fiber over Q = (1 : -1 : 1) (via known point (9 : 7 : 4 : 3 : 1 : 1) [CM disc -7]):
>>>     (5 : 3 : 2 : 1 : 1 : 0)   —   CM disc -8
>>> PARTNER in the fiber over Q = (1 : -1 : 1) (via known point (5 : 3 : 2 : 1 : 1 : 0) [CM disc -8]):
>>>     (11 : 8 : 5 : 3 : 1 : 1)   —   CM disc -27
rational-point-fiber status: 11 known point(s) checked

--- D = -20 (h = 2) ---
  CM point at tau = 0.134969 + 0.0137182*$.1  |-->  Q = (1 : 0 : 1)
  CM point at tau = -0.134969 + 0.0137182*$.1  |-->  Q = (1 : 0 : 1)
all disc--20 CM points map to the SAME rational point — as expected

--- fiber of pi over Q1 = (1 : 0 : 1) (image of the disc--20 CM points) ---
  deg-1 place (mult 1): rational point (1 : 0 : 1 : 0 : 0 : 0)  [CM disc -19]
  deg-2 place (mult 1) over Number Field with defining polynomial x^2 - 19/8*x + 241/128 over the Rational Field:
      (1/11*(-32*K.1 + 82) : 1/11*(-32*K.1 + 60) : 1/11*(-16*K.1 + 41) : 1/11*(-16*K.1 + 30) : 1 : 0)   <-- the two disc--20 CM points
>>> THIRD POINT in the fiber over Q = (1 : 0 : 1):
>>>     (1 : 0 : 1 : 0 : 0 : 0)   —   CM disc -19
status: 1 rational fiber(s)

--- D = -32 (h = 1) ---
  CM point at tau = 0.220859 + 0.0173523*$.1: image NOT recognized as rational: [ 1.309916846E-141 + 1.000000000*$.1, -2.000000000 + 1.000000000*$.1, 1.000000000 ]
  CM point at tau = -0.220859 + 0.0173523*$.1: image NOT recognized as rational: [ 1.309916846E-141 - 1.000000000*$.1, -2.000000000 - 1.000000000*$.1, 1.000000000 ]
status: images not rational (no rational fiber)

--- D = -48 (h = 1) ---
  CM point at tau = 0.435583 + 0.0212522*$.1: image NOT recognized as rational: [ 1.000000000 + 0.5000000000*$.1, -0.2500000000 + 0.7500000000*$.1, 1.000000000 ]
  CM point at tau = -0.435583 + 0.0212522*$.1: image NOT recognized as rational: [ 1.000000000 - 0.5000000000*$.1, -0.2500000000 - 0.7500000000*$.1, 1.000000000 ]
status: images not rational (no rational fiber)

--- D = -52 (h = 2) ---
  CM point at tau = 0.398773 + 0.0221199*$.1: image NOT recognized as rational: [ -6.631930467E-180 + 1.000000000*$.1, -2.000000000 + 1.000000000*$.1, 1.000000000 ]
  CM point at tau = -0.398773 + 0.0221199*$.1: image NOT recognized as rational: [ -6.631930467E-180 - 1.000000000*$.1, -2.000000000 - 1.000000000*$.1, 1.000000000 ]
status: images not rational (no rational fiber)

--- D = -72 (h = 1) ---
  CM point at tau = 0.331288 + 0.0260285*$.1: image NOT recognized as rational: [ -1.449489743 + 3.726899652E-200*$.1, -1.550510257 + 2.046746431E-199*$.1, 1.000000000 ]
  CM point at tau = 0.165644 + 0.0130142*$.1: image NOT recognized as rational: [ 3.449489743 + 2.577930078E-104*$.1, -6.449489743 + 1.069677735E-103*$.1, 1.000000000 ]
status: images not rational (no rational fiber)

--- D = -75 (h = 1) ---
  CM point at tau = 0.205522 + 0.0265652*$.1  |-->  Q = (-1 : -2 : 1)
  CM point at tau = -0.205522 + 0.0265652*$.1  |-->  Q = (-1 : -2 : 1)
all disc--75 CM points map to the SAME rational point — as expected

--- fiber of pi over Q1 = (-1 : -2 : 1) (image of the disc--75 CM points) ---
  deg-2 place (mult 1) over Number Field with defining polynomial x^2 - 7/4*x + 1 over the Rational Field:
      (1/2*(8*K.1 + 7) : 2*K.1 + 3 : 1/2*(2*K.1 + 3) : 2*K.1 : K.1 : 1)   <-- the two disc--75 CM points
  deg-1 place (mult 1): rational point (2 : 2 : 1 : 0 : 1 : 0)  [CM disc -67]
>>> THIRD POINT in the fiber over Q = (-1 : -2 : 1):
>>>     (2 : 2 : 1 : 0 : 1 : 0)   —   CM disc -67
status: 1 rational fiber(s)

--- D = -99 (h = 1) ---
  CM point at tau = 0.475460 + 0.0305211*$.1: image NOT recognized as rational: [ 1.666666667 + 4.542404569E-200*$.1, 1.095711846 + 8.665035101E-200*$.1, 1.000000000 ]
  CM point at tau = 0.295092 + 0.00610422*$.1: image NOT recognized as rational: [ 1.666666667 + 6.125873984E-50*$.1, -2.095711846 + 1.705134581E-48*$.1, 1.000000000 ]
status: images not rational (no rational fiber)

--- D = -112 (h = 1) ---
  CM point at tau = 0.374233 + 0.0324632*$.1: image NOT recognized as rational: [ -4.105079546E-199 + 1.000000000*$.1, -2.000000000 + 1.000000000*$.1, 1.000000000 ]
  CM point at tau = -0.374233 + 0.0324632*$.1: image NOT recognized as rational: [ -4.105079546E-199 - 1.000000000*$.1, -2.000000000 - 1.000000000*$.1, 1.000000000 ]
status: images not rational (no rational fiber)

--- D = -123 (h = 2) ---
  CM point at tau = 0.0705521 + 0.0340201*$.1: image NOT recognized as rational: [ 1.425390530 - 2.030914294E-201*$.1, -1.638085795 - 1.630641828E-199*$.1, 1.000000000 ]
  CM point at tau = 0.309816 + 0.0113400*$.1: image NOT recognized as rational: [ -0.1753905297 - 1.185971105E-91*$.1, 0.7630857945 + 1.049660414E-91*$.1, 1.000000000 ]
status: images not rational (no rational fiber)

--- D = -147 (h = 1) ---
  CM point at tau = 0.487730 + 0.0371913*$.1: image NOT recognized as rational: [ 2.000000000 - 8.075625387E-200*$.1, 1.791287847 - 4.243037374E-200*$.1, 1.000000000 ]
  CM point at tau = 0.162577 + 0.0123971*$.1: image NOT recognized as rational: [ 2.000000000 + 1.173932098E-99*$.1, -2.791287848 + 1.270220479E-99*$.1, 1.000000000 ]
status: images not rational (no rational fiber)

--- D = -148 (h = 2) ---
  CM point at tau = 0.104294 + 0.0373176*$.1: image NOT recognized as rational: [ 1.000000000 - 0.5000000000*$.1, -0.7500000000 + 0.7500000000*$.1, 1.000000000 ]
  CM point at tau = -0.104294 + 0.0373176*$.1: image NOT recognized as rational: [ 1.000000000 + 0.5000000000*$.1, -0.7500000000 - 0.7500000000*$.1, 1.000000000 ]
status: images not rational (no rational fiber)

--- D = -235 (h = 2) ---
  CM point at tau = 0.168712 + 0.0470237*$.1  |-->  Q = (-1 : 1 : 1)
  CM point at tau = -0.168712 + 0.0470237*$.1  |-->  Q = (-1 : 1 : 1)
all disc--235 CM points map to the SAME rational point — as expected

--- fiber of pi over Q1 = (-1 : 1 : 1) (image of the disc--235 CM points) ---
  deg-1 place (mult 1): rational point (1 : 1 : 2 : 1 : -1 : 1)  [CM disc -28]
  deg-2 place (mult 1) over Number Field with defining polynomial x^2 - 19/6*x + 17/6 over the Rational Field:
      (5*K.1 : 5*K.1 - 3 : 4*K.1 - 3 : 3*K.1 - 2 : K.1 : 1)   <-- the two disc--235 CM points
>>> THIRD POINT in the fiber over Q = (-1 : 1 : 1):
>>>     (1 : 1 : 2 : 1 : -1 : 1)   —   CM disc -28
status: 1 rational fiber(s)

--- D = -427 (h = 2) ---
  CM point at tau = 0.0460123 + 0.0633864*$.1: image NOT recognized as rational: [ 2.948751620 - 1.252268252E-200*$.1, -5.081734768 + 8.472150657E-199*$.1, 1.000000000 ]
  CM point at tau = 0.279141 + 0.00905521*$.1: image NOT recognized as rational: [ 81.05124838 + 3.234045454E-70*$.1, 729.0817348 - 3.784519348E-68*$.1, 1.000000000 ]
status: images not rational (no rational fiber)

--- D = -1467 (h = 1) ---
  CM point at tau = 0.500000 + 0.117489*$.1: image NOT recognized as rational: [ 4.333333333 + 9.424997680E-200*$.1, 8.099633928 + 2.977403136E-199*$.1, 1.000000000 ]
  CM point at tau = 0.166667 + 0.0130543*$.1: image NOT recognized as rational: [ 4.333333333 + 1.644419299E-104*$.1, -9.099633928 + 8.643977209E-104*$.1, 1.000000000 ]
status: images not rational (no rational fiber)

================ SWEEP SUMMARY for X_0(163)* -> X_0(163)* ================
  CUSP fiber |--> Q = (0 : 1 : 0); RESIDUAL POINT (7 : 5 : 3 : 2 : 1 : 1) — CM disc -11
  CUSP fiber |--> Q = (0 : 1 : 0); RESIDUAL POINT (3 : 3 : 2 : 1 : 0 : 1) — CM disc -12
  RATIONAL-POINT fiber |--> Q = (0 : 1 : 0); RESIDUAL POINT (7 : 5 : 3 : 2 : 1 : 1) — CM disc -11  (partner of known point (1 : 0 : 0 : 0 : 0 : 0) [cusp])
  RATIONAL-POINT fiber |--> Q = (0 : 1 : 0); RESIDUAL POINT (3 : 3 : 2 : 1 : 0 : 1) — CM disc -12  (partner of known point (1 : 0 : 0 : 0 : 0 : 0) [cusp])
  RATIONAL-POINT fiber |--> Q = (0 : 1 : 0); RESIDUAL POINT (7 : 5 : 3 : 2 : 1 : 1) — CM disc -11  (partner of known point (3 : 3 : 2 : 1 : 0 : 1) [CM disc -12])
  RATIONAL-POINT fiber |--> Q = (1 : -1 : 1); RESIDUAL POINT (11 : 8 : 5 : 3 : 1 : 1) — CM disc -27  (partner of known point (9 : 7 : 4 : 3 : 1 : 1) [CM disc -7])
  RATIONAL-POINT fiber |--> Q = (1 : -1 : 1); RESIDUAL POINT (5 : 3 : 2 : 1 : 1 : 0) — CM disc -8  (partner of known point (9 : 7 : 4 : 3 : 1 : 1) [CM disc -7])
  RATIONAL-POINT fiber |--> Q = (1 : -1 : 1); RESIDUAL POINT (11 : 8 : 5 : 3 : 1 : 1) — CM disc -27  (partner of known point (5 : 3 : 2 : 1 : 1 : 0) [CM disc -8])
  D = -20: CM points |--> Q = (1 : 0 : 1); THIRD POINT (1 : 0 : 1 : 0 : 0 : 0) — CM disc -19
  D = -75: CM points |--> Q = (-1 : -2 : 1); THIRD POINT (2 : 2 : 1 : 0 : 1 : 0) — CM disc -67
  D = -235: CM points |--> Q = (-1 : 1 : 1); THIRD POINT (1 : 1 : 2 : 1 : -1 : 1) — CM disc -28

#################### N = 269, p = 1 ####################
M = 269: new-quotient triple cover to 269a1 (modular degree 6)
[BuildTripleCoverNew] building model of X_0(269)* (eval_prec = 400, cached if available)... [cache] loaded 3000-term star forms for level 269
done (0.310 s)
[cache] loaded triple-cover map for (N=269, p=1) -> 269a1
X_0(269)* = Curve over Rational Field defined by
z[1]*z[3] - z[2]^2 + 3*z[2]*z[6] + z[3]*z[4] - 2*z[3]*z[5] - 2*z[3]*z[6] - 2*z[4]^2 + 3*z[4]*z[5] - 3*z[4]*z[6] - z[5]^2 + 2*z[5]*z[6] - z[6]^2,
z[1]*z[4] - z[2]*z[3] + z[2]*z[6] + z[3]*z[4] + z[3]*z[5] - 2*z[4]^2 - 3*z[4]*z[6] - z[5]^2 + z[6]^2,
z[1]*z[5] - z[3]^2 + z[3]*z[5] + 3*z[3]*z[6] - z[4]^2 + 2*z[4]*z[6] - 2*z[5]^2 - 4*z[5]*z[6] - z[6]^2,
z[1]*z[6] - z[4]^2 + z[4]*z[5] + z[4]*z[6] - z[5]^2 - 3*z[6]^2,
z[2]*z[4] - z[2]*z[6] - z[3]^2 + 2*z[3]*z[5] + 2*z[3]*z[6] - z[4]^2 - z[4]*z[5] + 2*z[4]*z[6] - z[5]^2 - 2*z[5]*z[6],
z[2]*z[5] - z[2]*z[6] - z[3]*z[4] + z[3]*z[6] + 3*z[4]*z[6] - z[5]^2 - 2*z[6]^2
E = [ 0, 0, 1, -2, -1 ] (269a1)

===== SWEEP of CM discriminants for X_0(269)* -> X_0(269)* =====
found 6 small rational points on X_0(269)* (bound 100000)
found CM point at discriminant -4
found CM point at discriminant -43
found CM point at discriminant -11
found CM point at discriminant -16
found CM point at discriminant -67

labelling the rational points:
  disc = -4 -> rats[6] -> (7 : 3 : 3 : 3 : 1 : 1) (CM)
  disc = -67 -> rats[5] -> (3 : 2 : 3 : 1 : 1 : 1) (CM)
  disc = -11 -> rats[2] -> (5 : 3 : 3 : 1 : 2 : 1) (CM)
  disc = -43 -> rats[4] -> (3 : 2 : 1 : 1 : 1 : 1) (CM)
  disc = -16 -> rats[3] -> (3 : 1 : 1 : 1 : 1 : 1) (CM)
  Cusp -> rats[1]
Labelled 6 CM+cusp, 0 exceptional

small rational points, their labels and images under pi:
  P1 = (1 : 0 : 0 : 0 : 0 : 0)  [cusp]  |-->  (0 : 1 : 0)
  P2 = (5 : 3 : 3 : 1 : 2 : 1)  [CM disc -11]  |-->  (-1 : -1 : 1)
  P3 = (3 : 1 : 1 : 1 : 1 : 1)  [CM disc -16]  |-->  (-1 : 0 : 1)
  P4 = (3 : 2 : 1 : 1 : 1 : 1)  [CM disc -43]  |-->  (-1 : -1 : 1)
  P5 = (3 : 2 : 3 : 1 : 1 : 1)  [CM disc -67]  |-->  (-1 : -1 : 1)
  P6 = (7 : 3 : 3 : 3 : 1 : 1)  [CM disc -4]  |-->  (3 : 4 : 1)

candidate discs (degree-2 CM points on X_0(269)*): [ -20, -24, -36, -51, -52, -64, -99, -100, -115, -148, -232, -235 ]

--- CUSP FIBER: fiber of pi over Q = (0 : 1 : 0) (contains the cusp), splits as degrees [ 1, 2 ] ---
  deg-1 place (mult 1): rational point (1 : 0 : 0 : 0 : 0 : 0)  [cusp]  <-- the cusp
  deg-2 place (mult 1) over Number Field with defining polynomial x^2 + 971/1760*x + 237097/3097600 over the Rational Field:
      (1/43*(1760*K.1 + 550) : 1/43*(1760*K.1 + 550) : 1 : 1/43*(1760*K.1 + 507) : 1 : 0)
cusp-fiber status: cusp fiber: degrees [ 1, 2 ]

--- fiber of pi over Q = (0 : 1 : 0) through known point (1 : 0 : 0 : 0 : 0 : 0) [cusp], splits as degrees [ 1, 2 ] ---
  deg-2 place (mult 1) over Number Field with defining polynomial x^2 + 971/1760*x + 237097/3097600 over the Rational Field:
      (1/43*(1760*K.1 + 550) : 1/43*(1760*K.1 + 550) : 1 : 1/43*(1760*K.1 + 507) : 1 : 0)
  deg-1 place (mult 1): rational point (1 : 0 : 0 : 0 : 0 : 0)  [cusp]  <-- P itself

--- fiber of pi over Q = (-1 : -1 : 1) through known point (5 : 3 : 3 : 1 : 2 : 1) [CM disc -11], splits as degrees [ 1, 1, 1 ] ---
  deg-1 place (mult 1): rational point (5 : 3 : 3 : 1 : 2 : 1)  [CM disc -11]  <-- P itself
  deg-1 place (mult 1): rational point (3 : 2 : 3 : 1 : 1 : 1)  [CM disc -67]
  deg-1 place (mult 1): rational point (3 : 2 : 1 : 1 : 1 : 1)  [CM disc -43]

--- fiber of pi over Q = (-1 : 0 : 1) through known point (3 : 1 : 1 : 1 : 1 : 1) [CM disc -16], splits as degrees [ 1, 2 ] ---
  deg-1 place (mult 1): rational point (3 : 1 : 1 : 1 : 1 : 1)  [CM disc -16]  <-- P itself
  deg-2 place (mult 1) over Number Field with defining polynomial x^2 - 10/3*x + 11/3 over the Rational Field:
      (2*K.1 + 1 : 1/2*(K.1 + 3) : 1/2*(K.1 + 3) : 1/2*(K.1 - 1) : K.1 : 1)

--- fiber of pi over Q = (-1 : -1 : 1) through known point (3 : 2 : 1 : 1 : 1 : 1) [CM disc -43], splits as degrees [ 1, 1, 1 ] ---
  deg-1 place (mult 1): rational point (5 : 3 : 3 : 1 : 2 : 1)  [CM disc -11]
  deg-1 place (mult 1): rational point (3 : 2 : 3 : 1 : 1 : 1)  [CM disc -67]
  deg-1 place (mult 1): rational point (3 : 2 : 1 : 1 : 1 : 1)  [CM disc -43]  <-- P itself

--- fiber of pi over Q = (-1 : -1 : 1) through known point (3 : 2 : 3 : 1 : 1 : 1) [CM disc -67], splits as degrees [ 1, 1, 1 ] ---
  deg-1 place (mult 1): rational point (5 : 3 : 3 : 1 : 2 : 1)  [CM disc -11]
  deg-1 place (mult 1): rational point (3 : 2 : 3 : 1 : 1 : 1)  [CM disc -67]  <-- P itself
  deg-1 place (mult 1): rational point (3 : 2 : 1 : 1 : 1 : 1)  [CM disc -43]

--- fiber of pi over Q = (3 : 4 : 1) through known point (7 : 3 : 3 : 3 : 1 : 1) [CM disc -4], splits as degrees [ 1, 2 ] ---
  deg-2 place (mult 1) over Number Field with defining polynomial x^2 - 11 over the Rational Field:
      (-4*K.1 + 23 : 3*K.1 - 4 : -K.1 + 8 : K.1 : 3 : 1)
  deg-1 place (mult 1): rational point (7 : 3 : 3 : 3 : 1 : 1)  [CM disc -4]  <-- P itself
>>> PARTNER in the fiber over Q = (-1 : -1 : 1) (via known point (5 : 3 : 3 : 1 : 2 : 1) [CM disc -11]):
>>>     (3 : 2 : 3 : 1 : 1 : 1)   —   CM disc -67
>>> PARTNER in the fiber over Q = (-1 : -1 : 1) (via known point (5 : 3 : 3 : 1 : 2 : 1) [CM disc -11]):
>>>     (3 : 2 : 1 : 1 : 1 : 1)   —   CM disc -43
>>> PARTNER in the fiber over Q = (-1 : -1 : 1) (via known point (3 : 2 : 1 : 1 : 1 : 1) [CM disc -43]):
>>>     (3 : 2 : 3 : 1 : 1 : 1)   —   CM disc -67
rational-point-fiber status: 6 known point(s) checked

--- D = -20 (h = 2) ---
  CM point at tau = 0.408922 + 0.00831252*$.1: image NOT recognized as rational: [ -0.6180339888 - 1.140268519E-67*$.1, -1.000000000 + 3.591655892E-67*$.1, 1.000000000 ]
  CM point at tau = 0.295539 + 0.00415626*$.1: image NOT recognized as rational: [ 1.618033989 - 9.932870014E-34*$.1, -1.000000000 - 1.066086877E-32*$.1, 1.000000000 ]
status: images not rational (no rational fiber)

--- D = -24 (h = 2) ---
  CM point at tau = 0.360595 + 0.00910591*$.1  |-->  Q = (0 : 1 : 0)
  CM point at tau = -0.360595 + 0.00910591*$.1  |-->  Q = (0 : 1 : 0)
all disc--24 CM points map to the SAME rational point — as expected

--- fiber of pi over Q1 = (0 : 1 : 0) (image of the disc--24 CM points) ---
  deg-2 place (mult 1) over Number Field with defining polynomial x^2 + 971/1760*x + 237097/3097600 over the Rational Field:
      (1/43*(1760*K.1 + 550) : 1/43*(1760*K.1 + 550) : 1 : 1/43*(1760*K.1 + 507) : 1 : 0)   <-- the two disc--24 CM points
  deg-1 place (mult 1): rational point (1 : 0 : 0 : 0 : 0 : 0)  [cusp]
>>> THIRD POINT in the fiber over Q = (0 : 1 : 0):
>>>     (1 : 0 : 0 : 0 : 0 : 0)   —   cusp
status: 1 rational fiber(s)

--- D = -36 (h = 1) ---
  CM point at tau = 0.0855019 + 0.0111524*$.1: image NOT recognized as rational: [ 1.055231316E-90 - 1.355698640E-90*$.1, -0.5000000000 + 0.8660254038*$.1, 1.000000000 ]
  CM point at tau = -0.0855019 + 0.0111524*$.1: image NOT recognized as rational: [ 1.055231316E-90 + 1.355698640E-90*$.1, -0.5000000000 - 0.8660254038*$.1, 1.000000000 ]
status: images not rational (no rational fiber)

--- D = -51 (h = 2) ---
  CM point at tau = 0.135688 + 0.0132740*$.1: image NOT recognized as rational: [ 0.5000000000 - 0.8660254038*$.1, -2.377009335E-107 + 1.732050808*$.1, 1.000000000 ]
  CM point at tau = -0.135688 + 0.0132740*$.1: image NOT recognized as rational: [ 0.5000000000 + 0.8660254038*$.1, -2.377009335E-107 - 1.732050808*$.1, 1.000000000 ]
status: images not rational (no rational fiber)

--- D = -52 (h = 2) ---
  CM point at tau = 0.0594795 + 0.0134035*$.1: image NOT recognized as rational: [ 2.000000000 - 1.125036171E-108*$.1, 1.302775638 + 3.950705823E-108*$.1, 1.000000000 ]
  CM point at tau = 0.470260 + 0.00670177*$.1: image NOT recognized as rational: [ 2.000000000 - 6.793080619E-54*$.1, -2.302775638 + 9.045668677E-55*$.1, 1.000000000 ]
status: images not rational (no rational fiber)

--- D = -64 (h = 1) ---
  CM point at tau = 0.219331 + 0.0148699*$.1  |-->  Q = (-1 : 0 : 1)
  CM point at tau = -0.219331 + 0.0148699*$.1  |-->  Q = (-1 : 0 : 1)
all disc--64 CM points map to the SAME rational point — as expected

--- fiber of pi over Q1 = (-1 : 0 : 1) (image of the disc--64 CM points) ---
  deg-1 place (mult 1): rational point (3 : 1 : 1 : 1 : 1 : 1)  [CM disc -16]
  deg-2 place (mult 1) over Number Field with defining polynomial x^2 - 10/3*x + 11/3 over the Rational Field:
      (2*K.1 + 1 : 1/2*(K.1 + 3) : 1/2*(K.1 + 3) : 1/2*(K.1 - 1) : K.1 : 1)   <-- the two disc--64 CM points
>>> THIRD POINT in the fiber over Q = (-1 : 0 : 1):
>>>     (3 : 1 : 1 : 1 : 1 : 1)   —   CM disc -16
status: 1 rational fiber(s)

--- D = -99 (h = 1) ---
  CM point at tau = 0.291821 + 0.0184942*$.1: image NOT recognized as rational: [ 0.5000000000 + 0.8660254038*$.1, -1.000000000 + 1.732050808*$.1, 1.000000000 ]
  CM point at tau = -0.291821 + 0.0184942*$.1: image NOT recognized as rational: [ 0.5000000000 - 0.8660254038*$.1, -1.000000000 - 1.732050808*$.1, 1.000000000 ]
status: images not rational (no rational fiber)

--- D = -100 (h = 1) ---
  CM point at tau = 0.475836 + 0.0185874*$.1: image NOT recognized as rational: [ 1.618033989 + 9.430679739E-151*$.1, -1.000000000 - 3.348461343E-151*$.1, 1.000000000 ]
  CM point at tau = 0.262082 + 0.00929368*$.1: image NOT recognized as rational: [ -0.6180339888 + 1.177822476E-75*$.1, -1.000000000 + 4.603905785E-75*$.1, 1.000000000 ]
status: images not rational (no rational fiber)

--- D = -115 (h = 2) ---
  CM point at tau = 0.0576208 + 0.0199327*$.1: image NOT recognized as rational: [ 1.618033989 + 3.509766168E-162*$.1, -1.107891175E-161 - 7.058984879E-162*$.1, 1.000000000 ]
  CM point at tau = 0.388476 + 0.00398654*$.1: image NOT recognized as rational: [ -0.6180339888 + 1.046740721E-32*$.1, 5.015464533E-33 + 3.857263236E-32*$.1, 1.000000000 ]
status: images not rational (no rational fiber)

--- D = -148 (h = 2) ---
  CM point at tau = 0.479554 + 0.0226125*$.1: image NOT recognized as rational: [ 1.573947229 + 2.627253125E-186*$.1, -0.5355043976 - 2.424922036E-184*$.1, 1.000000000 ]
  CM point at tau = 0.239777 + 0.0113063*$.1: image NOT recognized as rational: [ -1.129502784 + 6.876098443E-92*$.1, -0.7607918987 + 1.733688673E-93*$.1, 1.000000000 ]
status: images not rational (no rational fiber)

--- D = -232 (h = 2) ---
  CM point at tau = 0.338290 + 0.0283114*$.1: image NOT recognized as rational: [ -1.000000000 + 4.242640687*$.1, -9.000000000 + 4.242640687*$.1, 1.000000000 ]
  CM point at tau = -0.338290 + 0.0283114*$.1: image NOT recognized as rational: [ -1.000000000 - 4.242640687*$.1, -9.000000000 - 4.242640687*$.1, 1.000000000 ]
status: images not rational (no rational fiber)

--- D = -235 (h = 2) ---
  CM point at tau = 0.0539033 + 0.0284939*$.1: image NOT recognized as rational: [ 1.618033989 - 3.667548899E-200*$.1, -1.000000000 - 7.267367716E-200*$.1, 1.000000000 ]
  CM point at tau = 0.410781 + 0.00569878*$.1: image NOT recognized as rational: [ -0.6180339888 + 2.377152600E-46*$.1, -1.000000000 - 4.592772452E-46*$.1, 1.000000000 ]
status: images not rational (no rational fiber)

================ SWEEP SUMMARY for X_0(269)* -> X_0(269)* ================
  RATIONAL-POINT fiber |--> Q = (-1 : -1 : 1); RESIDUAL POINT (3 : 2 : 3 : 1 : 1 : 1) — CM disc -67  (partner of known point (5 : 3 : 3 : 1 : 2 : 1) [CM disc -11])
  RATIONAL-POINT fiber |--> Q = (-1 : -1 : 1); RESIDUAL POINT (3 : 2 : 1 : 1 : 1 : 1) — CM disc -43  (partner of known point (5 : 3 : 3 : 1 : 2 : 1) [CM disc -11])
  RATIONAL-POINT fiber |--> Q = (-1 : -1 : 1); RESIDUAL POINT (3 : 2 : 3 : 1 : 1 : 1) — CM disc -67  (partner of known point (3 : 2 : 1 : 1 : 1 : 1) [CM disc -43])
  D = -24: CM points |--> Q = (0 : 1 : 0); THIRD POINT (1 : 0 : 0 : 0 : 0 : 0) — cusp
  D = -64: CM points |--> Q = (-1 : 0 : 1); THIRD POINT (3 : 1 : 1 : 1 : 1 : 1) — CM disc -16

#################### N = 274, p = 1 ####################
M = 274: new-quotient triple cover to 274c1 (modular degree 12)
[BuildTripleCoverNew] building model of X_0(274)* (eval_prec = 400, cached if available)... [cache] loaded 3000-term star forms for level 274
done (0.400 s)
[cache] loaded triple-cover map for (N=274, p=1) -> 274c1
X_0(274)* = Curve over Rational Field defined by
z[1]*z[3] - z[2]^2 + 3*z[2]*z[6] - 2*z[3]*z[5] - 5*z[3]*z[6] - 2*z[4]^2 + 2*z[4]*z[5] - 3*z[4]*z[6] + z[5]^2 + 3*z[5]*z[6] + 3*z[6]^2,
z[1]*z[4] - z[2]*z[3] + 3*z[2]*z[6] + z[3]*z[4] + z[3]*z[5] - z[3]*z[6] - z[4]^2 - 2*z[4]*z[5] - 5*z[4]*z[6] - z[5]*z[6] + z[6]^2,
z[1]*z[5] - 2*z[2]*z[6] - z[3]^2 + 3*z[3]*z[5] - 2*z[3]*z[6] - 3*z[4]^2 + 4*z[4]*z[5] - 2*z[4]*z[6] - 4*z[5]^2 - 2*z[5]*z[6] + 10*z[6]^2,
z[1]*z[6] - z[3]*z[6] - z[4]^2 + z[4]*z[5] - z[4]*z[6] - z[5]*z[6],
z[2]*z[4] - 2*z[2]*z[6] - z[3]^2 + 3*z[3]*z[5] - 2*z[4]^2 + 2*z[4]*z[5] - z[4]*z[6] - 2*z[5]^2 - 3*z[5]*z[6] + 7*z[6]^2,
z[2]*z[5] - 3*z[2]*z[6] - z[3]*z[4] + 2*z[4]*z[5] + z[4]*z[6] - z[5]^2 + 2*z[5]*z[6] + z[6]^2
E = [ 1, -1, 0, -2, 0 ] (274c1)

===== SWEEP of CM discriminants for X_0(274)* -> X_0(274)* =====
found 11 small rational points on X_0(274)* (bound 100000)
found CM point at discriminant -4
found CM point at discriminant -7
found CM point at discriminant -8
found CM point at discriminant -28
found CM point at discriminant -16
found CM point at discriminant -88
found CM point at discriminant -100
found CM point at discriminant -148
found CM point at discriminant -72
found CM point at discriminant -36

labelling the rational points:
  disc = -148 -> rats[2] -> (7 : -1 : 3 : -1 : 2 : 1) (CM)
  disc = -4 -> rats[5] -> (5 : -3/2 : 3 : 1 : 7/2 : 1) (CM)
  disc = -88 -> rats[9] -> (2 : 1 : 1 : 0 : 1 : 0) (CM)
  disc = -36 -> rats[6] -> (5 : 3 : 3 : 1 : 2 : 1) (CM)
  disc = -7 -> rats[10] -> (3 : 2 : 3 : 1 : 1 : 0) (CM)
  disc = -100 -> rats[4] -> (5 : 1 : 3 : 1 : 1 : 1) (CM)
  disc = -8 -> rats[11] -> (4 : 1 : 3 : 0 : 1 : 1) (CM)
  disc = -72 -> rats[7] -> (13 : 7 : 9 : 3 : 4 : 1) (CM)
  disc = -16 -> rats[8] -> (2 : 1 : 2 : 0 : 1 : 0) (CM)
  disc = -28 -> rats[1] -> (1 : 0 : 1 : 1 : 1 : 0) (CM)
  Cusp -> rats[3]
Labelled 11 CM+cusp, 0 exceptional

small rational points, their labels and images under pi:
  P1 = (1 : 0 : 1 : 1 : 1 : 0)  [CM disc -28]  |-->  (0 : 1 : 0)
  P2 = (7 : -1 : 3 : -1 : 2 : 1)  [CM disc -148]  |-->  (2 : -2 : 1)
  P3 = (1 : 0 : 0 : 0 : 0 : 0)  [cusp]  |-->  (0 : 1 : 0)
  P4 = (5 : 1 : 3 : 1 : 1 : 1)  [CM disc -100]  |-->  (-1 : 0 : 1)
  P5 = (5 : -3/2 : 3 : 1 : 7/2 : 1)  [CM disc -4]  |-->  (9 : -30 : 1)
  P6 = (5 : 3 : 3 : 1 : 2 : 1)  [CM disc -36]  |-->  (0 : 0 : 1)
  P7 = (13 : 7 : 9 : 3 : 4 : 1)  [CM disc -72]  |-->  (2 : 0 : 1)
  P8 = (2 : 1 : 2 : 0 : 1 : 0)  [CM disc -16]  |-->  (-1 : 0 : 1)
  P9 = (2 : 1 : 1 : 0 : 1 : 0)  [CM disc -88]  |-->  (-1 : 1 : 1)
  P10 = (3 : 2 : 3 : 1 : 1 : 0)  [CM disc -7]  |-->  (0 : 1 : 0)
  P11 = (4 : 1 : 3 : 0 : 1 : 1)  [CM disc -8]  |-->  (-1 : 0 : 1)

candidate discs (degree-2 CM points on X_0(274)*): [ -15, -32, -56, -60, -64, -68, -112, -120, -136, -196, -292, -312, -372, -520, -532, -772 ]

--- CUSP FIBER: fiber of pi over Q = (0 : 1 : 0) (contains the cusp), splits as degrees [ 1, 1, 1 ] ---
  deg-1 place (mult 1): rational point (1 : 0 : 1 : 1 : 1 : 0)  [CM disc -28]
  deg-1 place (mult 1): rational point (3 : 2 : 3 : 1 : 1 : 0)  [CM disc -7]
  deg-1 place (mult 1): rational point (1 : 0 : 0 : 0 : 0 : 0)  [cusp]  <-- the cusp
>>> RESIDUAL POINT in the cusp fiber over Q = (0 : 1 : 0):
>>>     (1 : 0 : 1 : 1 : 1 : 0)   —   CM disc -28
>>> RESIDUAL POINT in the cusp fiber over Q = (0 : 1 : 0):
>>>     (3 : 2 : 3 : 1 : 1 : 0)   —   CM disc -7
cusp-fiber status: cusp fiber: degrees [ 1, 1, 1 ]

--- fiber of pi over Q = (0 : 1 : 0) through known point (1 : 0 : 1 : 1 : 1 : 0) [CM disc -28], splits as degrees [ 1, 1, 1 ] ---
  deg-1 place (mult 1): rational point (1 : 0 : 1 : 1 : 1 : 0)  [CM disc -28]  <-- P itself
  deg-1 place (mult 1): rational point (3 : 2 : 3 : 1 : 1 : 0)  [CM disc -7]
  deg-1 place (mult 1): rational point (1 : 0 : 0 : 0 : 0 : 0)  [cusp]

--- fiber of pi over Q = (2 : -2 : 1) through known point (7 : -1 : 3 : -1 : 2 : 1) [CM disc -148], splits as degrees [ 1, 2 ] ---
  deg-1 place (mult 1): rational point (7 : -1 : 3 : -1 : 2 : 1)  [CM disc -148]  <-- P itself
  deg-2 place (mult 1) over Number Field with defining polynomial x^2 - 2*x - 6 over the Rational Field:
      (1/3*(7*K.1 + 22) : 1/3*(5*K.1 + 8) : 1/3*(5*K.1 + 11) : K.1 : 1/3*(2*K.1 + 5) : 1)

--- fiber of pi over Q = (0 : 1 : 0) through known point (1 : 0 : 0 : 0 : 0 : 0) [cusp], splits as degrees [ 1, 1, 1 ] ---
  deg-1 place (mult 1): rational point (1 : 0 : 1 : 1 : 1 : 0)  [CM disc -28]
  deg-1 place (mult 1): rational point (3 : 2 : 3 : 1 : 1 : 0)  [CM disc -7]
  deg-1 place (mult 1): rational point (1 : 0 : 0 : 0 : 0 : 0)  [cusp]  <-- P itself

--- fiber of pi over Q = (-1 : 0 : 1) through known point (5 : 1 : 3 : 1 : 1 : 1) [CM disc -100], splits as degrees [ 1, 1, 1 ] ---
  deg-1 place (mult 1): rational point (2 : 1 : 2 : 0 : 1 : 0)  [CM disc -16]
  deg-1 place (mult 1): rational point (5 : 1 : 3 : 1 : 1 : 1)  [CM disc -100]  <-- P itself
  deg-1 place (mult 1): rational point (4 : 1 : 3 : 0 : 1 : 1)  [CM disc -8]

--- fiber of pi over Q = (9 : -30 : 1) through known point (5 : -3/2 : 3 : 1 : 7/2 : 1) [CM disc -4], splits as degrees [ 1, 2 ] ---
  deg-1 place (mult 1): rational point (5 : -3/2 : 3 : 1 : 7/2 : 1)  [CM disc -4]  <-- P itself
  deg-2 place (mult 1) over Number Field with defining polynomial x^2 - 21*x - 50 over the Rational Field:
      (1/5*(79*K.1 + 170) : 1/5*(32*K.1 + 55) : 1/5*(14*K.1 + 15) : K.1 : 1/5*(2*K.1 + 5) : 1)

--- fiber of pi over Q = (0 : 0 : 1) through known point (5 : 3 : 3 : 1 : 2 : 1) [CM disc -36], splits as degrees [ 1, 2 ] ---
  deg-1 place (mult 1): rational point (5 : 3 : 3 : 1 : 2 : 1)  [CM disc -36]  <-- P itself
  deg-2 place (mult 1) over Number Field with defining polynomial x^2 - 2 over the Rational Field:
      (2*K.1 + 4 : K.1 + 2 : K.1 + 3 : K.1 : K.1 + 1 : 1)

--- fiber of pi over Q = (2 : 0 : 1) through known point (13 : 7 : 9 : 3 : 4 : 1) [CM disc -72], splits as degrees [ 1, 2 ] ---
  deg-1 place (mult 1): rational point (13 : 7 : 9 : 3 : 4 : 1)  [CM disc -72]  <-- P itself
  deg-2 place (mult 1) over Number Field with defining polynomial x^2 - 16*x - 12 over the Rational Field:
      (1/6*(5*K.1 + 18) : -1/3*K.1 : 1/3*(K.1 + 3) : -2 : 1/6*K.1 : 1)

--- fiber of pi over Q = (-1 : 0 : 1) through known point (2 : 1 : 2 : 0 : 1 : 0) [CM disc -16], splits as degrees [ 1, 1, 1 ] ---
  deg-1 place (mult 1): rational point (2 : 1 : 2 : 0 : 1 : 0)  [CM disc -16]  <-- P itself
  deg-1 place (mult 1): rational point (5 : 1 : 3 : 1 : 1 : 1)  [CM disc -100]
  deg-1 place (mult 1): rational point (4 : 1 : 3 : 0 : 1 : 1)  [CM disc -8]

--- fiber of pi over Q = (-1 : 1 : 1) through known point (2 : 1 : 1 : 0 : 1 : 0) [CM disc -88], splits as degrees [ 1, 2 ] ---
  deg-1 place (mult 1): rational point (2 : 1 : 1 : 0 : 1 : 0)  [CM disc -88]  <-- P itself
  deg-2 place (mult 1) over Number Field with defining polynomial x^2 - x + 1 over the Rational Field:
      (K.1 + 5 : 2 : K.1 + 4 : K.1 : 2 : 1)

--- fiber of pi over Q = (0 : 1 : 0) through known point (3 : 2 : 3 : 1 : 1 : 0) [CM disc -7], splits as degrees [ 1, 1, 1 ] ---
  deg-1 place (mult 1): rational point (1 : 0 : 1 : 1 : 1 : 0)  [CM disc -28]
  deg-1 place (mult 1): rational point (3 : 2 : 3 : 1 : 1 : 0)  [CM disc -7]  <-- P itself
  deg-1 place (mult 1): rational point (1 : 0 : 0 : 0 : 0 : 0)  [cusp]

--- fiber of pi over Q = (-1 : 0 : 1) through known point (4 : 1 : 3 : 0 : 1 : 1) [CM disc -8], splits as degrees [ 1, 1, 1 ] ---
  deg-1 place (mult 1): rational point (2 : 1 : 2 : 0 : 1 : 0)  [CM disc -16]
  deg-1 place (mult 1): rational point (5 : 1 : 3 : 1 : 1 : 1)  [CM disc -100]
  deg-1 place (mult 1): rational point (4 : 1 : 3 : 0 : 1 : 1)  [CM disc -8]  <-- P itself
>>> PARTNER in the fiber over Q = (0 : 1 : 0) (via known point (1 : 0 : 1 : 1 : 1 : 0) [CM disc -28]):
>>>     (3 : 2 : 3 : 1 : 1 : 0)   —   CM disc -7
>>> PARTNER in the fiber over Q = (0 : 1 : 0) (via known point (1 : 0 : 1 : 1 : 1 : 0) [CM disc -28]):
>>>     (1 : 0 : 0 : 0 : 0 : 0)   —   cusp
>>> PARTNER in the fiber over Q = (0 : 1 : 0) (via known point (1 : 0 : 0 : 0 : 0 : 0) [cusp]):
>>>     (3 : 2 : 3 : 1 : 1 : 0)   —   CM disc -7
>>> PARTNER in the fiber over Q = (-1 : 0 : 1) (via known point (5 : 1 : 3 : 1 : 1 : 1) [CM disc -100]):
>>>     (2 : 1 : 2 : 0 : 1 : 0)   —   CM disc -16
>>> PARTNER in the fiber over Q = (-1 : 0 : 1) (via known point (5 : 1 : 3 : 1 : 1 : 1) [CM disc -100]):
>>>     (4 : 1 : 3 : 0 : 1 : 1)   —   CM disc -8
>>> PARTNER in the fiber over Q = (-1 : 0 : 1) (via known point (2 : 1 : 2 : 0 : 1 : 0) [CM disc -16]):
>>>     (4 : 1 : 3 : 0 : 1 : 1)   —   CM disc -8
rational-point-fiber status: 11 known point(s) checked

--- D = -15 (h = 2) ---
  CM point at tau = 0.352190 + 0.00706749*$.1: image NOT recognized as rational: [ -0.2360679775 - 2.219411186E-59*$.1, -0.5278640450 - 3.669649154E-57*$.1, 1.000000000 ]
  CM point at tau = 0.147810 + 0.00706749*$.1: image NOT recognized as rational: [ 4.236067977 - 2.592085894E-56*$.1, -9.472135955 + 2.055790816E-56*$.1, 1.000000000 ]
status: images not rational (no rational fiber)

--- D = -32 (h = 1) ---
  CM point at tau = 0.372263 + 0.0103227*$.1: image NOT recognized as rational: [ -0.4142135624 + 3.685182801E-85*$.1, -0.5857864376 + 4.816700707E-83*$.1, 1.000000000 ]
  CM point at tau = 0.457421 + 0.00344091*$.1: image NOT recognized as rational: [ 2.414213562 + 2.023917980E-27*$.1, -3.414213562 - 1.171930094E-27*$.1, 1.000000000 ]
status: images not rational (no rational fiber)

--- D = -56 (h = 4) ---
  CM point at tau = 0.233577 + 0.0136557*$.1  |-->  Q = (0 : 0 : 1)
  CM point at tau = 0.411192 + 0.00455189*$.1  |-->  Q = (0 : 0 : 1)
all disc--56 CM points map to the SAME rational point — as expected

--- fiber of pi over Q1 = (0 : 0 : 1) (image of the disc--56 CM points) ---
  deg-1 place (mult 1): rational point (5 : 3 : 3 : 1 : 2 : 1)  [CM disc -36]
  deg-2 place (mult 1) over Number Field with defining polynomial x^2 - 2 over the Rational Field:
      (2*K.1 + 4 : K.1 + 2 : K.1 + 3 : K.1 : K.1 + 1 : 1)   <-- the two disc--56 CM points
>>> THIRD POINT in the fiber over Q = (0 : 0 : 1):
>>>     (5 : 3 : 3 : 1 : 2 : 1)   —   CM disc -36
status: 1 rational fiber(s)

--- D = -60 (h = 2) ---
  CM point at tau = 0.295620 + 0.0141350*$.1  |-->  Q = (-1 : 1 : 1)
  CM point at tau = -0.295620 + 0.0141350*$.1  |-->  Q = (-1 : 1 : 1)
all disc--60 CM points map to the SAME rational point — as expected

--- fiber of pi over Q1 = (-1 : 1 : 1) (image of the disc--60 CM points) ---
  deg-1 place (mult 1): rational point (2 : 1 : 1 : 0 : 1 : 0)  [CM disc -88]
  deg-2 place (mult 1) over Number Field with defining polynomial x^2 - x + 1 over the Rational Field:
      (K.1 + 5 : 2 : K.1 + 4 : K.1 : 2 : 1)   <-- the two disc--60 CM points
>>> THIRD POINT in the fiber over Q = (-1 : 1 : 1):
>>>     (2 : 1 : 1 : 0 : 1 : 0)   —   CM disc -88
status: 1 rational fiber(s)

--- D = -64 (h = 1) ---
  CM point at tau = 0.459854 + 0.0145985*$.1: image NOT recognized as rational: [ 2.414213562 + 4.603407469E-118*$.1, -3.414213562 + 2.687056006E-118*$.1, 1.000000000 ]
  CM point at tau = 0.108029 + 0.00291971*$.1: image NOT recognized as rational: [ -0.4142135624 - 1.667696830E-23*$.1, -0.5857864376 - 1.754046687E-23*$.1, 1.000000000 ]
status: images not rational (no rational fiber)

--- D = -68 (h = 4) ---
  CM point at tau = 0.346715 + 0.0150478*$.1: image NOT recognized as rational: [ -0.5615528128 + 5.225779616E-123*$.1, -0.5615528128 + 1.385937707E-122*$.1, 1.000000000 ]
  CM point at tau = 0.217762 + 0.00501595*$.1: image NOT recognized as rational: [ 3.561552813 - 3.809476297E-39*$.1, 3.561552813 + 2.286632323E-37*$.1, 1.000000000 ]
status: images not rational (no rational fiber)

--- D = -112 (h = 1) ---
  CM point at tau = 0.240876 + 0.0193121*$.1: image NOT recognized as rational: [ -0.2500000000 + 1.822774079E-157*$.1, 0.7864378277 + 1.079839635E-156*$.1, 1.000000000 ]
  CM point at tau = 0.394161 + 0.00275886*$.1: image NOT recognized as rational: [ -0.2500000000 + 1.139171224E-22*$.1, -0.5364378277 - 1.451479876E-21*$.1, 1.000000000 ]
status: images not rational (no rational fiber)

--- D = -120 (h = 4) ---
  CM point at tau = 0.335766 + 0.0199899*$.1: image NOT recognized as rational: [ -0.8284271248 + 3.699880450E-163*$.1, -0.3431457505 - 4.788182204E-163*$.1, 1.000000000 ]
  CM point at tau = 0.445255 + 0.00666329*$.1: image NOT recognized as rational: [ 4.828427125 - 7.972767020E-53*$.1, -11.65685425 + 5.061864087E-53*$.1, 1.000000000 ]
status: images not rational (no rational fiber)

--- D = -136 (h = 4) ---
  CM point at tau = 0.248175 + 0.0212809*$.1: image NOT recognized as rational: [ -0.5615528128 + 7.051691496E-174*$.1, 1.123105626 + 5.997991416E-173*$.1, 1.000000000 ]
  CM point at tau = 0.449635 + 0.00425617*$.1: image NOT recognized as rational: [ 3.561552813 - 8.064727475E-34*$.1, -7.123105626 - 3.408585115E-35*$.1, 1.000000000 ]
status: images not rational (no rational fiber)

--- D = -196 (h = 1) ---
  CM point at tau = 0.0547445 + 0.0255474*$.1  |-->  Q = (2 : -2 : 1)
  CM point at tau = 0.210949 + 0.00510949*$.1  |-->  Q = (2 : -2 : 1)
all disc--196 CM points map to the SAME rational point — as expected

--- fiber of pi over Q1 = (2 : -2 : 1) (image of the disc--196 CM points) ---
  deg-1 place (mult 1): rational point (7 : -1 : 3 : -1 : 2 : 1)  [CM disc -148]
  deg-2 place (mult 1) over Number Field with defining polynomial x^2 - 2*x - 6 over the Rational Field:
      (1/3*(7*K.1 + 22) : 1/3*(5*K.1 + 8) : 1/3*(5*K.1 + 11) : K.1 : 1/3*(2*K.1 + 5) : 1)   <-- the two disc--196 CM points
>>> THIRD POINT in the fiber over Q = (2 : -2 : 1):
>>>     (7 : -1 : 3 : -1 : 2 : 1)   —   CM disc -148
status: 1 rational fiber(s)

--- D = -292 (h = 4) ---
  CM point at tau = 0.470803 + 0.0311825*$.1: image NOT recognized as rational: [ 1.838222638 + 1.836901734E-200*$.1, -0.9460742128 + 2.037952166E-199*$.1, 1.000000000 ]
  CM point at tau = 0.352972 + 0.00445464*$.1: image NOT recognized as rational: [ -0.06044486059 - 3.312820893E-37*$.1, -0.3131850465 - 2.966269104E-36*$.1, 1.000000000 ]
status: images not rational (no rational fiber)

--- D = -312 (h = 4) ---
  CM point at tau = 0.0510949 + 0.0322327*$.1: image NOT recognized as rational: [ 2.414213562 - 9.455047730E-200*$.1, -3.414213562 + 2.626262563E-199*$.1, 1.000000000 ]
  CM point at tau = 0.350365 + 0.0107442*$.1: image NOT recognized as rational: [ -0.4142135624 + 2.193029979E-88*$.1, -0.5857864376 + 2.511063927E-87*$.1, 1.000000000 ]
status: images not rational (no rational fiber)

--- D = -372 (h = 4) ---
  CM point at tau = 0.0985402 + 0.0351958*$.1: image NOT recognized as rational: [ 0.5000000000 - 2.783882181*$.1, 3.000000000 + 5.567764363*$.1, 1.000000000 ]
  CM point at tau = -0.0985402 + 0.0351958*$.1: image NOT recognized as rational: [ 0.5000000000 + 2.783882181*$.1, 3.000000000 - 5.567764363*$.1, 1.000000000 ]
status: images not rational (no rational fiber)

--- D = -520 (h = 4) ---
  CM point at tau = 0.0437956 + 0.0416123*$.1: image NOT recognized as rational: [ 3.212451550 - 6.993204484E-200*$.1, -5.963657944 - 5.419357825E-200*$.1, 1.000000000 ]
  CM point at tau = 0.408759 + 0.00832245*$.1: image NOT recognized as rational: [ -0.01245154966 - 1.114090712E-67*$.1, 0.1636579444 + 2.500139791E-67*$.1, 1.000000000 ]
status: images not rational (no rational fiber)

--- D = -532 (h = 4) ---
  CM point at tau = 0.492701 + 0.0420896*$.1  |-->  Q = (2 : 0 : 1)
  CM point at tau = 0.215328 + 0.00601280*$.1  |-->  Q = (2 : 0 : 1)
all disc--532 CM points map to the SAME rational point — as expected

--- fiber of pi over Q1 = (2 : 0 : 1) (image of the disc--532 CM points) ---
  deg-1 place (mult 1): rational point (13 : 7 : 9 : 3 : 4 : 1)  [CM disc -72]
  deg-2 place (mult 1) over Number Field with defining polynomial x^2 - 16*x - 12 over the Rational Field:
      (1/6*(5*K.1 + 18) : -1/3*K.1 : 1/3*(K.1 + 3) : -2 : 1/6*K.1 : 1)   <-- the two disc--532 CM points
>>> THIRD POINT in the fiber over Q = (2 : 0 : 1):
>>>     (13 : 7 : 9 : 3 : 4 : 1)   —   CM disc -72
status: 1 rational fiber(s)

--- D = -772 (h = 4) ---
  CM point at tau = 0.0328467 + 0.0507023*$.1: image NOT recognized as rational: [ 4.160691333 + 6.139980392E-200*$.1, -9.202304442 - 5.630278350E-200*$.1, 1.000000000 ]
  CM point at tau = 0.457531 + 0.00460930*$.1: image NOT recognized as rational: [ 2.617086445 + 1.587141860E-36*$.1, -4.056954817 + 9.157539722E-37*$.1, 1.000000000 ]
status: images not rational (no rational fiber)

================ SWEEP SUMMARY for X_0(274)* -> X_0(274)* ================
  CUSP fiber |--> Q = (0 : 1 : 0); RESIDUAL POINT (1 : 0 : 1 : 1 : 1 : 0) — CM disc -28
  CUSP fiber |--> Q = (0 : 1 : 0); RESIDUAL POINT (3 : 2 : 3 : 1 : 1 : 0) — CM disc -7
  RATIONAL-POINT fiber |--> Q = (0 : 1 : 0); RESIDUAL POINT (3 : 2 : 3 : 1 : 1 : 0) — CM disc -7  (partner of known point (1 : 0 : 1 : 1 : 1 : 0) [CM disc -28])
  RATIONAL-POINT fiber |--> Q = (0 : 1 : 0); RESIDUAL POINT (1 : 0 : 0 : 0 : 0 : 0) — cusp  (partner of known point (1 : 0 : 1 : 1 : 1 : 0) [CM disc -28])
  RATIONAL-POINT fiber |--> Q = (0 : 1 : 0); RESIDUAL POINT (3 : 2 : 3 : 1 : 1 : 0) — CM disc -7  (partner of known point (1 : 0 : 0 : 0 : 0 : 0) [cusp])
  RATIONAL-POINT fiber |--> Q = (-1 : 0 : 1); RESIDUAL POINT (2 : 1 : 2 : 0 : 1 : 0) — CM disc -16  (partner of known point (5 : 1 : 3 : 1 : 1 : 1) [CM disc -100])
  RATIONAL-POINT fiber |--> Q = (-1 : 0 : 1); RESIDUAL POINT (4 : 1 : 3 : 0 : 1 : 1) — CM disc -8  (partner of known point (5 : 1 : 3 : 1 : 1 : 1) [CM disc -100])
  RATIONAL-POINT fiber |--> Q = (-1 : 0 : 1); RESIDUAL POINT (4 : 1 : 3 : 0 : 1 : 1) — CM disc -8  (partner of known point (2 : 1 : 2 : 0 : 1 : 0) [CM disc -16])
  D = -56: CM points |--> Q = (0 : 0 : 1); THIRD POINT (5 : 3 : 3 : 1 : 2 : 1) — CM disc -36
  D = -60: CM points |--> Q = (-1 : 1 : 1); THIRD POINT (2 : 1 : 1 : 0 : 1 : 0) — CM disc -88
  D = -196: CM points |--> Q = (2 : -2 : 1); THIRD POINT (7 : -1 : 3 : -1 : 2 : 1) — CM disc -148
  D = -532: CM points |--> Q = (2 : 0 : 1); THIRD POINT (13 : 7 : 9 : 3 : 4 : 1) — CM disc -72

#################### N = 291, p = 1 ####################
M = 291: new-quotient triple cover to 291c1 (modular degree 12)
[BuildTripleCoverNew] building model of X_0(291)* (eval_prec = 400, cached if available)... [cache] loaded 3000-term star forms for level 291
done (0.410 s)
[cache] loaded triple-cover map for (N=291, p=1) -> 291c1
X_0(291)* = Curve over Rational Field defined by
4*z[1]*z[3] - 4*z[2]^2 + 5*z[2]*z[6] + 2*z[3]*z[5] - 5*z[3]*z[6] + 5*z[4]^2 - 6*z[4]*z[5] - 5*z[4]*z[6] + 3*z[5]^2 - 7*z[5]*z[6] + z[6]^2,
4*z[1]*z[4] - 4*z[2]*z[3] + 3*z[2]*z[6] + 6*z[3]*z[5] + 5*z[3]*z[6] - 5*z[4]^2 - 2*z[4]*z[5] + z[4]*z[6] - 3*z[5]^2 - 9*z[5]*z[6] - 5*z[6]^2,
z[1]*z[5] - z[3]^2 + z[3]*z[5] + 3*z[3]*z[6] - 2*z[4]*z[5] - z[5]^2 - z[5]*z[6] - 2*z[6]^2,
2*z[1]*z[6] - z[2]*z[6] - 2*z[3]*z[4] + 4*z[3]*z[5] + z[3]*z[6] - z[4]^2 + 5*z[4]*z[6] - z[5]^2 - 9*z[5]*z[6] - 3*z[6]^2,
4*z[2]*z[4] - z[2]*z[6] - 4*z[3]^2 + 6*z[3]*z[5] + 13*z[3]*z[6] - 5*z[4]^2 - 10*z[4]*z[5] + z[4]*z[6] + 5*z[5]^2 - z[5]*z[6] - 9*z[6]^2,
4*z[2]*z[5] - z[2]*z[6] - 4*z[3]*z[4] + 2*z[3]*z[5] + z[3]*z[6] - z[4]^2 + 2*z[4]*z[5] + 9*z[4]*z[6] - 7*z[5]^2 - 9*z[5]*z[6] - z[6]^2
E = [ 1, 1, 1, -3, 0 ] (291c1)

===== SWEEP of CM discriminants for X_0(291)* -> X_0(291)* =====
found 11 small rational points on X_0(291)* (bound 100000)
found CM point at discriminant -3
found CM point at discriminant -8
found CM point at discriminant -27
found CM point at discriminant -11
found CM point at discriminant -12
found CM point at discriminant -48
found CM point at discriminant -267
found CM point at discriminant -147
found CM point at discriminant -24
found CM point at discriminant -75

labelling the rational points:
  disc = -267 -> rats[10] -> (1 : -3 : 2 : 2 : -2 : 1) (CM)
  disc = -11 -> rats[6] -> (1 : 0 : 1 : 0 : 0 : 1) (CM)
  disc = -147 -> rats[7] -> (-1/2 : 3/2 : 1/2 : 1/2 : -1/2 : 1) (CM)
  disc = -12 -> rats[5] -> (1 : -1 : 2 : -1 : 0 : 1) (CM)
  disc = -27 -> rats[4] -> (1 : 1 : 2 : 0 : 0 : 1) (CM)
  disc = -75 -> rats[11] -> (3 : 2 : 1 : 1 : 1 : 0) (CM)
  disc = -48 -> rats[8] -> (1 : 1 : 2 : 1 : 0 : 1) (CM)
  disc = -3 -> rats[1] -> (157/85 : 103/85 : 74/85 : 39/85 : 24/85 : 1) (CM)
  disc = -8 -> rats[9] -> (-1 : 0 : 1 : 0 : -1 : 1) (CM)
  disc = -24 -> rats[3] -> (4 : 3 : 2 : 2 : 1 : 1) (CM)
  Cusp -> rats[2]
Labelled 11 CM+cusp, 0 exceptional

small rational points, their labels and images under pi:
  P1 = (157/85 : 103/85 : 74/85 : 39/85 : 24/85 : 1)  [CM disc -3]  |-->  (-24/25 : 211/125 : 1)
  P2 = (1 : 0 : 0 : 0 : 0 : 0)  [cusp]  |-->  (0 : 1 : 0)
  P3 = (4 : 3 : 2 : 2 : 1 : 1)  [CM disc -24]  |-->  (-2 : 2 : 1)
  P4 = (1 : 1 : 2 : 0 : 0 : 1)  [CM disc -27]  |-->  (0 : -1 : 1)
  P5 = (1 : -1 : 2 : -1 : 0 : 1)  [CM disc -12]  |-->  (0 : -1 : 1)
  P6 = (1 : 0 : 1 : 0 : 0 : 1)  [CM disc -11]  |-->  (0 : 0 : 1)
  P7 = (-1/2 : 3/2 : 1/2 : 1/2 : -1/2 : 1)  [CM disc -147]  |-->  (1 : -1 : 1)
  P8 = (1 : 1 : 2 : 1 : 0 : 1)  [CM disc -48]  |-->  (0 : -1 : 1)
  P9 = (-1 : 0 : 1 : 0 : -1 : 1)  [CM disc -8]  |-->  (0 : 1 : 0)
  P10 = (1 : -3 : 2 : 2 : -2 : 1)  [CM disc -267]  |-->  (-2 : -1 : 1)
  P11 = (3 : 2 : 1 : 1 : 1 : 0)  [CM disc -75]  |-->  (0 : 1 : 0)

candidate discs (degree-2 CM points on X_0(291)*): [ -32, -35, -36, -72, -96, -99, -132, -192, -195, -219, -291, -363, -372, -435, -483, -507, -555, -723 ]

--- CUSP FIBER: fiber of pi over Q = (0 : 1 : 0) (contains the cusp), splits as degrees [ 1, 1, 1 ] ---
  deg-1 place (mult 1): rational point (3 : 2 : 1 : 1 : 1 : 0)  [CM disc -75]
  deg-1 place (mult 1): rational point (-1 : 0 : 1 : 0 : -1 : 1)  [CM disc -8]
  deg-1 place (mult 1): rational point (1 : 0 : 0 : 0 : 0 : 0)  [cusp]  <-- the cusp
>>> RESIDUAL POINT in the cusp fiber over Q = (0 : 1 : 0):
>>>     (3 : 2 : 1 : 1 : 1 : 0)   —   CM disc -75
>>> RESIDUAL POINT in the cusp fiber over Q = (0 : 1 : 0):
>>>     (-1 : 0 : 1 : 0 : -1 : 1)   —   CM disc -8
cusp-fiber status: cusp fiber: degrees [ 1, 1, 1 ]

--- fiber of pi over Q = (-24/25 : 211/125 : 1) through known point (157/85 : 103/85 : 74/85 : 39/85 : 24/85 : 1) [CM disc -3], splits as degrees [ 1, 2 ] ---
  deg-1 place (mult 1): rational point (157/85 : 103/85 : 74/85 : 39/85 : 24/85 : 1)  [CM disc -3]  <-- P itself
  deg-2 place (mult 1) over Number Field with defining polynomial x^2 + 709/120*x - 949/72 over the Rational Field:
      (1/2905625*(442944*K.1 + 6832985) : 1/1743375*(82848*K.1 + 2816495) : 1/116225*(4224*K.1 + 151410) : 1/69735*(7608*K.1 + 75920) : 1/4649*(384*K.1 + 2776) : 1)

--- fiber of pi over Q = (0 : 1 : 0) through known point (1 : 0 : 0 : 0 : 0 : 0) [cusp], splits as degrees [ 1, 1, 1 ] ---
  deg-1 place (mult 1): rational point (3 : 2 : 1 : 1 : 1 : 0)  [CM disc -75]
  deg-1 place (mult 1): rational point (-1 : 0 : 1 : 0 : -1 : 1)  [CM disc -8]
  deg-1 place (mult 1): rational point (1 : 0 : 0 : 0 : 0 : 0)  [cusp]  <-- P itself

--- fiber of pi over Q = (-2 : 2 : 1) through known point (4 : 3 : 2 : 2 : 1 : 1) [CM disc -24], splits as degrees [ 1, 2 ] ---
  deg-1 place (mult 1): rational point (4 : 3 : 2 : 2 : 1 : 1)  [CM disc -24]  <-- P itself
  deg-2 place (mult 1) over Number Field with defining polynomial x^2 - x + 10 over the Rational Field:
      (1/5*(3*K.1 + 2) : 1/5*(K.1 + 9) : 1/5*(-K.1 + 6) : 0 : 1/5*(K.1 - 1) : 1)

--- fiber of pi over Q = (0 : -1 : 1) through known point (1 : 1 : 2 : 0 : 0 : 1) [CM disc -27], splits as degrees [ 1, 1, 1 ] ---
  deg-1 place (mult 1): rational point (1 : 1 : 2 : 0 : 0 : 1)  [CM disc -27]  <-- P itself
  deg-1 place (mult 1): rational point (1 : 1 : 2 : 1 : 0 : 1)  [CM disc -48]
  deg-1 place (mult 1): rational point (1 : -1 : 2 : -1 : 0 : 1)  [CM disc -12]

--- fiber of pi over Q = (0 : -1 : 1) through known point (1 : -1 : 2 : -1 : 0 : 1) [CM disc -12], splits as degrees [ 1, 1, 1 ] ---
  deg-1 place (mult 1): rational point (1 : 1 : 2 : 0 : 0 : 1)  [CM disc -27]
  deg-1 place (mult 1): rational point (1 : 1 : 2 : 1 : 0 : 1)  [CM disc -48]
  deg-1 place (mult 1): rational point (1 : -1 : 2 : -1 : 0 : 1)  [CM disc -12]  <-- P itself

--- fiber of pi over Q = (0 : 0 : 1) through known point (1 : 0 : 1 : 0 : 0 : 1) [CM disc -11], splits as degrees [ 1, 2 ] ---
  deg-1 place (mult 1): rational point (1 : 0 : 1 : 0 : 0 : 1)  [CM disc -11]  <-- P itself
  deg-2 place (mult 1) over Number Field with defining polynomial x^2 - 2*x - 2 over the Rational Field:
      (1/11*(2*K.1 + 10) : 1 : 1/11*(K.1 + 16) : 1/11*(3*K.1 + 4) : 1/11*(2*K.1 - 1) : 1)

--- fiber of pi over Q = (1 : -1 : 1) through known point (-1/2 : 3/2 : 1/2 : 1/2 : -1/2 : 1) [CM disc -147], splits as degrees [ 1, 2 ] ---
  deg-1 place (mult 1): rational point (-1/2 : 3/2 : 1/2 : 1/2 : -1/2 : 1)  [CM disc -147]  <-- P itself
  deg-2 place (mult 1) over Number Field with defining polynomial x^2 - 3/2*x + 3/2 over the Rational Field:
      (1/2*(-2*K.1 + 5) : 1/2*(-2*K.1 + 5) : 1/2*(-2*K.1 + 7) : 1/2*(-2*K.1 + 3) : 1/2*(-2*K.1 + 1) : 1)

--- fiber of pi over Q = (0 : -1 : 1) through known point (1 : 1 : 2 : 1 : 0 : 1) [CM disc -48], splits as degrees [ 1, 1, 1 ] ---
  deg-1 place (mult 1): rational point (1 : 1 : 2 : 0 : 0 : 1)  [CM disc -27]
  deg-1 place (mult 1): rational point (1 : 1 : 2 : 1 : 0 : 1)  [CM disc -48]  <-- P itself
  deg-1 place (mult 1): rational point (1 : -1 : 2 : -1 : 0 : 1)  [CM disc -12]

--- fiber of pi over Q = (0 : 1 : 0) through known point (-1 : 0 : 1 : 0 : -1 : 1) [CM disc -8], splits as degrees [ 1, 1, 1 ] ---
  deg-1 place (mult 1): rational point (3 : 2 : 1 : 1 : 1 : 0)  [CM disc -75]
  deg-1 place (mult 1): rational point (-1 : 0 : 1 : 0 : -1 : 1)  [CM disc -8]  <-- P itself
  deg-1 place (mult 1): rational point (1 : 0 : 0 : 0 : 0 : 0)  [cusp]

--- fiber of pi over Q = (-2 : -1 : 1) through known point (1 : -3 : 2 : 2 : -2 : 1) [CM disc -267], splits as degrees [ 1, 2 ] ---
  deg-1 place (mult 1): rational point (1 : -3 : 2 : 2 : -2 : 1)  [CM disc -267]  <-- P itself
  deg-2 place (mult 1) over Number Field with defining polynomial x^2 - 3*x - 15/4 over the Rational Field:
      (1/5*(4*K.1 + 5) : 1/2*(2*K.1 - 1) : 2 : 1/10*(2*K.1 + 15) : 1/5*(2*K.1 - 5) : 1)

--- fiber of pi over Q = (0 : 1 : 0) through known point (3 : 2 : 1 : 1 : 1 : 0) [CM disc -75], splits as degrees [ 1, 1, 1 ] ---
  deg-1 place (mult 1): rational point (3 : 2 : 1 : 1 : 1 : 0)  [CM disc -75]  <-- P itself
  deg-1 place (mult 1): rational point (-1 : 0 : 1 : 0 : -1 : 1)  [CM disc -8]
  deg-1 place (mult 1): rational point (1 : 0 : 0 : 0 : 0 : 0)  [cusp]
>>> PARTNER in the fiber over Q = (0 : 1 : 0) (via known point (1 : 0 : 0 : 0 : 0 : 0) [cusp]):
>>>     (3 : 2 : 1 : 1 : 1 : 0)   —   CM disc -75
>>> PARTNER in the fiber over Q = (0 : 1 : 0) (via known point (1 : 0 : 0 : 0 : 0 : 0) [cusp]):
>>>     (-1 : 0 : 1 : 0 : -1 : 1)   —   CM disc -8
>>> PARTNER in the fiber over Q = (0 : -1 : 1) (via known point (1 : 1 : 2 : 0 : 0 : 1) [CM disc -27]):
>>>     (1 : 1 : 2 : 1 : 0 : 1)   —   CM disc -48
>>> PARTNER in the fiber over Q = (0 : -1 : 1) (via known point (1 : 1 : 2 : 0 : 0 : 1) [CM disc -27]):
>>>     (1 : -1 : 2 : -1 : 0 : 1)   —   CM disc -12
>>> PARTNER in the fiber over Q = (0 : -1 : 1) (via known point (1 : -1 : 2 : -1 : 0 : 1) [CM disc -12]):
>>>     (1 : 1 : 2 : 1 : 0 : 1)   —   CM disc -48
>>> PARTNER in the fiber over Q = (0 : 1 : 0) (via known point (-1 : 0 : 1 : 0 : -1 : 1) [CM disc -8]):
>>>     (3 : 2 : 1 : 1 : 1 : 0)   —   CM disc -75
rational-point-fiber status: 11 known point(s) checked

--- D = -32 (h = 1) ---
  CM point at tau = 0.450172 + 0.00971968*$.1: image NOT recognized as rational: [ 0.5000000000 - 2.289591711E-79*$.1, -0.7500000000 + 0.7500000000*$.1, 1.000000000 ]
  CM point at tau = 0.116838 + 0.00971968*$.1: image NOT recognized as rational: [ 0.5000000000 + 1.463117176E-79*$.1, -0.7500000000 - 0.7500000000*$.1, 1.000000000 ]
status: images not rational (no rational fiber)

--- D = -35 (h = 2) ---
  CM point at tau = 0.472508 + 0.0101651*$.1: image NOT recognized as rational: [ 1.618033989 + 1.513474526E-82*$.1, -3.236067978 - 2.960972868E-82*$.1, 1.000000000 ]
  CM point at tau = 0.194158 + 0.0101651*$.1: image NOT recognized as rational: [ -0.6180339888 - 6.567036487E-83*$.1, 1.236067978 - 5.699866147E-83*$.1, 1.000000000 ]
status: images not rational (no rational fiber)

--- D = -36 (h = 1) ---
  CM point at tau = 0.226804 + 0.0103093*$.1: image NOT recognized as rational: [ -1.000000000 - 3.432288606E-83*$.1, 1.732050808 + 1.831479293E-81*$.1, 1.000000000 ]
  CM point at tau = 0.386598 + 0.00515464*$.1: image NOT recognized as rational: [ -1.000000000 - 1.439577419E-41*$.1, -1.732050808 - 1.353520951E-41*$.1, 1.000000000 ]
status: images not rational (no rational fiber)

--- D = -72 (h = 1) ---
  CM point at tau = 0.175258 + 0.0145795*$.1: image NOT recognized as rational: [ -0.3333333333 - 7.678359457E-119*$.1, 0.7553287746 + 1.487560094E-118*$.1, 1.000000000 ]
  CM point at tau = 0.412371 + 0.00728976*$.1: image NOT recognized as rational: [ -0.3333333333 + 1.237362461E-59*$.1, -1.421995441 - 1.481439306E-58*$.1, 1.000000000 ]
status: images not rational (no rational fiber)

--- D = -96 (h = 2) ---
  CM point at tau = 0.164948 + 0.0168350*$.1  |-->  Q = (0 : 0 : 1)
  CM point at tau = 0.458763 + 0.00420874*$.1  |-->  Q = (0 : 0 : 1)
all disc--96 CM points map to the SAME rational point — as expected

--- fiber of pi over Q1 = (0 : 0 : 1) (image of the disc--96 CM points) ---
  deg-1 place (mult 1): rational point (1 : 0 : 1 : 0 : 0 : 1)  [CM disc -11]
  deg-2 place (mult 1) over Number Field with defining polynomial x^2 - 2*x - 2 over the Rational Field:
      (1/11*(2*K.1 + 10) : 1 : 1/11*(K.1 + 16) : 1/11*(3*K.1 + 4) : 1/11*(2*K.1 - 1) : 1)   <-- the two disc--96 CM points
>>> THIRD POINT in the fiber over Q = (0 : 0 : 1):
>>>     (1 : 0 : 1 : 0 : 0 : 1)   —   CM disc -11
status: 1 rational fiber(s)

--- D = -99 (h = 1) ---
  CM point at tau = 0.304124 + 0.0170960*$.1: image NOT recognized as rational: [ -2.408960574 + 1.413444565*$.1, -1.264605496 - 6.807188000E-62*$.1, 1.000000000 ]
  CM point at tau = 0.460825 + 0.00341920*$.1: image NOT recognized as rational: [ -1.946349157 + 0.4683012393*$.1, 0.8896054963 - 4.177233320E-28*$.1, 1.000000000 ]
status: images not rational (no rational fiber)

--- D = -132 (h = 4) ---
  CM point at tau = 0.360825 + 0.0197408*$.1: image NOT recognized as rational: [ -0.5000000000 - 2.235205715E-161*$.1, -1.549038106 - 1.116790154E-160*$.1, 1.000000000 ]
  CM point at tau = 0.180412 + 0.00987038*$.1: image NOT recognized as rational: [ -0.5000000000 + 8.716608367E-81*$.1, 1.049038106 - 3.590483818E-80*$.1, 1.000000000 ]
status: images not rational (no rational fiber)

--- D = -192 (h = 1) ---
  CM point at tau = 0.309278 + 0.0238083*$.1  |-->  Q = (-2 : -1 : 1)
  CM point at tau = 0.0773196 + 0.00595207*$.1  |-->  Q = (-2 : -1 : 1)
all disc--192 CM points map to the SAME rational point — as expected

--- fiber of pi over Q1 = (-2 : -1 : 1) (image of the disc--192 CM points) ---
  deg-1 place (mult 1): rational point (1 : -3 : 2 : 2 : -2 : 1)  [CM disc -267]
  deg-2 place (mult 1) over Number Field with defining polynomial x^2 - 3*x - 15/4 over the Rational Field:
      (1/5*(4*K.1 + 5) : 1/2*(2*K.1 - 1) : 2 : 1/10*(2*K.1 + 15) : 1/5*(2*K.1 - 5) : 1)   <-- the two disc--192 CM points
>>> THIRD POINT in the fiber over Q = (-2 : -1 : 1):
>>>     (1 : -3 : 2 : 2 : -2 : 1)   —   CM disc -267
status: 1 rational fiber(s)

--- D = -195 (h = 4) ---
  CM point at tau = 0.128866 + 0.0239936*$.1  |-->  Q = (1 : -1 : 1)
  CM point at tau = -0.128866 + 0.0239936*$.1  |-->  Q = (1 : -1 : 1)
all disc--195 CM points map to the SAME rational point — as expected

--- fiber of pi over Q1 = (1 : -1 : 1) (image of the disc--195 CM points) ---
  deg-1 place (mult 1): rational point (-1/2 : 3/2 : 1/2 : 1/2 : -1/2 : 1)  [CM disc -147]
  deg-2 place (mult 1) over Number Field with defining polynomial x^2 - 3/2*x + 3/2 over the Rational Field:
      (1/2*(-2*K.1 + 5) : 1/2*(-2*K.1 + 5) : 1/2*(-2*K.1 + 7) : 1/2*(-2*K.1 + 3) : 1/2*(-2*K.1 + 1) : 1)   <-- the two disc--195 CM points
>>> THIRD POINT in the fiber over Q = (1 : -1 : 1):
>>>     (-1/2 : 3/2 : 1/2 : 1/2 : -1/2 : 1)   —   CM disc -147
status: 1 rational fiber(s)

--- D = -219 (h = 4) ---
  CM point at tau = 0.355670 + 0.0254272*$.1: image NOT recognized as rational: [ -0.7720018727 - 3.438551570E-200*$.1, -1.683994382 - 5.701220918E-200*$.1, 1.000000000 ]
  CM point at tau = 0.471134 + 0.00508545*$.1: image NOT recognized as rational: [ 7.772001873 + 7.299239527E-40*$.1, -27.31600562 - 1.206790355E-38*$.1, 1.000000000 ]
status: images not rational (no rational fiber)

--- D = -291 (h = 4) ---
  CM point at tau = 0.500000 + 0.0293105*$.1: image NOT recognized as rational: [ 1.106107225 + 8.248085687E-400*$.1, -0.4469463874 + 8.397243505E-399*$.1, 1.000000000 ]
  CM point at tau = 0.300000 + 0.00586210*$.1: image NOT recognized as rational: [ -1.356107225 - 4.440036269E-44*$.1, -1.678053613 + 1.760231079E-45*$.1, 1.000000000 ]
status: images not rational (no rational fiber)

--- D = -363 (h = 1) ---
  CM point at tau = 0.324742 + 0.0327364*$.1: image NOT recognized as rational: [ -1.843070331 + 1.385295436E-200*$.1, -1.264605496 + 5.521519681E-200*$.1, 1.000000000 ]
  CM point at tau = 0.189249 + 0.00467663*$.1: image NOT recognized as rational: [ -0.4069296692 - 2.011540282E-38*$.1, 0.8896054963 - 5.594769796E-39*$.1, 1.000000000 ]
status: images not rational (no rational fiber)

--- D = -372 (h = 4) ---
  CM point at tau = 0.340206 + 0.0331397*$.1: image NOT recognized as rational: [ -1.396418263 - 5.128560513E-201*$.1, -1.660697104 - 2.645874202E-200*$.1, 1.000000000 ]
  CM point at tau = 0.170103 + 0.0165699*$.1: image NOT recognized as rational: [ -0.1591372930 + 6.872941260E-135*$.1, 0.4014378450 - 5.388765103E-135*$.1, 1.000000000 ]
status: images not rational (no rational fiber)

--- D = -435 (h = 4) ---
  CM point at tau = 0.0463917 + 0.0358362*$.1: image NOT recognized as rational: [ 11.52079729 - 3.100239826E-201*$.1, -47.08318916 + 4.143767237E-198*$.1, 1.000000000 ]
  CM point at tau = 0.190722 + 0.00716724*$.1: image NOT recognized as rational: [ -0.5207972894 + 7.329871255E-59*$.1, 1.083189158 + 1.329211255E-58*$.1, 1.000000000 ]
status: images not rational (no rational fiber)

--- D = -483 (h = 4) ---
  CM point at tau = 0.190722 + 0.0377616*$.1: image NOT recognized as rational: [ -0.6250000000 - 0.5994789404*$.1, 1.437500000 + 0.8992184106*$.1, 1.000000000 ]
  CM point at tau = -0.190722 + 0.0377616*$.1: image NOT recognized as rational: [ -0.6250000000 + 0.5994789404*$.1, 1.437500000 - 0.8992184106*$.1, 1.000000000 ]
status: images not rational (no rational fiber)

--- D = -507 (h = 1) ---
  CM point at tau = 0.252577 + 0.0386884*$.1  |-->  Q = (-2 : 2 : 1)
  CM point at tau = -0.252577 + 0.0386884*$.1  |-->  Q = (-2 : 2 : 1)
all disc--507 CM points map to the SAME rational point — as expected

--- fiber of pi over Q1 = (-2 : 2 : 1) (image of the disc--507 CM points) ---
  deg-1 place (mult 1): rational point (4 : 3 : 2 : 2 : 1 : 1)  [CM disc -24]
  deg-2 place (mult 1) over Number Field with defining polynomial x^2 - x + 10 over the Rational Field:
      (1/5*(3*K.1 + 2) : 1/5*(K.1 + 9) : 1/5*(-K.1 + 6) : 0 : 1/5*(K.1 - 1) : 1)   <-- the two disc--507 CM points
>>> THIRD POINT in the fiber over Q = (-2 : 2 : 1):
>>>     (4 : 3 : 2 : 2 : 1 : 1)   —   CM disc -24
status: 1 rational fiber(s)

--- D = -555 (h = 4) ---
  CM point at tau = 0.448453 + 0.0404784*$.1: image NOT recognized as rational: [ 0.6562500000 + 0.3630921887*$.1, -0.7734375000 + 0.8169574246*$.1, 1.000000000 ]
  CM point at tau = -0.448453 + 0.0404784*$.1: image NOT recognized as rational: [ 0.6562500000 - 0.3630921887*$.1, -0.7734375000 - 0.8169574246*$.1, 1.000000000 ]
status: images not rational (no rational fiber)

--- D = -723 (h = 4) ---
  CM point at tau = 0.0360824 + 0.0462005*$.1: image NOT recognized as rational: [ 8.701159637 + 2.699331732E-199*$.1, -31.90425201 + 3.462731345E-198*$.1, 1.000000000 ]
  CM point at tau = 0.457826 + 0.00420004*$.1: image NOT recognized as rational: [ 0.07661813993 + 6.513904122E-34*$.1, -0.2809331797 - 1.403363990E-34*$.1, 1.000000000 ]
status: images not rational (no rational fiber)

================ SWEEP SUMMARY for X_0(291)* -> X_0(291)* ================
  CUSP fiber |--> Q = (0 : 1 : 0); RESIDUAL POINT (3 : 2 : 1 : 1 : 1 : 0) — CM disc -75
  CUSP fiber |--> Q = (0 : 1 : 0); RESIDUAL POINT (-1 : 0 : 1 : 0 : -1 : 1) — CM disc -8
  RATIONAL-POINT fiber |--> Q = (0 : 1 : 0); RESIDUAL POINT (3 : 2 : 1 : 1 : 1 : 0) — CM disc -75  (partner of known point (1 : 0 : 0 : 0 : 0 : 0) [cusp])
  RATIONAL-POINT fiber |--> Q = (0 : 1 : 0); RESIDUAL POINT (-1 : 0 : 1 : 0 : -1 : 1) — CM disc -8  (partner of known point (1 : 0 : 0 : 0 : 0 : 0) [cusp])
  RATIONAL-POINT fiber |--> Q = (0 : -1 : 1); RESIDUAL POINT (1 : 1 : 2 : 1 : 0 : 1) — CM disc -48  (partner of known point (1 : 1 : 2 : 0 : 0 : 1) [CM disc -27])
  RATIONAL-POINT fiber |--> Q = (0 : -1 : 1); RESIDUAL POINT (1 : -1 : 2 : -1 : 0 : 1) — CM disc -12  (partner of known point (1 : 1 : 2 : 0 : 0 : 1) [CM disc -27])
  RATIONAL-POINT fiber |--> Q = (0 : -1 : 1); RESIDUAL POINT (1 : 1 : 2 : 1 : 0 : 1) — CM disc -48  (partner of known point (1 : -1 : 2 : -1 : 0 : 1) [CM disc -12])
  RATIONAL-POINT fiber |--> Q = (0 : 1 : 0); RESIDUAL POINT (3 : 2 : 1 : 1 : 1 : 0) — CM disc -75  (partner of known point (-1 : 0 : 1 : 0 : -1 : 1) [CM disc -8])
  D = -96: CM points |--> Q = (0 : 0 : 1); THIRD POINT (1 : 0 : 1 : 0 : 0 : 1) — CM disc -11
  D = -192: CM points |--> Q = (-2 : -1 : 1); THIRD POINT (1 : -3 : 2 : 2 : -2 : 1) — CM disc -267
  D = -195: CM points |--> Q = (1 : -1 : 1); THIRD POINT (-1/2 : 3/2 : 1/2 : 1/2 : -1/2 : 1) — CM disc -147
  D = -507: CM points |--> Q = (-2 : 2 : 1); THIRD POINT (4 : 3 : 2 : 2 : 1 : 1) — CM disc -24

#################### N = 101, p = 2 ####################
N = 101, p = 2: E = 101a1 (conductor 101), delta* = 1, expected degree 3
[BuildTripleCover] building model of X_0(202)* (eval_prec = 400, cached if available)... [cache] loaded 3000-term star forms for level 202
done (0.260 s)
[cache] loaded triple-cover map for (N=101, p=2) -> 101a1
X_0(202)* = Curve over Rational Field defined by
z[1]^2*z[3] - z[1]*z[2]^2 + z[1]*z[2]*z[4] - 4*z[1]*z[4]^2 - 2*z[2]^2*z[3] - 2*z[2]^2*z[4] + 4*z[2]*z[4]^2 - 8*z[3]^2*z[4] + 7*z[3]*z[4]^2 + 4*z[4]^3,
z[1]^2*z[4] - 4*z[1]*z[4]^2 - z[2]^2*z[3] - z[2]*z[3]*z[4] + 2*z[2]*z[4]^2 + z[3]^3 - 5*z[3]^2*z[4] + 7*z[3]*z[4]^2,
z[1]*z[2]*z[3] - z[1]*z[2]*z[4] - z[2]^3 + z[2]^2*z[4] - z[2]*z[3]^2 - z[2]*z[3]*z[4] + 2*z[2]*z[4]^2,
z[1]*z[3]^2 - z[1]*z[4]^2 - z[2]^2*z[3] - z[2]^2*z[4] + z[2]*z[3]*z[4] + z[2]*z[4]^2 - z[3]^3 - 2*z[3]^2*z[4] + z[3]*z[4]^2 + 2*z[4]^3,
z[1]*z[3]*z[4] - z[1]*z[4]^2 - z[2]^2*z[4] + z[2]*z[4]^2 - z[3]^2*z[4] - z[3]*z[4]^2 + 2*z[4]^3
E = [ 0, 1, 1, -1, -1 ] (101a1)

===== SWEEP of CM discriminants for X_0(202)* -> X_0(101)* =====
found 11 small rational points on X_0(202)* (bound 100000)
found CM point at discriminant -4
found CM point at discriminant -16
found CM point at discriminant -88
found CM point at discriminant -52
found CM point at discriminant -100
found CM point at discriminant -232
found CM point at discriminant -148
found CM point at discriminant -20
found CM point at discriminant -24
found CM point at discriminant -36

labelling the rational points:
  disc = -148 -> rats[1] -> (2 : -1 : 1 : 0) (CM)
  disc = -88 -> rats[7] -> (1 : 1 : 1 : 1) (CM)
  disc = -16 -> rats[9] -> (4 : 1 : 2 : 1) (CM)
  disc = -4 -> rats[5] -> (-2 : 3 : -2 : 1) (CM)
  disc = -232 -> rats[6] -> (10 : 4 : 4 : 1) (CM)
  disc = -20 -> rats[2] -> (3 : 1 : 1 : 1) (CM)
  disc = -36 -> rats[10] -> (1 : 0 : 1 : 1) (CM)
  disc = -52 -> rats[4] -> (3 : 0 : 1 : 1) (CM)
  disc = -24 -> rats[8] -> (2 : 1 : 1 : 0) (CM)
  disc = -100 -> rats[11] -> (3 : 1/2 : 1/2 : 1) (CM)
  Cusp -> rats[3]
Labelled 11 CM+cusp, 0 exceptional

small rational points, their labels and images under pi:
  P1 = (2 : -1 : 1 : 0)  [CM disc -148]  |-->  (0 : 1 : 0)
  P2 = (3 : 1 : 1 : 1)  [CM disc -20]  |-->  (-1 : 0 : 1)
  P3 = (1 : 0 : 0 : 0)  [cusp]  |-->  (0 : 1 : 0)
  P4 = (3 : 0 : 1 : 1)  [CM disc -52]  |-->  (-1 : -1 : 1)
  P5 = (-2 : 3 : -2 : 1)  [CM disc -4]  |-->  (13 : -49 : 1)
  P6 = (10 : 4 : 4 : 1)  [CM disc -232]  |-->  (1 : 0 : 1)
  P7 = (1 : 1 : 1 : 1)  [CM disc -88]  |-->  (1 : 0 : 1)
  P8 = (2 : 1 : 1 : 0)  [CM disc -24]  |-->  (0 : 1 : 0)
  P9 = (4 : 1 : 2 : 1)  [CM disc -16]  |-->  (-1 : -1 : 1)
  P10 = (1 : 0 : 1 : 1)  [CM disc -36]  |-->  (1 : -1 : 1)
  P11 = (3 : 1/2 : 1/2 : 1)  [CM disc -100]  |-->  (-3/4 : -7/8 : 1)

candidate discs (degree-2 CM points on X_0(202)*): [ -56, -64, -68, -84, -120, -132, -180, -196, -280, -312, -328, -340, -388, -408, -708, -772, -2020 ]

--- CUSP FIBER: fiber of pi over Q = (0 : 1 : 0) (contains the cusp), splits as degrees [ 1, 1, 1 ] ---
  deg-1 place (mult 1): rational point (2 : 1 : 1 : 0)  [CM disc -24]
  deg-1 place (mult 1): rational point (2 : -1 : 1 : 0)  [CM disc -148]
  deg-1 place (mult 1): rational point (1 : 0 : 0 : 0)  [cusp]  <-- the cusp
>>> RESIDUAL POINT in the cusp fiber over Q = (0 : 1 : 0):
>>>     (2 : 1 : 1 : 0)   —   CM disc -24
>>> RESIDUAL POINT in the cusp fiber over Q = (0 : 1 : 0):
>>>     (2 : -1 : 1 : 0)   —   CM disc -148
cusp-fiber status: cusp fiber: degrees [ 1, 1, 1 ]

--- fiber of pi over Q = (0 : 1 : 0) through known point (2 : -1 : 1 : 0) [CM disc -148], splits as degrees [ 1, 1, 1 ] ---
  deg-1 place (mult 1): rational point (2 : 1 : 1 : 0)  [CM disc -24]
  deg-1 place (mult 1): rational point (2 : -1 : 1 : 0)  [CM disc -148]  <-- P itself
  deg-1 place (mult 1): rational point (1 : 0 : 0 : 0)  [cusp]

--- fiber of pi over Q = (-1 : 0 : 1) through known point (3 : 1 : 1 : 1) [CM disc -20], splits as degrees [ 1, 2 ] ---
  deg-1 place (mult 1): rational point (3 : 1 : 1 : 1)  [CM disc -20]  <-- P itself
  deg-2 place (mult 1) over Number Field with defining polynomial x^2 - 3*x + 4 over the Rational Field:
      (K.1 : K.1 - 2 : K.1 : 1)

--- fiber of pi over Q = (0 : 1 : 0) through known point (1 : 0 : 0 : 0) [cusp], splits as degrees [ 1, 1, 1 ] ---
  deg-1 place (mult 1): rational point (2 : 1 : 1 : 0)  [CM disc -24]
  deg-1 place (mult 1): rational point (2 : -1 : 1 : 0)  [CM disc -148]
  deg-1 place (mult 1): rational point (1 : 0 : 0 : 0)  [cusp]  <-- P itself

--- fiber of pi over Q = (-1 : -1 : 1) through known point (3 : 0 : 1 : 1) [CM disc -52], splits as degrees [ 1, 1 ] ---
  deg-1 place (mult 1): rational point (4 : 1 : 2 : 1)  [CM disc -16]
  deg-1 place (mult 2): rational point (3 : 0 : 1 : 1)  [CM disc -52]  <-- P itself

--- fiber of pi over Q = (13 : -49 : 1) through known point (-2 : 3 : -2 : 1) [CM disc -4], splits as degrees [ 1, 2 ] ---
  deg-1 place (mult 1): rational point (-2 : 3 : -2 : 1)  [CM disc -4]  <-- P itself
  deg-2 place (mult 1) over Number Field with defining polynomial x^2 - 20*x - 37 over the Rational Field:
      (18*K.1 + 27 : 4*K.1 + 4 : K.1 : 1)

--- fiber of pi over Q = (1 : 0 : 1) through known point (10 : 4 : 4 : 1) [CM disc -232], splits as degrees [ 1, 1 ] ---
  deg-1 place (mult 1): rational point (10 : 4 : 4 : 1)  [CM disc -232]  <-- P itself
  deg-1 place (mult 2): rational point (1 : 1 : 1 : 1)  [CM disc -88]

--- fiber of pi over Q = (1 : 0 : 1) through known point (1 : 1 : 1 : 1) [CM disc -88], splits as degrees [ 1, 1 ] ---
  deg-1 place (mult 1): rational point (10 : 4 : 4 : 1)  [CM disc -232]
  deg-1 place (mult 2): rational point (1 : 1 : 1 : 1)  [CM disc -88]  <-- P itself

--- fiber of pi over Q = (0 : 1 : 0) through known point (2 : 1 : 1 : 0) [CM disc -24], splits as degrees [ 1, 1, 1 ] ---
  deg-1 place (mult 1): rational point (2 : 1 : 1 : 0)  [CM disc -24]  <-- P itself
  deg-1 place (mult 1): rational point (2 : -1 : 1 : 0)  [CM disc -148]
  deg-1 place (mult 1): rational point (1 : 0 : 0 : 0)  [cusp]

--- fiber of pi over Q = (-1 : -1 : 1) through known point (4 : 1 : 2 : 1) [CM disc -16], splits as degrees [ 1, 1 ] ---
  deg-1 place (mult 1): rational point (4 : 1 : 2 : 1)  [CM disc -16]  <-- P itself
  deg-1 place (mult 2): rational point (3 : 0 : 1 : 1)  [CM disc -52]

--- fiber of pi over Q = (1 : -1 : 1) through known point (1 : 0 : 1 : 1) [CM disc -36], splits as degrees [ 1, 2 ] ---
  deg-1 place (mult 1): rational point (1 : 0 : 1 : 1)  [CM disc -36]  <-- P itself
  deg-2 place (mult 1) over Number Field with defining polynomial x^2 - 5*x + 2 over the Rational Field:
      (3*K.1 : K.1 + 1 : K.1 : 1)

--- fiber of pi over Q = (-3/4 : -7/8 : 1) through known point (3 : 1/2 : 1/2 : 1) [CM disc -100], splits as degrees [ 1, 2 ] ---
  deg-1 place (mult 1): rational point (3 : 1/2 : 1/2 : 1)  [CM disc -100]  <-- P itself
  deg-2 place (mult 1) over Number Field with defining polynomial x^2 - 15/4*x + 29/8 over the Rational Field:
      (1/8*(14*K.1 + 1) : 1/4*(6*K.1 - 9) : K.1 : 1)
>>> PARTNER in the fiber over Q = (0 : 1 : 0) (via known point (2 : -1 : 1 : 0) [CM disc -148]):
>>>     (2 : 1 : 1 : 0)   —   CM disc -24
>>> PARTNER in the fiber over Q = (0 : 1 : 0) (via known point (2 : -1 : 1 : 0) [CM disc -148]):
>>>     (1 : 0 : 0 : 0)   —   cusp
>>> PARTNER in the fiber over Q = (0 : 1 : 0) (via known point (1 : 0 : 0 : 0) [cusp]):
>>>     (2 : 1 : 1 : 0)   —   CM disc -24
>>> PARTNER in the fiber over Q = (-1 : -1 : 1) (via known point (3 : 0 : 1 : 1) [CM disc -52]):
>>>     (4 : 1 : 2 : 1)   —   CM disc -16
>>> PARTNER in the fiber over Q = (1 : 0 : 1) (via known point (10 : 4 : 4 : 1) [CM disc -232]):
>>>     (1 : 1 : 1 : 1)   —   CM disc -88
rational-point-fiber status: 11 known point(s) checked

--- D = -56 (h = 4) ---
  CM point at tau = 0.415842 + 0.0185231*$.1: image NOT recognized as rational: [ -3.000000000 - 4.536777786E-150*$.1, -0.5000000000 + 3.968626967*$.1, 1.000000000 ]
  CM point at tau = -0.415842 + 0.0185231*$.1: image NOT recognized as rational: [ -3.000000000 + 4.536777786E-150*$.1, -0.5000000000 - 3.968626967*$.1, 1.000000000 ]
status: images not rational (no rational fiber)

--- D = -64 (h = 1) ---
  CM point at tau = 0.198020 + 0.0198020*$.1: image NOT recognized as rational: [ -1.444444444 - 0.1571348403*$.1, -0.8518518519 + 0.5237828009*$.1, 1.000000000 ]
  CM point at tau = -0.198020 + 0.0198020*$.1: image NOT recognized as rational: [ -1.444444444 + 0.1571348403*$.1, -0.8518518519 - 0.5237828009*$.1, 1.000000000 ]
status: images not rational (no rational fiber)

--- D = -68 (h = 4) ---
  CM point at tau = 0.321782 + 0.0204114*$.1: image NOT recognized as rational: [ 0.9331793556 - 5.273693136E-166*$.1, -0.5167051611 + 5.780701742E-166*$.1, 1.000000000 ]
  CM point at tau = 0.226073 + 0.00680380*$.1: image NOT recognized as rational: [ -0.8706793556 - 1.132664962E-55*$.1, -0.9676698389 - 2.221923994E-56*$.1, 1.000000000 ]
status: images not rational (no rational fiber)

--- D = -84 (h = 4) ---
  CM point at tau = 0.391089 + 0.0226860*$.1: image NOT recognized as rational: [ -0.8750000000 - 0.9921567417*$.1, -1.937500000 - 0.4960783708*$.1, 1.000000000 ]
  CM point at tau = -0.391089 + 0.0226860*$.1: image NOT recognized as rational: [ -0.8750000000 + 0.9921567417*$.1, -1.937500000 + 0.4960783708*$.1, 1.000000000 ]
status: images not rational (no rational fiber)

--- D = -120 (h = 4) ---
  CM point at tau = 0.118812 + 0.0271150*$.1: image NOT recognized as rational: [ -0.6000000000 + 1.292024784E-200*$.1, -0.5000000000 + 0.07745966692*$.1, 1.000000000 ]
  CM point at tau = -0.118812 + 0.0271150*$.1: image NOT recognized as rational: [ -0.6000000000 - 1.292024784E-200*$.1, -0.5000000000 - 0.07745966692*$.1, 1.000000000 ]
status: images not rational (no rational fiber)

--- D = -132 (h = 4) ---
  CM point at tau = 0.0643564 + 0.0284384*$.1: image NOT recognized as rational: [ 1.666666667 - 4.748816708E-199*$.1, 1.733996585 - 3.591501243E-199*$.1, 1.000000000 ]
  CM point at tau = 0.311881 + 0.00947948*$.1: image NOT recognized as rational: [ 1.666666667 - 1.082819884E-76*$.1, -2.733996585 - 1.635141485E-78*$.1, 1.000000000 ]
status: images not rational (no rational fiber)

--- D = -180 (h = 2) ---
  CM point at tau = 0.183168 + 0.0332089*$.1: image NOT recognized as rational: [ -1.304687500 + 0.03025768239*$.1, -0.2783203125 + 0.1021196781*$.1, 1.000000000 ]
  CM point at tau = -0.183168 + 0.0332089*$.1: image NOT recognized as rational: [ -1.304687500 - 0.03025768239*$.1, -0.2783203125 - 0.1021196781*$.1, 1.000000000 ]
status: images not rational (no rational fiber)

--- D = -196 (h = 1) ---
  CM point at tau = 0.153465 + 0.0346535*$.1  |-->  Q = (-1 : 0 : 1)
  CM point at tau = -0.153465 + 0.0346535*$.1  |-->  Q = (-1 : 0 : 1)
all disc--196 CM points map to the SAME rational point — as expected

--- fiber of pi over Q1 = (-1 : 0 : 1) (image of the disc--196 CM points) ---
  deg-1 place (mult 1): rational point (3 : 1 : 1 : 1)  [CM disc -20]
  deg-2 place (mult 1) over Number Field with defining polynomial x^2 - 3*x + 4 over the Rational Field:
      (K.1 : K.1 - 2 : K.1 : 1)   <-- the two disc--196 CM points
>>> THIRD POINT in the fiber over Q = (-1 : 0 : 1):
>>>     (3 : 1 : 1 : 1)   —   CM disc -20
status: 1 rational fiber(s)

--- D = -280 (h = 4) ---
  CM point at tau = 0.287129 + 0.0414188*$.1: image NOT recognized as rational: [ 0.03125000000 + 0.2480391854*$.1, -0.6328125000 + 0.9301469453*$.1, 1.000000000 ]
  CM point at tau = -0.287129 + 0.0414188*$.1: image NOT recognized as rational: [ 0.03125000000 - 0.2480391854*$.1, -0.6328125000 - 0.9301469453*$.1, 1.000000000 ]
status: images not rational (no rational fiber)

--- D = -312 (h = 4) ---
  CM point at tau = 0.425743 + 0.0437216*$.1: image NOT recognized as rational: [ -6.718750000 - 8.391716060*$.1, -34.21093750 + 6.293787045*$.1, 1.000000000 ]
  CM point at tau = -0.425743 + 0.0437216*$.1: image NOT recognized as rational: [ -6.718750000 + 8.391716060*$.1, -34.21093750 - 6.293787045*$.1, 1.000000000 ]
status: images not rational (no rational fiber)

--- D = -328 (h = 4) ---
  CM point at tau = 0.376237 + 0.0448287*$.1: image NOT recognized as rational: [ 1.000000000 - 1.414213562*$.1, 9.798510091E-200 - 2.828427125*$.1, 1.000000000 ]
  CM point at tau = -0.376237 + 0.0448287*$.1: image NOT recognized as rational: [ 1.000000000 + 1.414213562*$.1, 9.798510091E-200 + 2.828427125*$.1, 1.000000000 ]
status: images not rational (no rational fiber)

--- D = -340 (h = 4) ---
  CM point at tau = 0.480198 + 0.0456413*$.1: image NOT recognized as rational: [ 56.86173938 + 1.646778206E-198*$.1, 431.9630454 + 3.999535612E-197*$.1, 1.000000000 ]
  CM point at tau = 0.103960 + 0.00912826*$.1: image NOT recognized as rational: [ -0.8617393793 + 1.155653542E-74*$.1, -0.9630453449 - 1.339605509E-74*$.1, 1.000000000 ]
status: images not rational (no rational fiber)

--- D = -388 (h = 4) ---
  CM point at tau = 0.490099 + 0.0487567*$.1: image NOT recognized as rational: [ 44.69771560 - 2.060234908E-197*$.1, 301.5817248 - 3.366399289E-196*$.1, 1.000000000 ]
  CM point at tau = 0.355729 + 0.00696524*$.1: image NOT recognized as rational: [ 5.302284396 + 1.046512719E-56*$.1, -13.58172483 + 7.213418552E-56*$.1, 1.000000000 ]
status: images not rational (no rational fiber)

--- D = -408 (h = 4) ---
  CM point at tau = 0.0495049 + 0.0499976*$.1  |-->  Q = (1 : -1 : 1)
  CM point at tau = 0.316832 + 0.0166658*$.1  |-->  Q = (1 : -1 : 1)
all disc--408 CM points map to the SAME rational point — as expected

--- fiber of pi over Q1 = (1 : -1 : 1) (image of the disc--408 CM points) ---
  deg-1 place (mult 1): rational point (1 : 0 : 1 : 1)  [CM disc -36]
  deg-2 place (mult 1) over Number Field with defining polynomial x^2 - 5*x + 2 over the Rational Field:
      (3*K.1 : K.1 + 1 : K.1 : 1)   <-- the two disc--408 CM points
>>> THIRD POINT in the fiber over Q = (1 : -1 : 1):
>>>     (1 : 0 : 1 : 1)   —   CM disc -36
status: 1 rational fiber(s)

--- D = -708 (h = 4) ---
  CM point at tau = 0.0247525 + 0.0658621*$.1: image NOT recognized as rational: [ 1.593717378 + 2.317160352E-199*$.1, -2.560135040 - 2.274455614E-199*$.1, 1.000000000 ]
  CM point at tau = 0.341584 + 0.0219540*$.1: image NOT recognized as rational: [ 0.9828132340 - 2.792648448E-179*$.1, -0.07288245283 - 1.709885710E-179*$.1, 1.000000000 ]
status: images not rational (no rational fiber)

--- D = -772 (h = 4) ---
  CM point at tau = 0.0148515 + 0.0687745*$.1: image NOT recognized as rational: [ 1.765827110 + 2.176359466E-199*$.1, -2.971522592 - 1.815862452E-199*$.1, 1.000000000 ]
  CM point at tau = 0.274077 + 0.00625222*$.1: image NOT recognized as rational: [ -1.321382666 + 3.589865509E-51*$.1, -0.3988477788 + 1.629453096E-51*$.1, 1.000000000 ]
status: images not rational (no rational fiber)

--- D = -2020 (h = 8) ---
  CM point at tau = 0.500000 + 0.111248*$.1: image NOT recognized as rational: [ 24.04011392 - 2.387055174E-199*$.1, 119.6938839 - 1.768398866E-198*$.1, 1.000000000 ]
  CM point at tau = 0.227273 + 0.0101135*$.1: image NOT recognized as rational: [ -0.9290028079 - 8.433772631E-84*$.1, -0.9901802383 + 1.469333293E-82*$.1, 1.000000000 ]
status: images not rational (no rational fiber)

================ SWEEP SUMMARY for X_0(202)* -> X_0(101)* ================
  CUSP fiber |--> Q = (0 : 1 : 0); RESIDUAL POINT (2 : 1 : 1 : 0) — CM disc -24
  CUSP fiber |--> Q = (0 : 1 : 0); RESIDUAL POINT (2 : -1 : 1 : 0) — CM disc -148
  RATIONAL-POINT fiber |--> Q = (0 : 1 : 0); RESIDUAL POINT (2 : 1 : 1 : 0) — CM disc -24  (partner of known point (2 : -1 : 1 : 0) [CM disc -148])
  RATIONAL-POINT fiber |--> Q = (0 : 1 : 0); RESIDUAL POINT (1 : 0 : 0 : 0) — cusp  (partner of known point (2 : -1 : 1 : 0) [CM disc -148])
  RATIONAL-POINT fiber |--> Q = (0 : 1 : 0); RESIDUAL POINT (2 : 1 : 1 : 0) — CM disc -24  (partner of known point (1 : 0 : 0 : 0) [cusp])
  RATIONAL-POINT fiber |--> Q = (-1 : -1 : 1); RESIDUAL POINT (4 : 1 : 2 : 1) — CM disc -16  (partner of known point (3 : 0 : 1 : 1) [CM disc -52])
  RATIONAL-POINT fiber |--> Q = (1 : 0 : 1); RESIDUAL POINT (1 : 1 : 1 : 1) — CM disc -88  (partner of known point (10 : 4 : 4 : 1) [CM disc -232])
  D = -196: CM points |--> Q = (-1 : 0 : 1); THIRD POINT (3 : 1 : 1 : 1) — CM disc -20
  D = -408: CM points |--> Q = (1 : -1 : 1); THIRD POINT (1 : 0 : 1 : 1) — CM disc -36

#################### N = 83, p = 3 ####################
N = 83, p = 3: E = 83a1 (conductor 83), delta* = 1, expected degree 3
[BuildTripleCover] building model of X_0(249)* (eval_prec = 400, cached if available)... [cache] loaded 3000-term star forms for level 249
done (0.270 s)
[cache] loaded triple-cover map for (N=83, p=3) -> 83a1
X_0(249)* = Curve over Rational Field defined by
z[1]^3*z[3] - z[1]^2*z[2]^2 - z[1]^2*z[3]^2 + 2*z[1]*z[2]^2*z[3] + z[1]*z[2]*z[3]^2 - z[1]*z[3]^3 - z[2]^3*z[3] + z[2]^2*z[3]^2 - z[2]*z[3]^3
E = [ 1, 1, 1, 1, 0 ] (83a1)

===== SWEEP of CM discriminants for X_0(249)* -> X_0(83)* =====
found 6 small rational points on X_0(249)* (bound 100000)
found CM point at discriminant -8
found CM point at discriminant -267
found CM point at discriminant -15
found CM point at discriminant -60
found CM point at discriminant -24

labelling the rational points:
  disc = -267 -> rats[1] -> (2 : 2 : 1) (CM)
  disc = -24 -> rats[5] -> (0 : 1 : 0) (CM)
  disc = -60 -> rats[2] -> (-1 : -1 : 1) (CM)
  disc = -8 -> rats[6] -> (0 : 0 : 1) (CM)
  disc = -15 -> rats[4] -> (1 : 1 : 1) (CM)
  Cusp -> rats[3]
Labelled 6 CM+cusp, 0 exceptional

small rational points, their labels and images under pi:
  P1 = (2 : 2 : 1)  [CM disc -267]  |-->  (1 : -3 : 1)
  P2 = (-1 : -1 : 1)  [CM disc -60]  |-->  (4 : -12 : 1)
  P3 = (1 : 0 : 0)  [cusp]  |-->  (0 : 1 : 0)
  P4 = (1 : 1 : 1)  [CM disc -15]  |-->  (0 : 0 : 1)
  P5 = (0 : 1 : 0)  [CM disc -24]  |-->  (0 : -1 : 1)
  P6 = (0 : 0 : 1)  [CM disc -8]  |-->  (1 : 1 : 1)

candidate discs (degree-2 CM points on X_0(249)*): [ -20, -32, -35, -39, -72, -96, -156, -168, -219, -228, -240, -291, -408, -435, -555, -627, -1992 ]

--- CUSP FIBER: fiber of pi over Q = (0 : 1 : 0) (contains the cusp), splits as degrees [ 1, 2 ] ---
  deg-2 place (mult 1) over Number Field with defining polynomial x^2 - x - 1 over the Rational Field:
      (K.1 : 0 : 1)
  deg-1 place (mult 1): rational point (1 : 0 : 0)  [cusp]  <-- the cusp
cusp-fiber status: cusp fiber: degrees [ 1, 2 ]

--- fiber of pi over Q = (1 : -3 : 1) through known point (2 : 2 : 1) [CM disc -267], splits as degrees [ 1, 2 ] ---
  deg-1 place (mult 1): rational point (2 : 2 : 1)  [CM disc -267]  <-- P itself
  deg-2 place (mult 1) over Number Field with defining polynomial x^2 + 4*x + 2 over the Rational Field:
      (K.1 + 2 : K.1 : 1)

--- fiber of pi over Q = (4 : -12 : 1) through known point (-1 : -1 : 1) [CM disc -60], splits as degrees [ 1, 2 ] ---
  deg-1 place (mult 1): rational point (-1 : -1 : 1)  [CM disc -60]  <-- P itself
  deg-2 place (mult 1) over Number Field with defining polynomial x^2 - 2*x - 1 over the Rational Field:
      (K.1 + 2 : K.1 : 1)

--- fiber of pi over Q = (0 : 1 : 0) through known point (1 : 0 : 0) [cusp], splits as degrees [ 1, 2 ] ---
  deg-2 place (mult 1) over Number Field with defining polynomial x^2 - x - 1 over the Rational Field:
      (K.1 : 0 : 1)
  deg-1 place (mult 1): rational point (1 : 0 : 0)  [cusp]  <-- P itself

--- fiber of pi over Q = (0 : 0 : 1) through known point (1 : 1 : 1) [CM disc -15], splits as degrees [ 1, 2 ] ---
  deg-1 place (mult 1): rational point (1 : 1 : 1)  [CM disc -15]  <-- P itself
  deg-2 place (mult 1) over Number Field with defining polynomial x^2 + 4*x + 1 over the Rational Field:
      (-K.1 : K.1 : 1)

--- fiber of pi over Q = (0 : -1 : 1) through known point (0 : 1 : 0) [CM disc -24], splits as degrees [ 1, 2 ] ---
  deg-2 place (mult 1) over Number Field with defining polynomial x^2 - x - 1 over the Rational Field:
      (1 : K.1 : 1)
  deg-1 place (mult 1): rational point (0 : 1 : 0)  [CM disc -24]  <-- P itself

--- fiber of pi over Q = (1 : 1 : 1) through known point (0 : 0 : 1) [CM disc -8], splits as degrees [ 1, 2 ] ---
  deg-1 place (mult 1): rational point (0 : 0 : 1)  [CM disc -8]  <-- P itself
  deg-2 place (mult 1) over Number Field with defining polynomial x^2 + 2*x - 2 over the Rational Field:
      (-K.1 + 2 : K.1 : 1)
rational-point-fiber status: 6 known point(s) checked

--- D = -20 (h = 2) ---
  CM point at tau = 0.429719 + 0.00898020*$.1  |-->  Q = (0 : 1 : 0)
  CM point at tau = 0.236948 + 0.00898020*$.1  |-->  Q = (0 : 1 : 0)
all disc--20 CM points map to the SAME rational point — as expected

--- fiber of pi over Q1 = (0 : 1 : 0) (image of the disc--20 CM points) ---
  deg-2 place (mult 1) over Number Field with defining polynomial x^2 - x - 1 over the Rational Field:
      (K.1 : 0 : 1)   <-- the two disc--20 CM points
  deg-1 place (mult 1): rational point (1 : 0 : 0)  [cusp]
>>> THIRD POINT in the fiber over Q = (0 : 1 : 0):
>>>     (1 : 0 : 0)   —   cusp
status: 1 rational fiber(s)

--- D = -32 (h = 1) ---
  CM point at tau = 0.405622 + 0.0113591*$.1  |-->  Q = (1 : -3 : 1)
  CM point at tau = 0.261044 + 0.0113591*$.1  |-->  Q = (1 : -3 : 1)
all disc--32 CM points map to the SAME rational point — as expected

--- fiber of pi over Q1 = (1 : -3 : 1) (image of the disc--32 CM points) ---
  deg-1 place (mult 1): rational point (2 : 2 : 1)  [CM disc -267]
  deg-2 place (mult 1) over Number Field with defining polynomial x^2 + 4*x + 2 over the Rational Field:
      (K.1 + 2 : K.1 : 1)   <-- the two disc--32 CM points
>>> THIRD POINT in the fiber over Q = (1 : -3 : 1):
>>>     (2 : 2 : 1)   —   CM disc -267
status: 1 rational fiber(s)

--- D = -35 (h = 2) ---
  CM point at tau = 0.395582 + 0.0118797*$.1  |-->  Q = (0 : -1 : 1)
  CM point at tau = 0.0622490 + 0.0118797*$.1  |-->  Q = (0 : -1 : 1)
all disc--35 CM points map to the SAME rational point — as expected

--- fiber of pi over Q1 = (0 : -1 : 1) (image of the disc--35 CM points) ---
  deg-2 place (mult 1) over Number Field with defining polynomial x^2 - x - 1 over the Rational Field:
      (1 : K.1 : 1)   <-- the two disc--35 CM points
  deg-1 place (mult 1): rational point (0 : 1 : 0)  [CM disc -24]
>>> THIRD POINT in the fiber over Q = (0 : -1 : 1):
>>>     (0 : 1 : 0)   —   CM disc -24
status: 1 rational fiber(s)

--- D = -39 (h = 4) ---
  CM point at tau = 0.283133 + 0.0125402*$.1: image NOT recognized as rational: [ -0.5000000000 - 0.8660254038*$.1, -0.5000000000 + 0.8660254038*$.1, 1.000000000 ]
  CM point at tau = -0.283133 + 0.0125402*$.1: image NOT recognized as rational: [ -0.5000000000 + 0.8660254038*$.1, -0.5000000000 - 0.8660254038*$.1, 1.000000000 ]
status: images not rational (no rational fiber)

--- D = -72 (h = 1) ---
  CM point at tau = 0.108434 + 0.0170387*$.1: image NOT recognized as rational: [ -0.5000000000 - 0.8660254038*$.1, -0.5000000000 + 0.8660254038*$.1, 1.000000000 ]
  CM point at tau = -0.108434 + 0.0170387*$.1: image NOT recognized as rational: [ -0.5000000000 + 0.8660254038*$.1, -0.5000000000 - 0.8660254038*$.1, 1.000000000 ]
status: images not rational (no rational fiber)

--- D = -96 (h = 2) ---
  CM point at tau = 0.0602410 + 0.0196746*$.1: image NOT recognized as rational: [ 0.3397459621 - 3.437612980E-161*$.1, -1.641016151 + 1.231626882E-160*$.1, 1.000000000 ]
  CM point at tau = 0.234940 + 0.00491866*$.1: image NOT recognized as rational: [ 17.66025404 + 3.401687921E-37*$.1, 67.64101615 + 1.919871425E-36*$.1, 1.000000000 ]
status: images not rational (no rational fiber)

--- D = -156 (h = 4) ---
  CM point at tau = 0.433735 + 0.0250803*$.1: image NOT recognized as rational: [ -1.500000000 + 0.8660254038*$.1, 1.500000000 + 0.8660254038*$.1, 1.000000000 ]
  CM point at tau = -0.433735 + 0.0250803*$.1: image NOT recognized as rational: [ -1.500000000 - 0.8660254038*$.1, 1.500000000 - 0.8660254038*$.1, 1.000000000 ]
status: images not rational (no rational fiber)

--- D = -168 (h = 4) ---
  CM point at tau = 0.481928 + 0.0260271*$.1: image NOT recognized as rational: [ -0.1215906273 + 1.761157969E-201*$.1, -0.1488656089 + 2.842612939E-201*$.1, 1.000000000 ]
  CM point at tau = 0.240964 + 0.0130135*$.1: image NOT recognized as rational: [ 41.12159063 - 2.277369865E-103*$.1, -288.8511344 + 2.327268998E-102*$.1, 1.000000000 ]
status: images not rational (no rational fiber)

--- D = -219 (h = 4) ---
  CM point at tau = 0.138554 + 0.0297162*$.1: image NOT recognized as rational: [ -1.500000000 - 0.8660254038*$.1, 1.500000000 - 0.8660254038*$.1, 1.000000000 ]
  CM point at tau = -0.138554 + 0.0297162*$.1: image NOT recognized as rational: [ -1.500000000 + 0.8660254038*$.1, 1.500000000 + 0.8660254038*$.1, 1.000000000 ]
status: images not rational (no rational fiber)

--- D = -228 (h = 4) ---
  CM point at tau = 0.0843374 + 0.0303206*$.1: image NOT recognized as rational: [ 0.2500000000 - 0.8660254038*$.1, -1.250000000 + 1.515544457*$.1, 1.000000000 ]
  CM point at tau = -0.0843374 + 0.0303206*$.1: image NOT recognized as rational: [ 0.2500000000 + 0.8660254038*$.1, -1.250000000 - 1.515544457*$.1, 1.000000000 ]
status: images not rational (no rational fiber)

--- D = -240 (h = 2) ---
  CM point at tau = 0.493976 + 0.0311083*$.1  |-->  Q = (0 : 0 : 1)
  CM point at tau = 0.373494 + 0.00777707*$.1  |-->  Q = (0 : 0 : 1)
all disc--240 CM points map to the SAME rational point — as expected

--- fiber of pi over Q1 = (0 : 0 : 1) (image of the disc--240 CM points) ---
  deg-1 place (mult 1): rational point (1 : 1 : 1)  [CM disc -15]
  deg-2 place (mult 1) over Number Field with defining polynomial x^2 + 4*x + 1 over the Rational Field:
      (-K.1 : K.1 : 1)   <-- the two disc--240 CM points
>>> THIRD POINT in the fiber over Q = (0 : 0 : 1):
>>>     (1 : 1 : 1)   —   CM disc -15
status: 1 rational fiber(s)

--- D = -291 (h = 4) ---
  CM point at tau = 0.259036 + 0.0342545*$.1: image NOT recognized as rational: [ 1.870671172E-199 - 3.464101615*$.1, 3.000000000 + 6.928203230*$.1, 1.000000000 ]
  CM point at tau = -0.259036 + 0.0342545*$.1: image NOT recognized as rational: [ 1.870671172E-199 + 3.464101615*$.1, 3.000000000 - 6.928203230*$.1, 1.000000000 ]
status: images not rational (no rational fiber)

--- D = -408 (h = 4) ---
  CM point at tau = 0.301205 + 0.0405602*$.1: image NOT recognized as rational: [ -1.500000000 - 0.8660254038*$.1, 1.500000000 - 0.8660254038*$.1, 1.000000000 ]
  CM point at tau = -0.301205 + 0.0405602*$.1: image NOT recognized as rational: [ -1.500000000 + 0.8660254038*$.1, 1.500000000 + 0.8660254038*$.1, 1.000000000 ]
status: images not rational (no rational fiber)

--- D = -435 (h = 4) ---
  CM point at tau = 0.403615 + 0.0418808*$.1: image NOT recognized as rational: [ -0.5000000000 + 0.8660254038*$.1, -0.5000000000 - 0.8660254038*$.1, 1.000000000 ]
  CM point at tau = -0.403615 + 0.0418808*$.1: image NOT recognized as rational: [ -0.5000000000 - 0.8660254038*$.1, -0.5000000000 + 0.8660254038*$.1, 1.000000000 ]
status: images not rational (no rational fiber)

--- D = -555 (h = 4) ---
  CM point at tau = 0.0421687 + 0.0473061*$.1: image NOT recognized as rational: [ 2.027102433 + 2.521197838E-200*$.1, -5.607050984 - 7.794040563E-200*$.1, 1.000000000 ]
  CM point at tau = 0.391566 + 0.00946122*$.1: image NOT recognized as rational: [ -0.1345404496 - 2.398524574E-76*$.1, -0.6942262509 - 1.180646277E-75*$.1, 1.000000000 ]
status: images not rational (no rational fiber)

--- D = -627 (h = 4) ---
  CM point at tau = 0.222892 + 0.0502810*$.1: image NOT recognized as rational: [ -4.500000000 - 4.974937186*$.1, 17.50000000 - 1.658312395*$.1, 1.000000000 ]
  CM point at tau = -0.222892 + 0.0502810*$.1: image NOT recognized as rational: [ -4.500000000 + 4.974937186*$.1, 17.50000000 + 1.658312395*$.1, 1.000000000 ]
status: images not rational (no rational fiber)

--- D = -1992 (h = 8) ---
  CM point at tau = 0.0896221*$.1: image NOT recognized as rational: [ 4.229162737, -12.84165566, 1.000000000 ]
  CM point at tau = 0.384615 + 0.00689401*$.1: image NOT recognized as rational: [ -0.1891627373 - 6.548770422E-55*$.1, -0.4703443355 - 2.279452359E-54*$.1, 1.000000000 ]
status: images not rational (no rational fiber)

================ SWEEP SUMMARY for X_0(249)* -> X_0(83)* ================
  D = -20: CM points |--> Q = (0 : 1 : 0); THIRD POINT (1 : 0 : 0) — cusp
  D = -32: CM points |--> Q = (1 : -3 : 1); THIRD POINT (2 : 2 : 1) — CM disc -267
  D = -35: CM points |--> Q = (0 : -1 : 1); THIRD POINT (0 : 1 : 0) — CM disc -24
  D = -240: CM points |--> Q = (0 : 0 : 1); THIRD POINT (1 : 1 : 1) — CM disc -15

#################### N = 131, p = 2 ####################
N = 131, p = 2: E = 131a1 (conductor 131), delta* = 1, expected degree 3
[BuildTripleCover] building model of X_0(262)* (eval_prec = 400, cached if available)... [cache] loaded 3000-term star forms for level 262
done (0.400 s)
[cache] loaded triple-cover map for (N=131, p=2) -> 131a1
X_0(262)* = Curve over Rational Field defined by
z[1]^2*z[3] - z[1]*z[2]^2 + z[1]*z[2]*z[4] - 4*z[1]*z[4]^2 - 2*z[2]^2*z[3] - z[2]^2*z[4] + z[2]*z[4]^2 - z[3]^3 + 6*z[4]^3,
z[1]^2*z[4] - 4*z[1]*z[4]^2 - z[2]^2*z[3] - z[2]*z[3]*z[4] + z[3]^2*z[4] - z[3]*z[4]^2 + 5*z[4]^3,
z[1]*z[2]*z[3] - z[1]*z[2]*z[4] - z[2]^3 + z[2]^2*z[4] - z[2]*z[3]^2 + z[2]*z[4]^2,
z[1]*z[3]^2 - z[1]*z[4]^2 - z[2]^2*z[3] - z[2]^2*z[4] + z[2]*z[3]*z[4] + z[2]*z[4]^2 - z[3]^3 - z[3]^2*z[4] + z[3]*z[4]^2 + z[4]^3,
z[1]*z[3]*z[4] - z[1]*z[4]^2 - z[2]^2*z[4] + z[2]*z[4]^2 - z[3]^2*z[4] + z[4]^3
E = [ 0, -1, 1, 1, 0 ] (131a1)

===== SWEEP of CM discriminants for X_0(262)* -> X_0(131)* =====
found 7 small rational points on X_0(262)* (bound 100000)
found CM point at discriminant -8
found CM point at discriminant -88
found CM point at discriminant -148
found CM point at discriminant -24
found CM point at discriminant -72
found CM point at discriminant -40

labelling the rational points:
  disc = -148 -> rats[6] -> (5 : 2 : 2 : 1) (CM)
  disc = -24 -> rats[3] -> (3 : 1 : 1 : 1) (CM)
  disc = -88 -> rats[5] -> (1 : 1 : 1 : 1) (CM)
  disc = -8 -> rats[7] -> (3 : 1 : 2 : 1) (CM)
  disc = -40 -> rats[4] -> (1 : 0 : 1 : 0) (CM)
  disc = -72 -> rats[1] -> (3/2 : 1 : 1/2 : 1) (CM)
  Cusp -> rats[2]
Labelled 7 CM+cusp, 0 exceptional

small rational points, their labels and images under pi:
  P1 = (3/2 : 1 : 1/2 : 1)  [CM disc -72]  |-->  (5/4 : 7/8 : 1)
  P2 = (1 : 0 : 0 : 0)  [cusp]  |-->  (0 : 1 : 0)
  P3 = (3 : 1 : 1 : 1)  [CM disc -24]  |-->  (0 : 0 : 1)
  P4 = (1 : 0 : 1 : 0)  [CM disc -40]  |-->  (0 : 1 : 0)
  P5 = (1 : 1 : 1 : 1)  [CM disc -88]  |-->  (2 : 2 : 1)
  P6 = (5 : 2 : 2 : 1)  [CM disc -148]  |-->  (0 : -1 : 1)
  P7 = (3 : 1 : 2 : 1)  [CM disc -8]  |-->  (2 : 2 : 1)

candidate discs (degree-2 CM points on X_0(262)*): [ -32, -56, -68, -120, -168, -228, -280, -292, -312, -328, -340, -372, -388, -520, -532, -1012 ]

--- CUSP FIBER: fiber of pi over Q = (0 : 1 : 0) (contains the cusp), splits as degrees [ 1, 1 ] ---
  deg-1 place (mult 1): rational point (1 : 0 : 0 : 0)  [cusp]  <-- the cusp
  deg-1 place (mult 2): rational point (1 : 0 : 1 : 0)  [CM disc -40]
>>> RESIDUAL POINT in the cusp fiber over Q = (0 : 1 : 0):
>>>     (1 : 0 : 1 : 0)   —   CM disc -40
>>> RESIDUAL POINT in the cusp fiber over Q = (0 : 1 : 0):
>>>     (1 : 0 : 1 : 0)   —   CM disc -40
cusp-fiber status: cusp fiber: degrees [ 1, 1 ]

--- fiber of pi over Q = (5/4 : 7/8 : 1) through known point (3/2 : 1 : 1/2 : 1) [CM disc -72], splits as degrees [ 1, 2 ] ---
  deg-1 place (mult 1): rational point (3/2 : 1 : 1/2 : 1)  [CM disc -72]  <-- P itself
  deg-2 place (mult 1) over Number Field with defining polynomial x^2 - 11/4*x + 17/8 over the Rational Field:
      (1/8*(14*K.1 - 3) : 1/4*(2*K.1 - 1) : K.1 : 1)

--- fiber of pi over Q = (0 : 1 : 0) through known point (1 : 0 : 0 : 0) [cusp], splits as degrees [ 1, 1 ] ---
  deg-1 place (mult 1): rational point (1 : 0 : 0 : 0)  [cusp]  <-- P itself
  deg-1 place (mult 2): rational point (1 : 0 : 1 : 0)  [CM disc -40]

--- fiber of pi over Q = (0 : 0 : 1) through known point (3 : 1 : 1 : 1) [CM disc -24], splits as degrees [ 1, 2 ] ---
  deg-1 place (mult 1): rational point (3 : 1 : 1 : 1)  [CM disc -24]  <-- P itself
  deg-2 place (mult 1) over Number Field with defining polynomial x^2 - x + 2 over the Rational Field:
      (1 : -1 : K.1 : 1)

--- fiber of pi over Q = (0 : 1 : 0) through known point (1 : 0 : 1 : 0) [CM disc -40], splits as degrees [ 1, 1 ] ---
  deg-1 place (mult 1): rational point (1 : 0 : 0 : 0)  [cusp]
  deg-1 place (mult 2): rational point (1 : 0 : 1 : 0)  [CM disc -40]  <-- P itself

--- fiber of pi over Q = (2 : 2 : 1) through known point (1 : 1 : 1 : 1) [CM disc -88], splits as degrees [ 1, 1 ] ---
  deg-1 place (mult 1): rational point (3 : 1 : 2 : 1)  [CM disc -8]
  deg-1 place (mult 2): rational point (1 : 1 : 1 : 1)  [CM disc -88]  <-- P itself

--- fiber of pi over Q = (0 : -1 : 1) through known point (5 : 2 : 2 : 1) [CM disc -148], splits as degrees [ 1, 2 ] ---
  deg-1 place (mult 1): rational point (5 : 2 : 2 : 1)  [CM disc -148]  <-- P itself
  deg-2 place (mult 1) over Number Field with defining polynomial x^2 + 1 over the Rational Field:
      (-K.1 + 2 : -K.1 - 1 : K.1 : 1)

--- fiber of pi over Q = (2 : 2 : 1) through known point (3 : 1 : 2 : 1) [CM disc -8], splits as degrees [ 1, 1 ] ---
  deg-1 place (mult 1): rational point (3 : 1 : 2 : 1)  [CM disc -8]  <-- P itself
  deg-1 place (mult 2): rational point (1 : 1 : 1 : 1)  [CM disc -88]
>>> PARTNER in the fiber over Q = (0 : 1 : 0) (via known point (1 : 0 : 0 : 0) [cusp]):
>>>     (1 : 0 : 1 : 0)   —   CM disc -40
>>> PARTNER in the fiber over Q = (2 : 2 : 1) (via known point (1 : 1 : 1 : 1) [CM disc -88]):
>>>     (3 : 1 : 2 : 1)   —   CM disc -8
rational-point-fiber status: 7 known point(s) checked

--- D = -32 (h = 1) ---
  CM point at tau = 0.213740 + 0.0107955*$.1: image NOT recognized as rational: [ 1.000000000 - 1.000000000*$.1, -1.000000000 + 1.000000000*$.1, 1.000000000 ]
  CM point at tau = -0.213740 + 0.0107955*$.1: image NOT recognized as rational: [ 1.000000000 + 1.000000000*$.1, -1.000000000 - 1.000000000*$.1, 1.000000000 ]
status: images not rational (no rational fiber)

--- D = -56 (h = 4) ---
  CM point at tau = 0.137405 + 0.0142811*$.1: image NOT recognized as rational: [ 0.6250000000 + 0.3307189139*$.1, 0.3125000000 + 0.1653594569*$.1, 1.000000000 ]
  CM point at tau = -0.137405 + 0.0142811*$.1: image NOT recognized as rational: [ 0.6250000000 - 0.3307189139*$.1, 0.3125000000 - 0.1653594569*$.1, 1.000000000 ]
status: images not rational (no rational fiber)

--- D = -68 (h = 4) ---
  CM point at tau = 0.385496 + 0.0157371*$.1: image NOT recognized as rational: [ 1.000000000 - 1.000000000*$.1, 3.862561457E-128 - 1.000000000*$.1, 1.000000000 ]
  CM point at tau = -0.385496 + 0.0157371*$.1: image NOT recognized as rational: [ 1.000000000 + 1.000000000*$.1, 3.862561457E-128 + 1.000000000*$.1, 1.000000000 ]
status: images not rational (no rational fiber)

--- D = -120 (h = 4) ---
  CM point at tau = 0.404580 + 0.0209054*$.1: image NOT recognized as rational: [ -0.3750000000 - 2.420614591*$.1, -4.187500000 - 1.210307296*$.1, 1.000000000 ]
  CM point at tau = -0.404580 + 0.0209054*$.1: image NOT recognized as rational: [ -0.3750000000 + 2.420614591*$.1, -4.187500000 + 1.210307296*$.1, 1.000000000 ]
status: images not rational (no rational fiber)

--- D = -168 (h = 4) ---
  CM point at tau = 0.221374 + 0.0247357*$.1: image NOT recognized as rational: [ 0.6250000000 + 0.3307189139*$.1, -1.312500000 - 0.1653594569*$.1, 1.000000000 ]
  CM point at tau = -0.221374 + 0.0247357*$.1: image NOT recognized as rational: [ 0.6250000000 - 0.3307189139*$.1, -1.312500000 + 0.1653594569*$.1, 1.000000000 ]
status: images not rational (no rational fiber)

--- D = -228 (h = 4) ---
  CM point at tau = 0.103053 + 0.0288162*$.1: image NOT recognized as rational: [ 1.000000000 - 1.000000000*$.1, -1.155860605E-199 - 1.000000000*$.1, 1.000000000 ]
  CM point at tau = -0.103053 + 0.0288162*$.1: image NOT recognized as rational: [ 1.000000000 + 1.000000000*$.1, -1.155860605E-199 + 1.000000000*$.1, 1.000000000 ]
status: images not rational (no rational fiber)

--- D = -280 (h = 4) ---
  CM point at tau = 0.160305 + 0.0319336*$.1  |-->  Q = (0 : 0 : 1)
  CM point at tau = -0.160305 + 0.0319336*$.1  |-->  Q = (0 : 0 : 1)
all disc--280 CM points map to the SAME rational point — as expected

--- fiber of pi over Q1 = (0 : 0 : 1) (image of the disc--280 CM points) ---
  deg-1 place (mult 1): rational point (3 : 1 : 1 : 1)  [CM disc -24]
  deg-2 place (mult 1) over Number Field with defining polynomial x^2 - x + 2 over the Rational Field:
      (1 : -1 : K.1 : 1)   <-- the two disc--280 CM points
>>> THIRD POINT in the fiber over Q = (0 : 0 : 1):
>>>     (3 : 1 : 1 : 1)   —   CM disc -24
status: 1 rational fiber(s)

--- D = -292 (h = 4) ---
  CM point at tau = 0.202290 + 0.0326107*$.1  |-->  Q = (0 : -1 : 1)
  CM point at tau = -0.202290 + 0.0326107*$.1  |-->  Q = (0 : -1 : 1)
all disc--292 CM points map to the SAME rational point — as expected

--- fiber of pi over Q1 = (0 : -1 : 1) (image of the disc--292 CM points) ---
  deg-1 place (mult 1): rational point (5 : 2 : 2 : 1)  [CM disc -148]
  deg-2 place (mult 1) over Number Field with defining polynomial x^2 + 1 over the Rational Field:
      (-K.1 + 2 : -K.1 - 1 : K.1 : 1)   <-- the two disc--292 CM points
>>> THIRD POINT in the fiber over Q = (0 : -1 : 1):
>>>     (5 : 2 : 2 : 1)   —   CM disc -148
status: 1 rational fiber(s)

--- D = -312 (h = 4) ---
  CM point at tau = 0.267176 + 0.0337090*$.1: image NOT recognized as rational: [ 0.5703125000 + 1.024569984*$.1, -0.7861328125 + 0.3842137441*$.1, 1.000000000 ]
  CM point at tau = -0.267176 + 0.0337090*$.1: image NOT recognized as rational: [ 0.5703125000 - 1.024569984*$.1, -0.7861328125 - 0.3842137441*$.1, 1.000000000 ]
status: images not rational (no rational fiber)

--- D = -328 (h = 4) ---
  CM point at tau = 0.473282 + 0.0345625*$.1: image NOT recognized as rational: [ 40.20937271 + 8.005375891E-199*$.1, 251.3609226 - 2.698348770E-197*$.1, 1.000000000 ]
  CM point at tau = 0.360960 + 0.00493751*$.1: image NOT recognized as rational: [ 1.790627288 - 1.138757618E-39*$.1, 1.639077370 - 3.154119260E-39*$.1, 1.000000000 ]
status: images not rational (no rational fiber)

--- D = -340 (h = 4) ---
  CM point at tau = 0.133588 + 0.0351891*$.1: image NOT recognized as rational: [ 0.4691358025 - 0.2760577750*$.1, 0.2647462277 - 0.1165577272*$.1, 1.000000000 ]
  CM point at tau = -0.133588 + 0.0351891*$.1: image NOT recognized as rational: [ 0.4691358025 + 0.2760577750*$.1, 0.2647462277 + 0.1165577272*$.1, 1.000000000 ]
status: images not rational (no rational fiber)

--- D = -372 (h = 4) ---
  CM point at tau = 0.0496183 + 0.0368078*$.1: image NOT recognized as rational: [ 0.5853276880 + 7.573854131E-200*$.1, -1.332620819 - 3.364516419E-200*$.1, 1.000000000 ]
  CM point at tau = 0.316794 + 0.0122693*$.1: image NOT recognized as rational: [ 0.9702278675 - 3.164713161E-100*$.1, 0.5918800783 + 4.799448571E-100*$.1, 1.000000000 ]
status: images not rational (no rational fiber)

--- D = -388 (h = 4) ---
  CM point at tau = 0.293893 + 0.0375910*$.1: image NOT recognized as rational: [ 1.000000000 + 1.000000000*$.1, 1.451208145E-201 + 1.000000000*$.1, 1.000000000 ]
  CM point at tau = -0.293893 + 0.0375910*$.1: image NOT recognized as rational: [ 1.000000000 - 1.000000000*$.1, 1.451208145E-201 - 1.000000000*$.1, 1.000000000 ]
status: images not rational (no rational fiber)

--- D = -520 (h = 4) ---
  CM point at tau = 0.496183 + 0.0435181*$.1: image NOT recognized as rational: [ 25.71060440 - 8.576914081E-197*$.1, 127.4083242 - 6.236782400E-197*$.1, 1.000000000 ]
  CM point at tau = 0.0992366 + 0.00870363*$.1: image NOT recognized as rational: [ 3.539395596 - 2.619604155E-70*$.1, 5.466675778 - 3.007911690E-69*$.1, 1.000000000 ]
status: images not rational (no rational fiber)

--- D = -532 (h = 4) ---
  CM point at tau = 0.393130 + 0.0440174*$.1: image NOT recognized as rational: [ 3.000000000 - 2.645751311*$.1, 2.500000000 - 6.614378278*$.1, 1.000000000 ]
  CM point at tau = -0.393130 + 0.0440174*$.1: image NOT recognized as rational: [ 3.000000000 + 2.645751311*$.1, 2.500000000 + 6.614378278*$.1, 1.000000000 ]
status: images not rational (no rational fiber)

--- D = -1012 (h = 4) ---
  CM point at tau = 0.0114504 + 0.0607098*$.1: image NOT recognized as rational: [ 1.750000000 - 3.927041508E-199*$.1, -2.572890494 + 1.303447949E-199*$.1, 1.000000000 ]
  CM point at tau = 0.362596 + 0.00551908*$.1: image NOT recognized as rational: [ 1.750000000 - 2.507580387E-44*$.1, 1.572890494 - 9.121671964E-44*$.1, 1.000000000 ]
status: images not rational (no rational fiber)

================ SWEEP SUMMARY for X_0(262)* -> X_0(131)* ================
  CUSP fiber |--> Q = (0 : 1 : 0); RESIDUAL POINT (1 : 0 : 1 : 0) — CM disc -40
  CUSP fiber |--> Q = (0 : 1 : 0); RESIDUAL POINT (1 : 0 : 1 : 0) — CM disc -40
  RATIONAL-POINT fiber |--> Q = (0 : 1 : 0); RESIDUAL POINT (1 : 0 : 1 : 0) — CM disc -40  (partner of known point (1 : 0 : 0 : 0) [cusp])
  RATIONAL-POINT fiber |--> Q = (2 : 2 : 1); RESIDUAL POINT (3 : 1 : 2 : 1) — CM disc -8  (partner of known point (1 : 1 : 1 : 1) [CM disc -88])
  D = -280: CM points |--> Q = (0 : 0 : 1); THIRD POINT (3 : 1 : 1 : 1) — CM disc -24
  D = -292: CM points |--> Q = (0 : -1 : 1); THIRD POINT (5 : 2 : 2 : 1) — CM disc -148

#################### N = 89, p = 3 ####################
N = 89, p = 3: E = 89a1 (conductor 89), delta* = 1, expected degree 3
[BuildTripleCover] building model of X_0(267)* (eval_prec = 400, cached if available)... [cache] loaded 3000-term star forms for level 267
done (0.370 s)
[cache] loaded triple-cover map for (N=89, p=3) -> 89a1
X_0(267)* = Curve over Rational Field defined by
z[1]^2*z[3] - z[1]*z[2]^2 + z[1]*z[2]*z[4] - 3*z[1]*z[4]^2 - 2*z[2]^2*z[4] + 2*z[2]*z[3]*z[4] + 2*z[2]*z[4]^2 - 3*z[3]^2*z[4],
z[1]^2*z[4] - z[1]*z[2]*z[4] - z[1]*z[4]^2 - z[2]^3 + 2*z[2]^2*z[3] + z[2]^2*z[4] - 2*z[2]*z[3]^2 - 2*z[2]*z[3]*z[4] + z[3]^3 + 2*z[3]*z[4]^2,
z[1]*z[2]*z[3] - z[1]*z[2]*z[4] - z[2]^3 + z[2]^2*z[3] + z[2]^2*z[4] - z[2]*z[3]^2 - z[2]*z[3]*z[4],
z[1]*z[3]^2 - z[1]*z[4]^2 - z[2]^2*z[3] - z[2]^2*z[4] + z[2]*z[3]^2 + 2*z[2]*z[3]*z[4] + z[2]*z[4]^2 - z[3]^3 - 2*z[3]^2*z[4] - z[3]*z[4]^2,
z[1]*z[3]*z[4] - z[1]*z[4]^2 - z[2]^2*z[4] + z[2]*z[3]*z[4] + z[2]*z[4]^2 - z[3]^2*z[4] - z[3]*z[4]^2
E = [ 1, 1, 1, -1, 0 ] (89a1)

===== SWEEP of CM discriminants for X_0(267)* -> X_0(89)* =====
found 5 small rational points on X_0(267)* (bound 100000)
found CM point at discriminant -8
found CM point at discriminant -11
found CM point at discriminant -267
found CM point at discriminant -123

labelling the rational points:
  disc = -267 -> rats[5] -> (-1/2 : 19/14 : -3/14 : 1) (CM)
  disc = -123 -> rats[3] -> (0 : 1 : 0 : 1) (CM)
  disc = -11 -> rats[2] -> (0 : 0 : 0 : 1) (CM)
  disc = -8 -> rats[4] -> (1 : 1 : 1 : 0) (CM)
  Cusp -> rats[1]
Labelled 5 CM+cusp, 0 exceptional

small rational points, their labels and images under pi:
  P1 = (1 : 0 : 0 : 0)  [cusp]  |-->  (0 : 1 : 0)
  P2 = (0 : 0 : 0 : 1)  [CM disc -11]  |-->  (-1 : 1 : 1)
  P3 = (0 : 1 : 0 : 1)  [CM disc -123]  |-->  (0 : 0 : 1)
  P4 = (1 : 1 : 1 : 0)  [CM disc -8]  |-->  (-1 : -1 : 1)
  P5 = (-1/2 : 19/14 : -3/14 : 1)  [CM disc -267]  |-->  (15/49 : -55/343 : 1)

candidate discs (degree-2 CM points on X_0(267)*): [ -20, -32, -36, -39, -72, -84, -99, -156, -168, -195, -228, -312, -372, -435, -555, -627, -708, -723 ]

--- CUSP FIBER: fiber of pi over Q = (0 : 1 : 0) (contains the cusp), splits as degrees [ 1, 2 ] ---
  deg-1 place (mult 1): rational point (1 : 0 : 0 : 0)  [cusp]  <-- the cusp
  deg-2 place (mult 1) over Number Field with defining polynomial x^2 + 4/3*x + 16/9 over the Rational Field:
      (0 : 1/4*(3*K.1 + 4) : 1 : 0)
cusp-fiber status: cusp fiber: degrees [ 1, 2 ]

--- fiber of pi over Q = (0 : 1 : 0) through known point (1 : 0 : 0 : 0) [cusp], splits as degrees [ 1, 2 ] ---
  deg-1 place (mult 1): rational point (1 : 0 : 0 : 0)  [cusp]  <-- P itself
  deg-2 place (mult 1) over Number Field with defining polynomial x^2 + 4/3*x + 16/9 over the Rational Field:
      (0 : 1/4*(3*K.1 + 4) : 1 : 0)

--- fiber of pi over Q = (-1 : 1 : 1) through known point (0 : 0 : 0 : 1) [CM disc -11], splits as degrees [ 1, 2 ] ---
  deg-1 place (mult 1): rational point (0 : 0 : 0 : 1)  [CM disc -11]  <-- P itself
  deg-2 place (mult 1) over Number Field with defining polynomial x^2 - x + 1/2 over the Rational Field:
      (-K.1 + 2 : -K.1 + 1 : K.1 : 1)

--- fiber of pi over Q = (0 : 0 : 1) through known point (0 : 1 : 0 : 1) [CM disc -123], splits as degrees [ 1, 2 ] ---
  deg-1 place (mult 1): rational point (0 : 1 : 0 : 1)  [CM disc -123]  <-- P itself
  deg-2 place (mult 1) over Number Field with defining polynomial x^2 - 2*x + 2 over the Rational Field:
      (2 : 1 : K.1 : 1)

--- fiber of pi over Q = (-1 : -1 : 1) through known point (1 : 1 : 1 : 0) [CM disc -8], splits as degrees [ 1, 2 ] ---
  deg-2 place (mult 1) over Number Field with defining polynomial x^2 + 1/2*x + 1 over the Rational Field:
      (K.1 + 2 : -K.1 : K.1 : 1)
  deg-1 place (mult 1): rational point (1 : 1 : 1 : 0)  [CM disc -8]  <-- P itself

--- fiber of pi over Q = (15/49 : -55/343 : 1) through known point (-1/2 : 19/14 : -3/14 : 1) [CM disc -267], splits as degrees [ 1, 2 ] ---
  deg-1 place (mult 1): rational point (-1/2 : 19/14 : -3/14 : 1)  [CM disc -267]  <-- P itself
  deg-2 place (mult 1) over Number Field with defining polynomial x^2 - 223/112*x + 1235/392 over the Rational Field:
      (1/343*(119*K.1 + 590) : 1/147*(35*K.1 + 92) : K.1 : 1)
rational-point-fiber status: 5 known point(s) checked

--- D = -20 (h = 2) ---
  CM point at tau = 0.419476 + 0.00837478*$.1  |-->  Q = (0 : 0 : 1)
  CM point at tau = 0.0861423 + 0.00837478*$.1  |-->  Q = (0 : 0 : 1)
all disc--20 CM points map to the SAME rational point — as expected

--- fiber of pi over Q1 = (0 : 0 : 1) (image of the disc--20 CM points) ---
  deg-1 place (mult 1): rational point (0 : 1 : 0 : 1)  [CM disc -123]
  deg-2 place (mult 1) over Number Field with defining polynomial x^2 - 2*x + 2 over the Rational Field:
      (2 : 1 : K.1 : 1)   <-- the two disc--20 CM points
>>> THIRD POINT in the fiber over Q = (0 : 0 : 1):
>>>     (0 : 1 : 0 : 1)   —   CM disc -123
status: 1 rational fiber(s)

--- D = -32 (h = 1) ---
  CM point at tau = 0.367041 + 0.0105934*$.1  |-->  Q = (-1 : 1 : 1)
  CM point at tau = -0.299625 + 0.0105934*$.1  |-->  Q = (-1 : 1 : 1)
all disc--32 CM points map to the SAME rational point — as expected

--- fiber of pi over Q1 = (-1 : 1 : 1) (image of the disc--32 CM points) ---
  deg-1 place (mult 1): rational point (0 : 0 : 0 : 1)  [CM disc -11]
  deg-2 place (mult 1) over Number Field with defining polynomial x^2 - x + 1/2 over the Rational Field:
      (-K.1 + 2 : -K.1 + 1 : K.1 : 1)   <-- the two disc--32 CM points
>>> THIRD POINT in the fiber over Q = (-1 : 1 : 1):
>>>     (0 : 0 : 0 : 1)   —   CM disc -11
status: 1 rational fiber(s)

--- D = -36 (h = 1) ---
  CM point at tau = 0.382022 + 0.0112360*$.1: image NOT recognized as rational: [ -1.500000000 + 0.8660254038*$.1, 2.000000000 - 2.744251960E-91*$.1, 1.000000000 ]
  CM point at tau = -0.382022 + 0.0112360*$.1: image NOT recognized as rational: [ -1.500000000 - 0.8660254038*$.1, 2.000000000 + 2.744251960E-91*$.1, 1.000000000 ]
status: images not rational (no rational fiber)

--- D = -39 (h = 4) ---
  CM point at tau = 0.432584 + 0.0116948*$.1: image NOT recognized as rational: [ 0.5000000000 - 0.8660254038*$.1, -1.000000000 + 1.732050808*$.1, 1.000000000 ]
  CM point at tau = -0.432584 + 0.0116948*$.1: image NOT recognized as rational: [ 0.5000000000 + 0.8660254038*$.1, -1.000000000 - 1.732050808*$.1, 1.000000000 ]
status: images not rational (no rational fiber)

--- D = -72 (h = 1) ---
  CM point at tau = 0.449438 + 0.0158900*$.1: image NOT recognized as rational: [ 0.5000000000 + 0.8660254038*$.1, -1.000000000 - 1.732050808*$.1, 1.000000000 ]
  CM point at tau = -0.449438 + 0.0158900*$.1: image NOT recognized as rational: [ 0.5000000000 - 0.8660254038*$.1, -1.000000000 + 1.732050808*$.1, 1.000000000 ]
status: images not rational (no rational fiber)

--- D = -84 (h = 4) ---
  CM point at tau = 0.202247 + 0.0171632*$.1  |-->  Q = (0 : 1 : 0)
  CM point at tau = -0.202247 + 0.0171632*$.1  |-->  Q = (0 : 1 : 0)
all disc--84 CM points map to the SAME rational point — as expected

--- fiber of pi over Q1 = (0 : 1 : 0) (image of the disc--84 CM points) ---
  deg-1 place (mult 1): rational point (1 : 0 : 0 : 0)  [cusp]
  deg-2 place (mult 1) over Number Field with defining polynomial x^2 + 4/3*x + 16/9 over the Rational Field:
      (0 : 1/4*(3*K.1 + 4) : 1 : 0)   <-- the two disc--84 CM points
>>> THIRD POINT in the fiber over Q = (0 : 1 : 0):
>>>     (1 : 0 : 0 : 0)   —   cusp
status: 1 rational fiber(s)

--- D = -99 (h = 1) ---
  CM point at tau = 0.410112 + 0.0186327*$.1: image NOT recognized as rational: [ 0.5000000000 - 0.8660254038*$.1, -0.5000000000 - 0.8660254038*$.1, 1.000000000 ]
  CM point at tau = -0.410112 + 0.0186327*$.1: image NOT recognized as rational: [ 0.5000000000 + 0.8660254038*$.1, -0.5000000000 + 0.8660254038*$.1, 1.000000000 ]
status: images not rational (no rational fiber)

--- D = -156 (h = 4) ---
  CM point at tau = 0.134831 + 0.0233895*$.1: image NOT recognized as rational: [ -1.500000000 - 0.8660254038*$.1, 2.000000000 + 2.564872530E-190*$.1, 1.000000000 ]
  CM point at tau = -0.134831 + 0.0233895*$.1: image NOT recognized as rational: [ -1.500000000 + 0.8660254038*$.1, 2.000000000 - 2.564872530E-190*$.1, 1.000000000 ]
status: images not rational (no rational fiber)

--- D = -168 (h = 4) ---
  CM point at tau = 0.0561798 + 0.0242724*$.1: image NOT recognized as rational: [ 0.6978219619 + 1.321455481E-196*$.1, -1.770643924 + 7.970790129E-197*$.1, 1.000000000 ]
  CM point at tau = 0.471910 + 0.0121362*$.1: image NOT recognized as rational: [ -0.4478219619 - 7.540089396E-100*$.1, 0.5206439237 + 4.167530352E-100*$.1, 1.000000000 ]
status: images not rational (no rational fiber)

--- D = -195 (h = 4) ---
  CM point at tau = 0.219101 + 0.0261503*$.1: image NOT recognized as rational: [ 1.500000000 - 5.809475019*$.1, 3.500000000 + 17.42842506*$.1, 1.000000000 ]
  CM point at tau = -0.219101 + 0.0261503*$.1: image NOT recognized as rational: [ 1.500000000 + 5.809475019*$.1, 3.500000000 - 17.42842506*$.1, 1.000000000 ]
status: images not rational (no rational fiber)

--- D = -228 (h = 4) ---
  CM point at tau = 0.292135 + 0.0282765*$.1: image NOT recognized as rational: [ -1.500000000 - 0.8660254038*$.1, 2.000000000 + 1.322903933E-199*$.1, 1.000000000 ]
  CM point at tau = -0.292135 + 0.0282765*$.1: image NOT recognized as rational: [ -1.500000000 + 0.8660254038*$.1, 2.000000000 - 1.322903933E-199*$.1, 1.000000000 ]
status: images not rational (no rational fiber)

--- D = -312 (h = 4) ---
  CM point at tau = 0.370787 + 0.0330778*$.1: image NOT recognized as rational: [ -1.666666667 + 2.122345359E-201*$.1, 0.3333333333 - 0.2721655270*$.1, 1.000000000 ]
  CM point at tau = -0.370787 + 0.0330778*$.1: image NOT recognized as rational: [ -1.666666667 - 2.122345359E-201*$.1, 0.3333333333 + 0.2721655270*$.1, 1.000000000 ]
status: images not rational (no rational fiber)

--- D = -372 (h = 4) ---
  CM point at tau = 0.0786517 + 0.0361186*$.1: image NOT recognized as rational: [ 0.5000000000 - 0.8660254038*$.1, -1.000000000 + 1.732050808*$.1, 1.000000000 ]
  CM point at tau = -0.0786517 + 0.0361186*$.1: image NOT recognized as rational: [ 0.5000000000 + 0.8660254038*$.1, -1.000000000 - 1.732050808*$.1, 1.000000000 ]
status: images not rational (no rational fiber)

--- D = -435 (h = 4) ---
  CM point at tau = 0.443820 + 0.0390574*$.1: image NOT recognized as rational: [ -0.6000000000 + 0.2000000000*$.1, -0.05000000000 - 0.6500000000*$.1, 1.000000000 ]
  CM point at tau = -0.443820 + 0.0390574*$.1: image NOT recognized as rational: [ -0.6000000000 - 0.2000000000*$.1, -0.05000000000 + 0.6500000000*$.1, 1.000000000 ]
status: images not rational (no rational fiber)

--- D = -555 (h = 4) ---
  CM point at tau = 0.398876 + 0.0441169*$.1  |-->  Q = (-1 : -1 : 1)
  CM point at tau = -0.398876 + 0.0441169*$.1  |-->  Q = (-1 : -1 : 1)
all disc--555 CM points map to the SAME rational point — as expected

--- fiber of pi over Q1 = (-1 : -1 : 1) (image of the disc--555 CM points) ---
  deg-2 place (mult 1) over Number Field with defining polynomial x^2 + 1/2*x + 1 over the Rational Field:
      (K.1 + 2 : -K.1 : K.1 : 1)   <-- the two disc--555 CM points
  deg-1 place (mult 1): rational point (1 : 1 : 1 : 0)  [CM disc -8]
>>> THIRD POINT in the fiber over Q = (-1 : -1 : 1):
>>>     (1 : 1 : 1 : 0)   —   CM disc -8
status: 1 rational fiber(s)

--- D = -627 (h = 4) ---
  CM point at tau = 0.0393258 + 0.0468913*$.1: image NOT recognized as rational: [ 2.091639073 + 2.710172078E-199*$.1, -5.263842899 + 1.604395436E-198*$.1, 1.000000000 ]
  CM point at tau = 0.185393 + 0.00426285*$.1: image NOT recognized as rational: [ -0.4249724059 + 1.476744246E-33*$.1, -1.069490435 + 1.514122199E-33*$.1, 1.000000000 ]
status: images not rational (no rational fiber)

--- D = -708 (h = 4) ---
  CM point at tau = 0.337079 + 0.0498282*$.1: image NOT recognized as rational: [ -2.250000000 + 4.969971442E-200*$.1, 0.6250000000 - 1.920286437*$.1, 1.000000000 ]
  CM point at tau = -0.337079 + 0.0498282*$.1: image NOT recognized as rational: [ -2.250000000 - 4.969971442E-200*$.1, 0.6250000000 + 1.920286437*$.1, 1.000000000 ]
status: images not rational (no rational fiber)

--- D = -723 (h = 4) ---
  CM point at tau = 0.196629 + 0.0503533*$.1: image NOT recognized as rational: [ -4.500000000 - 4.330127019*$.1, 15.50000000 - 2.598076211*$.1, 1.000000000 ]
  CM point at tau = -0.196629 + 0.0503533*$.1: image NOT recognized as rational: [ -4.500000000 + 4.330127019*$.1, 15.50000000 + 2.598076211*$.1, 1.000000000 ]
status: images not rational (no rational fiber)

================ SWEEP SUMMARY for X_0(267)* -> X_0(89)* ================
  D = -20: CM points |--> Q = (0 : 0 : 1); THIRD POINT (0 : 1 : 0 : 1) — CM disc -123
  D = -32: CM points |--> Q = (-1 : 1 : 1); THIRD POINT (0 : 0 : 0 : 1) — CM disc -11
  D = -84: CM points |--> Q = (0 : 1 : 0); THIRD POINT (1 : 0 : 0 : 0) — cusp
  D = -555: CM points |--> Q = (-1 : -1 : 1); THIRD POINT (1 : 1 : 1 : 0) — CM disc -8

#################### N = 141, p = 2 ####################
N = 141, p = 2: E = 141d1 (conductor 141), delta* = 1, expected degree 3
[BuildTripleCover] building model of X_0(282)* (eval_prec = 400, cached if available)... [cache] loaded 3000-term star forms for level 282
done (0.930 s)
[cache] loaded triple-cover map for (N=141, p=2) -> 141d1
X_0(282)* = Curve over Rational Field defined by
z[1]^3*z[3] - 2*z[1]^2*z[3]^2 + z[1]*z[2]^2*z[3] - 3*z[1]*z[2]*z[3]^2 - z[1]*z[3]^3 - z[2]^4 + 2*z[2]^2*z[3]^2 + 3*z[2]*z[3]^3 + 2*z[3]^4
E = [ 0, -1, 1, -1, 0 ] (141d1)

===== SWEEP of CM discriminants for X_0(282)* -> X_0(141)* =====
found 9 small rational points on X_0(282)* (bound 100000)
found CM point at discriminant -15
found CM point at discriminant -60
found CM point at discriminant -20
found CM point at discriminant -228
found CM point at discriminant -372
found CM point at discriminant -312
found CM point at discriminant -120
found CM point at discriminant -132

labelling the rational points:
  disc = -60 -> rats[6] -> (2 : 1 : 1) (CM)
  disc = -120 -> rats[3] -> (-1 : 0 : 1) (CM)
  disc = -132 -> rats[1] -> (2 : 0 : 1) (CM)
  disc = -15 -> rats[8] -> (0 : -1 : 1) (CM)
  disc = -372 -> rats[4] -> (-1 : 2 : 1) (CM)
  disc = -20 -> rats[5] -> (1 : 0 : 1) (CM)
  disc = -228 -> rats[7] -> (3 : 2 : 1) (CM)
  disc = -312 -> rats[2] -> (0 : 2 : 1) (CM)
  Cusp -> rats[9]
Labelled 9 CM+cusp, 0 exceptional

small rational points, their labels and images under pi:
  P1 = (2 : 0 : 1)  [CM disc -132]  |-->  (0 : -1 : 1)
  P2 = (0 : 2 : 1)  [CM disc -312]  |-->  (2 : 1 : 1)
  P3 = (-1 : 0 : 1)  [CM disc -120]  |-->  (2 : 1 : 1)
  P4 = (-1 : 2 : 1)  [CM disc -372]  |-->  (22/9 : 55/27 : 1)
  P5 = (1 : 0 : 1)  [CM disc -20]  |-->  (0 : -1 : 1)
  P6 = (2 : 1 : 1)  [CM disc -60]  |-->  (0 : 0 : 1)
  P7 = (3 : 2 : 1)  [CM disc -228]  |-->  (2 : 1 : 1)
  P8 = (0 : -1 : 1)  [CM disc -15]  |-->  (2 : -2 : 1)
  P9 = (1 : 0 : 0)  [cusp]  |-->  (0 : 1 : 0)

candidate discs (degree-2 CM points on X_0(282)*): [ -39, -156, -180, -240, -264, -276, -420, -456, -552, -564, -840, -1032, -1092, -1128, -1752, -1848 ]

--- CUSP FIBER: fiber of pi over Q = (0 : 1 : 0) (contains the cusp), splits as degrees [ 1, 2 ] ---
  deg-2 place (mult 1) over Number Field with defining polynomial x^2 + x - 3 over the Rational Field:
      (2 : K.1 : 1)
  deg-1 place (mult 1): rational point (1 : 0 : 0)  [cusp]  <-- the cusp
cusp-fiber status: cusp fiber: degrees [ 1, 2 ]

--- fiber of pi over Q = (0 : -1 : 1) through known point (2 : 0 : 1) [CM disc -132], splits as degrees [ 1, 1 ] ---
  deg-1 place (mult 1): rational point (2 : 0 : 1)  [CM disc -132]  <-- P itself
  deg-1 place (mult 2): rational point (1 : 0 : 1)  [CM disc -20]

--- fiber of pi over Q = (2 : 1 : 1) through known point (0 : 2 : 1) [CM disc -312], splits as degrees [ 1, 1, 1 ] ---
  deg-1 place (mult 1): rational point (3 : 2 : 1)  [CM disc -228]
  deg-1 place (mult 1): rational point (0 : 2 : 1)  [CM disc -312]  <-- P itself
  deg-1 place (mult 1): rational point (-1 : 0 : 1)  [CM disc -120]

--- fiber of pi over Q = (2 : 1 : 1) through known point (-1 : 0 : 1) [CM disc -120], splits as degrees [ 1, 1, 1 ] ---
  deg-1 place (mult 1): rational point (3 : 2 : 1)  [CM disc -228]
  deg-1 place (mult 1): rational point (0 : 2 : 1)  [CM disc -312]
  deg-1 place (mult 1): rational point (-1 : 0 : 1)  [CM disc -120]  <-- P itself

--- fiber of pi over Q = (22/9 : 55/27 : 1) through known point (-1 : 2 : 1) [CM disc -372], splits as degrees [ 1, 2 ] ---
  deg-1 place (mult 1): rational point (-1 : 2 : 1)  [CM disc -372]  <-- P itself
  deg-2 place (mult 1) over Number Field with defining polynomial x^2 - 62/27*x + 8/9 over the Rational Field:
      (1/6*(19*K.1 - 18) : K.1 : 1)

--- fiber of pi over Q = (0 : -1 : 1) through known point (1 : 0 : 1) [CM disc -20], splits as degrees [ 1, 1 ] ---
  deg-1 place (mult 1): rational point (2 : 0 : 1)  [CM disc -132]
  deg-1 place (mult 2): rational point (1 : 0 : 1)  [CM disc -20]  <-- P itself

--- fiber of pi over Q = (0 : 0 : 1) through known point (2 : 1 : 1) [CM disc -60], splits as degrees [ 1, 2 ] ---
  deg-1 place (mult 1): rational point (2 : 1 : 1)  [CM disc -60]  <-- P itself
  deg-2 place (mult 1) over Number Field with defining polynomial x^2 + 2*x + 3 over the Rational Field:
      (-1 : K.1 : 1)

--- fiber of pi over Q = (2 : 1 : 1) through known point (3 : 2 : 1) [CM disc -228], splits as degrees [ 1, 1, 1 ] ---
  deg-1 place (mult 1): rational point (3 : 2 : 1)  [CM disc -228]  <-- P itself
  deg-1 place (mult 1): rational point (0 : 2 : 1)  [CM disc -312]
  deg-1 place (mult 1): rational point (-1 : 0 : 1)  [CM disc -120]

--- fiber of pi over Q = (2 : -2 : 1) through known point (0 : -1 : 1) [CM disc -15], splits as degrees [ 1, 2 ] ---
  deg-1 place (mult 1): rational point (0 : -1 : 1)  [CM disc -15]  <-- P itself
  deg-2 place (mult 1) over Number Field with defining polynomial x^2 - 8*x + 9 over the Rational Field:
      (2*K.1 - 1 : K.1 : 1)

--- fiber of pi over Q = (0 : 1 : 0) through known point (1 : 0 : 0) [cusp], splits as degrees [ 1, 2 ] ---
  deg-2 place (mult 1) over Number Field with defining polynomial x^2 + x - 3 over the Rational Field:
      (2 : K.1 : 1)
  deg-1 place (mult 1): rational point (1 : 0 : 0)  [cusp]  <-- P itself
>>> PARTNER in the fiber over Q = (0 : -1 : 1) (via known point (2 : 0 : 1) [CM disc -132]):
>>>     (1 : 0 : 1)   —   CM disc -20
>>> PARTNER in the fiber over Q = (2 : 1 : 1) (via known point (0 : 2 : 1) [CM disc -312]):
>>>     (3 : 2 : 1)   —   CM disc -228
>>> PARTNER in the fiber over Q = (2 : 1 : 1) (via known point (0 : 2 : 1) [CM disc -312]):
>>>     (-1 : 0 : 1)   —   CM disc -120
>>> PARTNER in the fiber over Q = (2 : 1 : 1) (via known point (-1 : 0 : 1) [CM disc -120]):
>>>     (3 : 2 : 1)   —   CM disc -228
rational-point-fiber status: 9 known point(s) checked

--- D = -39 (h = 4) ---
  CM point at tau = 0.441489 + 0.0110727*$.1  |-->  Q = (0 : 1 : 0)
  CM point at tau = 0.0585107 + 0.0110727*$.1  |-->  Q = (0 : 1 : 0)
all disc--39 CM points map to the SAME rational point — as expected

--- fiber of pi over Q1 = (0 : 1 : 0) (image of the disc--39 CM points) ---
  deg-2 place (mult 1) over Number Field with defining polynomial x^2 + x - 3 over the Rational Field:
      (2 : K.1 : 1)   <-- the two disc--39 CM points
  deg-1 place (mult 1): rational point (1 : 0 : 0)  [cusp]
>>> THIRD POINT in the fiber over Q = (0 : 1 : 0):
>>>     (1 : 0 : 0)   —   cusp
status: 1 rational fiber(s)

--- D = -156 (h = 4) ---
  CM point at tau = 0.117021 + 0.0221454*$.1: image NOT recognized as rational: [ -0.7213173923 + 0.8414819741*$.1, -0.5000000000 - 0.2165063509*$.1, 1.000000000 ]
  CM point at tau = -0.117021 + 0.0221454*$.1: image NOT recognized as rational: [ -0.7213173923 - 0.8414819741*$.1, -0.5000000000 + 0.2165063509*$.1, 1.000000000 ]
status: images not rational (no rational fiber)

--- D = -180 (h = 2) ---
  CM point at tau = 0.308511 + 0.0237879*$.1: image NOT recognized as rational: [ 1.607695155 - 1.993454428E-194*$.1, -0.03847577293 + 3.968671089E-194*$.1, 1.000000000 ]
  CM point at tau = 0.138298 + 0.00475759*$.1: image NOT recognized as rational: [ 22.39230485 - 2.398791783E-36*$.1, -103.9615242 - 6.525926669E-35*$.1, 1.000000000 ]
status: images not rational (no rational fiber)

--- D = -240 (h = 2) ---
  CM point at tau = 0.468085 + 0.0274680*$.1: image NOT recognized as rational: [ 38.05255888 - 3.020562687E-198*$.1, 231.0474041 + 1.284327306E-197*$.1, 1.000000000 ]
  CM point at tau = 0.106383 + 0.00549360*$.1: image NOT recognized as rational: [ -0.05255888326 + 7.768636052E-46*$.1, -1.047404107 + 4.312161591E-46*$.1, 1.000000000 ]
status: images not rational (no rational fiber)

--- D = -264 (h = 8) ---
  CM point at tau = 0.212766 + 0.0288087*$.1: image NOT recognized as rational: [ -0.4444444444 - 0.1571348403*$.1, -1.185185185 + 0.05237828009*$.1, 1.000000000 ]
  CM point at tau = -0.212766 + 0.0288087*$.1: image NOT recognized as rational: [ -0.4444444444 + 0.1571348403*$.1, -1.185185185 - 0.05237828009*$.1, 1.000000000 ]
status: images not rational (no rational fiber)

--- D = -276 (h = 8) ---
  CM point at tau = 0.351064 + 0.0294561*$.1: image NOT recognized as rational: [ 2.732050808 + 2.949417717E-200*$.1, 2.732050808 + 7.255144082E-200*$.1, 1.000000000 ]
  CM point at tau = 0.270213 + 0.00589123*$.1: image NOT recognized as rational: [ -0.7320508076 - 2.543627961E-47*$.1, -0.7320508076 + 1.313776585E-49*$.1, 1.000000000 ]
status: images not rational (no rational fiber)

--- D = -420 (h = 8) ---
  CM point at tau = 0.478724 + 0.0363367*$.1: image NOT recognized as rational: [ 26.22875655 + 6.136633295E-199*$.1, 131.1437828 + 2.213706655E-197*$.1, 1.000000000 ]
  CM point at tau = 0.0957447 + 0.00726734*$.1: image NOT recognized as rational: [ -0.2287565553 - 7.479106508E-60*$.1, -1.143782777 - 1.818095612E-60*$.1, 1.000000000 ]
status: images not rational (no rational fiber)

--- D = -456 (h = 8) ---
  CM point at tau = 0.127660 + 0.0378620*$.1  |-->  Q = (0 : 0 : 1)
  CM point at tau = -0.127660 + 0.0378620*$.1  |-->  Q = (0 : 0 : 1)
all disc--456 CM points map to the SAME rational point — as expected

--- fiber of pi over Q1 = (0 : 0 : 1) (image of the disc--456 CM points) ---
  deg-1 place (mult 1): rational point (2 : 1 : 1)  [CM disc -60]
  deg-2 place (mult 1) over Number Field with defining polynomial x^2 + 2*x + 3 over the Rational Field:
      (-1 : K.1 : 1)   <-- the two disc--456 CM points
>>> THIRD POINT in the fiber over Q = (0 : 0 : 1):
>>>     (2 : 1 : 1)   —   CM disc -60
status: 1 rational fiber(s)

--- D = -552 (h = 8) ---
  CM point at tau = 0.0425532 + 0.0416572*$.1: image NOT recognized as rational: [ 1.550510257 + 2.186648927E-200*$.1, -0.6515307716 - 2.610183244E-200*$.1, 1.000000000 ]
  CM point at tau = 0.434650 + 0.00595103*$.1: image NOT recognized as rational: [ 6.449489743 - 1.300705284E-46*$.1, -15.34846923 - 1.324187300E-46*$.1, 1.000000000 ]
status: images not rational (no rational fiber)

--- D = -564 (h = 8) ---
  CM point at tau = 0.500000 + 0.0421076*$.1: image NOT recognized as rational: [ 22.39230485 - 4.072315634E-396*$.1, 102.9615242 - 8.518692687E-395*$.1, 1.000000000 ]
  CM point at tau = 0.300000 + 0.00842153*$.1: image NOT recognized as rational: [ 1.607695155 + 3.569955008E-67*$.1, -0.9615242271 + 8.292551125E-66*$.1, 1.000000000 ]
status: images not rational (no rational fiber)

--- D = -840 (h = 8) ---
  CM point at tau = 0.148936 + 0.0513878*$.1: image NOT recognized as rational: [ -0.4444444444 - 0.1571348403*$.1, 0.1851851852 - 0.05237828009*$.1, 1.000000000 ]
  CM point at tau = -0.148936 + 0.0513878*$.1: image NOT recognized as rational: [ -0.4444444444 + 0.1571348403*$.1, 0.1851851852 + 0.05237828009*$.1, 1.000000000 ]
status: images not rational (no rational fiber)

--- D = -1032 (h = 8) ---
  CM point at tau = 0.404255 + 0.0569588*$.1: image NOT recognized as rational: [ 6.000000000 - 4.242640687*$.1, 10.00000000 - 15.55634919*$.1, 1.000000000 ]
  CM point at tau = -0.404255 + 0.0569588*$.1: image NOT recognized as rational: [ 6.000000000 + 4.242640687*$.1, 10.00000000 + 15.55634919*$.1, 1.000000000 ]
status: images not rational (no rational fiber)

--- D = -1092 (h = 8) ---
  CM point at tau = 0.0106383 + 0.0585912*$.1  |-->  Q = (2 : -2 : 1)
  CM point at tau = 0.287234 + 0.00837016*$.1  |-->  Q = (2 : -2 : 1)
all disc--1092 CM points map to the SAME rational point — as expected

--- fiber of pi over Q1 = (2 : -2 : 1) (image of the disc--1092 CM points) ---
  deg-1 place (mult 1): rational point (0 : -1 : 1)  [CM disc -15]
  deg-2 place (mult 1) over Number Field with defining polynomial x^2 - 8*x + 9 over the Rational Field:
      (2*K.1 - 1 : K.1 : 1)   <-- the two disc--1092 CM points
>>> THIRD POINT in the fiber over Q = (2 : -2 : 1):
>>>     (0 : -1 : 1)   —   CM disc -15
status: 1 rational fiber(s)

--- D = -1128 (h = 8) ---
  CM point at tau = 0.0595492*$.1: image NOT recognized as rational: [ 2.043878649, -2.102142848, 1.000000000 ]
  CM point at tau = 0.454545 + 0.00541355*$.1: image NOT recognized as rational: [ 103.2894547 - 3.758444970E-37*$.1, 1044.102143 - 5.733822109E-35*$.1, 1.000000000 ]
status: images not rational (no rational fiber)

--- D = -1752 (h = 8) ---
  CM point at tau = 0.234043 + 0.0742143*$.1: image NOT recognized as rational: [ -0.6666666667 + 0.8164965810*$.1, -2.000000000 - 0.2721655270*$.1, 1.000000000 ]
  CM point at tau = -0.234043 + 0.0742143*$.1: image NOT recognized as rational: [ -0.6666666667 - 0.8164965810*$.1, -2.000000000 + 0.2721655270*$.1, 1.000000000 ]
status: images not rational (no rational fiber)

--- D = -1848 (h = 8) ---
  CM point at tau = 0.382979 + 0.0762205*$.1: image NOT recognized as rational: [ 6.222222222 - 0.4157397096*$.1, 13.48148148 - 1.524378935*$.1, 1.000000000 ]
  CM point at tau = -0.382979 + 0.0762205*$.1: image NOT recognized as rational: [ 6.222222222 + 0.4157397096*$.1, 13.48148148 + 1.524378935*$.1, 1.000000000 ]
status: images not rational (no rational fiber)

================ SWEEP SUMMARY for X_0(282)* -> X_0(141)* ================
  RATIONAL-POINT fiber |--> Q = (0 : -1 : 1); RESIDUAL POINT (1 : 0 : 1) — CM disc -20  (partner of known point (2 : 0 : 1) [CM disc -132])
  RATIONAL-POINT fiber |--> Q = (2 : 1 : 1); RESIDUAL POINT (3 : 2 : 1) — CM disc -228  (partner of known point (0 : 2 : 1) [CM disc -312])
  RATIONAL-POINT fiber |--> Q = (2 : 1 : 1); RESIDUAL POINT (-1 : 0 : 1) — CM disc -120  (partner of known point (0 : 2 : 1) [CM disc -312])
  RATIONAL-POINT fiber |--> Q = (2 : 1 : 1); RESIDUAL POINT (3 : 2 : 1) — CM disc -228  (partner of known point (-1 : 0 : 1) [CM disc -120])
  D = -39: CM points |--> Q = (0 : 1 : 0); THIRD POINT (1 : 0 : 0) — cusp
  D = -456: CM points |--> Q = (0 : 0 : 1); THIRD POINT (2 : 1 : 1) — CM disc -60
  D = -1092: CM points |--> Q = (2 : -2 : 1); THIRD POINT (0 : -1 : 1) — CM disc -15

#################### N = 61, p = 5 ####################
N = 61, p = 5: E = 61a1 (conductor 61), delta* = 1, expected degree 3
[BuildTripleCover] building model of X_0(305)* (eval_prec = 400, cached if available)... [cache] loaded 3000-term star forms for level 305
done (0.380 s)
[cache] loaded triple-cover map for (N=61, p=5) -> 61a1
X_0(305)* = Curve over Rational Field defined by
z[1]^2*z[3] - z[1]*z[2]^2 - z[1]*z[3]^2 + 2*z[2]^2*z[3] + 2*z[2]^2*z[4] - 3*z[2]*z[3]^2 - 2*z[2]*z[3]*z[4] - z[2]*z[4]^2 + z[3]^3 + 2*z[3]^2*z[4] - z[4]^3,
z[1]^2*z[4] - z[1]*z[2]*z[3],
z[1]*z[2]*z[4] - z[2]^2*z[3],
z[1]*z[3]*z[4] - z[2]*z[3]^2,
z[1]*z[4]^2 - z[2]*z[3]*z[4]
E = [ 1, 0, 0, -2, 1 ] (61a1)

===== SWEEP of CM discriminants for X_0(305)* -> X_0(61)* =====
found 7 small rational points on X_0(305)* (bound 100000)
found CM point at discriminant -19
found CM point at discriminant -4
found CM point at discriminant -16
found CM point at discriminant -15
found CM point at discriminant -60
found CM point at discriminant -235

labelling the rational points:
  disc = -60 -> rats[6] -> (2 : 2 : 1 : 1) (CM)
  disc = -4 -> rats[1] -> (2/3 : -1 : -2/3 : 1) (CM)
  disc = -19 -> rats[7] -> (0 : 1 : 0 : 0) (CM)
  disc = -15 -> rats[5] -> (0 : 0 : -1 : 1) (CM)
  disc = -16 -> rats[2] -> (0 : 1 : 0 : 1) (CM)
  disc = -235 -> rats[3] -> (0 : -1/2 : 0 : 1) (CM)
  Cusp -> rats[4]
Labelled 7 CM+cusp, 0 exceptional

small rational points, their labels and images under pi:
  P1 = (2/3 : -1 : -2/3 : 1)  [CM disc -4]  |-->  (3/4 : -5/8 : 1)
  P2 = (0 : 1 : 0 : 1)  [CM disc -16]  |-->  (3/4 : -1/8 : 1)
  P3 = (0 : -1/2 : 0 : 1)  [CM disc -235]  |-->  (0 : 1 : 1)
  P4 = (1 : 0 : 0 : 0)  [cusp]  |-->  (0 : 1 : 0)
  P5 = (0 : 0 : -1 : 1)  [CM disc -15]  |-->  (1 : 0 : 1)
  P6 = (2 : 2 : 1 : 1)  [CM disc -60]  |-->  (-1 : 2 : 1)
  P7 = (0 : 1 : 0 : 0)  [CM disc -19]  |-->  (0 : -1 : 1)

candidate discs (degree-2 CM points on X_0(305)*): [ -20, -36, -64, -75, -80, -100, -180, -195, -240, -280, -595, -915, -3355 ]

--- CUSP FIBER: fiber of pi over Q = (0 : 1 : 0) (contains the cusp), splits as degrees [ 1, 2 ] ---
  deg-2 place (mult 1) over Number Field with defining polynomial x^2 - 2 over the Rational Field:
      (K.1 + 2 : K.1 + 1 : K.1 : 1)
  deg-1 place (mult 1): rational point (1 : 0 : 0 : 0)  [cusp]  <-- the cusp
cusp-fiber status: cusp fiber: degrees [ 1, 2 ]

--- fiber of pi over Q = (3/4 : -5/8 : 1) through known point (2/3 : -1 : -2/3 : 1) [CM disc -4], splits as degrees [ 1, 2 ] ---
  deg-1 place (mult 1): rational point (2/3 : -1 : -2/3 : 1)  [CM disc -4]  <-- P itself
  deg-2 place (mult 1) over Number Field with defining polynomial x^2 - 11/6*x + 2 over the Rational Field:
      (1/4*(5*K.1 - 4) : 1/6*(3*K.1 + 2) : K.1 : 1)

--- fiber of pi over Q = (3/4 : -1/8 : 1) through known point (0 : 1 : 0 : 1) [CM disc -16], splits as degrees [ 1, 2 ] ---
  deg-1 place (mult 1): rational point (0 : 1 : 0 : 1)  [CM disc -16]  <-- P itself
  deg-2 place (mult 1) over Number Field with defining polynomial x^2 - 1/2*x - 1 over the Rational Field:
      (1/4*(K.1 + 2) : 1/2*K.1 : K.1 : 1)

--- fiber of pi over Q = (0 : 1 : 1) through known point (0 : -1/2 : 0 : 1) [CM disc -235], splits as degrees [ 1, 2 ] ---
  deg-1 place (mult 1): rational point (0 : -1/2 : 0 : 1)  [CM disc -235]  <-- P itself
  deg-2 place (mult 1) over Number Field with defining polynomial x^2 - 1/2*x - 1/4 over the Rational Field:
      (1/2*(2*K.1 + 1) : 2*K.1 : K.1 : 1)

--- fiber of pi over Q = (0 : 1 : 0) through known point (1 : 0 : 0 : 0) [cusp], splits as degrees [ 1, 2 ] ---
  deg-2 place (mult 1) over Number Field with defining polynomial x^2 - 2 over the Rational Field:
      (K.1 + 2 : K.1 + 1 : K.1 : 1)
  deg-1 place (mult 1): rational point (1 : 0 : 0 : 0)  [cusp]  <-- P itself

--- fiber of pi over Q = (1 : 0 : 1) through known point (0 : 0 : -1 : 1) [CM disc -15], splits as degrees [ 1, 2 ] ---
  deg-1 place (mult 1): rational point (0 : 0 : -1 : 1)  [CM disc -15]  <-- P itself
  deg-2 place (mult 1) over Number Field with defining polynomial x^2 - x - 1 over the Rational Field:
      (K.1 : 1 : K.1 : 1)

--- fiber of pi over Q = (-1 : 2 : 1) through known point (2 : 2 : 1 : 1) [CM disc -60], splits as degrees [ 1, 2 ] ---
  deg-1 place (mult 1): rational point (2 : 2 : 1 : 1)  [CM disc -60]  <-- P itself
  deg-2 place (mult 1) over Number Field with defining polynomial x^2 + x + 1 over the Rational Field:
      (-K.1 : -1 : K.1 : 1)

--- fiber of pi over Q = (0 : -1 : 1) through known point (0 : 1 : 0 : 0) [CM disc -19], splits as degrees [ 1, 2 ] ---
  deg-1 place (mult 1): rational point (0 : 1 : 0 : 0)  [CM disc -19]  <-- P itself
  deg-2 place (mult 1) over Number Field with defining polynomial x^2 + 14*x + 61 over the Rational Field:
      (1/4*(-K.1 - 5) : 0 : 1 : 0)
rational-point-fiber status: 7 known point(s) checked

--- D = -20 (h = 2) ---
  CM point at tau = 0.262295 + 0.00733137*$.1: image NOT recognized as rational: [ 12.70820393 - 7.541676598E-55*$.1, 39.12461180 + 1.264847253E-53*$.1, 1.000000000 ]
  CM point at tau = 0.368853 + 0.00366569*$.1: image NOT recognized as rational: [ -0.7082039325 - 2.376286569E-27*$.1, -1.124611798 - 8.754726252E-27*$.1, 1.000000000 ]
status: images not rational (no rational fiber)

--- D = -36 (h = 1) ---
  CM point at tau = 0.308197 + 0.00983606*$.1  |-->  Q = (0 : -1 : 1)
  CM point at tau = -0.291803 + 0.00983606*$.1  |-->  Q = (0 : -1 : 1)
all disc--36 CM points map to the SAME rational point — as expected

--- fiber of pi over Q1 = (0 : -1 : 1) (image of the disc--36 CM points) ---
  deg-1 place (mult 1): rational point (0 : 1 : 0 : 0)  [CM disc -19]
  deg-2 place (mult 1) over Number Field with defining polynomial x^2 + 14*x + 61 over the Rational Field:
      (1/4*(-K.1 - 5) : 0 : 1 : 0)   <-- the two disc--36 CM points
>>> THIRD POINT in the fiber over Q = (0 : -1 : 1):
>>>     (0 : 1 : 0 : 0)   —   CM disc -19
status: 1 rational fiber(s)

--- D = -64 (h = 1) ---
  CM point at tau = 0.255738 + 0.0131148*$.1  |-->  Q = (0 : 1 : 0)
  CM point at tau = 0.0557377 + 0.0131148*$.1  |-->  Q = (0 : 1 : 0)
all disc--64 CM points map to the SAME rational point — as expected

--- fiber of pi over Q1 = (0 : 1 : 0) (image of the disc--64 CM points) ---
  deg-2 place (mult 1) over Number Field with defining polynomial x^2 - 2 over the Rational Field:
      (K.1 + 2 : K.1 + 1 : K.1 : 1)   <-- the two disc--64 CM points
  deg-1 place (mult 1): rational point (1 : 0 : 0 : 0)  [cusp]
>>> THIRD POINT in the fiber over Q = (0 : 1 : 0):
>>>     (1 : 0 : 0 : 0)   —   cusp
status: 1 rational fiber(s)

--- D = -75 (h = 1) ---
  CM point at tau = 0.221312 + 0.0141971*$.1: image NOT recognized as rational: [ 0.3819660112 + 1.819531562E-115*$.1, 0.3819660112 - 2.035574085E-114*$.1, 1.000000000 ]
  CM point at tau = 0.0737705 + 0.00473238*$.1: image NOT recognized as rational: [ 2.618033989 + 2.250359978E-37*$.1, 2.618033989 + 2.430798930E-36*$.1, 1.000000000 ]
status: images not rational (no rational fiber)

--- D = -80 (h = 2) ---
  CM point at tau = 0.475410 + 0.0146627*$.1  |-->  Q = (1 : 0 : 1)
  CM point at tau = 0.174863 + 0.00488758*$.1  |-->  Q = (1 : 0 : 1)
all disc--80 CM points map to the SAME rational point — as expected

--- fiber of pi over Q1 = (1 : 0 : 1) (image of the disc--80 CM points) ---
  deg-1 place (mult 1): rational point (0 : 0 : -1 : 1)  [CM disc -15]
  deg-2 place (mult 1) over Number Field with defining polynomial x^2 - x - 1 over the Rational Field:
      (K.1 : 1 : K.1 : 1)   <-- the two disc--80 CM points
>>> THIRD POINT in the fiber over Q = (1 : 0 : 1):
>>>     (0 : 0 : -1 : 1)   —   CM disc -15
status: 1 rational fiber(s)

--- D = -100 (h = 1) ---
  CM point at tau = 0.180328 + 0.0163935*$.1: image NOT recognized as rational: [ 0.6180339888 - 2.265576361E-133*$.1, -1.928658519E-133 + 2.287199909E-133*$.1, 1.000000000 ]
  CM point at tau = 0.0901639 + 0.00819673*$.1: image NOT recognized as rational: [ -1.618033989 - 6.884665504E-66*$.1, -1.472418721E-64 + 3.038393859E-66*$.1, 1.000000000 ]
status: images not rational (no rational fiber)

--- D = -180 (h = 2) ---
  CM point at tau = 0.213115 + 0.0219941*$.1  |-->  Q = (0 : 1 : 1)
  CM point at tau = 0.106557 + 0.0109971*$.1  |-->  Q = (0 : 1 : 1)
all disc--180 CM points map to the SAME rational point — as expected

--- fiber of pi over Q1 = (0 : 1 : 1) (image of the disc--180 CM points) ---
  deg-1 place (mult 1): rational point (0 : -1/2 : 0 : 1)  [CM disc -235]
  deg-2 place (mult 1) over Number Field with defining polynomial x^2 - 1/2*x - 1/4 over the Rational Field:
      (1/2*(2*K.1 + 1) : 2*K.1 : K.1 : 1)   <-- the two disc--180 CM points
>>> THIRD POINT in the fiber over Q = (0 : 1 : 1):
>>>     (0 : -1/2 : 0 : 1)   —   CM disc -235
status: 1 rational fiber(s)

--- D = -195 (h = 4) ---
  CM point at tau = 0.188524 + 0.0228922*$.1: image NOT recognized as rational: [ 0.3819660112 + 5.415271692E-187*$.1, 0.3819660112 - 1.358017266E-186*$.1, 1.000000000 ]
  CM point at tau = 0.270492 + 0.00763074*$.1: image NOT recognized as rational: [ 2.618033989 - 1.026963212E-60*$.1, 2.618033989 + 1.188492260E-60*$.1, 1.000000000 ]
status: images not rational (no rational fiber)

--- D = -240 (h = 2) ---
  CM point at tau = 0.196721 + 0.0253966*$.1: image NOT recognized as rational: [ 0.1592831145 + 7.530497455E-201*$.1, 0.7521142592 - 1.178010511E-200*$.1, 1.000000000 ]
  CM point at tau = 0.0655738 + 0.00846554*$.1: image NOT recognized as rational: [ 131.8407169 - 1.895544034E-65*$.1, 1449.247886 + 3.193229021E-62*$.1, 1.000000000 ]
status: images not rational (no rational fiber)

--- D = -280 (h = 4) ---
  CM point at tau = 0.491803 + 0.0274315*$.1: image NOT recognized as rational: [ 1.381966011 + 1.752779142E-199*$.1, 0.4721359550 + 7.052169060E-200*$.1, 1.000000000 ]
  CM point at tau = 0.245902 + 0.0137157*$.1: image NOT recognized as rational: [ 3.618033989 - 4.756418655E-112*$.1, -8.472135955 - 1.120067422E-109*$.1, 1.000000000 ]
status: images not rational (no rational fiber)

--- D = -595 (h = 4) ---
  CM point at tau = 0.0409836 + 0.0399879*$.1: image NOT recognized as rational: [ 16.32623792 - 1.536657280E-198*$.1, -74.39512163 - 4.141342748E-197*$.1, 1.000000000 ]
  CM point at tau = 0.434426 + 0.00571256*$.1: image NOT recognized as rational: [ 0.6737620787 + 1.340596985E-46*$.1, -0.6048783712 + 3.372733061E-46*$.1, 1.000000000 ]
status: images not rational (no rational fiber)

--- D = -915 (h = 8) ---
  CM point at tau = 0.500000 + 0.0495884*$.1: image NOT recognized as rational: [ 1.594875162 + 2.445247833E-200*$.1, 0.7846254861 + 3.745202844E-200*$.1, 1.000000000 ]
  CM point at tau = 0.0714285 + 0.00708406*$.1: image NOT recognized as rational: [ 9.405124838 + 1.496003696E-55*$.1, 24.21537451 + 3.083830760E-54*$.1, 1.000000000 ]
status: images not rational (no rational fiber)

--- D = -3355 (h = 8) ---
  CM point at tau = 0.500000 + 0.0949547*$.1: image NOT recognized as rational: [ 2.618033989 + 5.716943718E-200*$.1, 2.618033989 + 1.160571960E-199*$.1, 1.000000000 ]
  CM point at tau = 0.115385 + 0.00730421*$.1: image NOT recognized as rational: [ 0.3819660112 - 6.733114082E-60*$.1, 0.3819660112 + 6.809238885E-59*$.1, 1.000000000 ]
status: images not rational (no rational fiber)

================ SWEEP SUMMARY for X_0(305)* -> X_0(61)* ================
  D = -36: CM points |--> Q = (0 : -1 : 1); THIRD POINT (0 : 1 : 0 : 0) — CM disc -19
  D = -64: CM points |--> Q = (0 : 1 : 0); THIRD POINT (1 : 0 : 0 : 0) — cusp
  D = -80: CM points |--> Q = (1 : 0 : 1); THIRD POINT (0 : 0 : -1 : 1) — CM disc -15
  D = -180: CM points |--> Q = (0 : 1 : 1); THIRD POINT (0 : -1/2 : 0 : 1) — CM disc -235

#################### N = 118, p = 3 ####################
N = 118, p = 3: E = 118a1 (conductor 118), delta* = 1, expected degree 3
[BuildTripleCover] building model of X_0(354)* (eval_prec = 400, cached if available)... [cache] loaded 3000-term star forms for level 354
done (1.840 s)
[cache] loaded triple-cover map for (N=118, p=3) -> 118a1
X_0(354)* = Curve over Rational Field defined by
z[1]^2*z[3] - z[1]*z[2]^2 + z[1]*z[2]*z[4] + z[1]*z[4]^2 - 2*z[2]*z[3]*z[4] + z[3]^2*z[4] - z[4]^3,
z[1]^2*z[4] - z[1]*z[2]*z[4] - z[2]^3 + 2*z[2]^2*z[3] + z[2]^2*z[4] - 2*z[2]*z[3]^2 - 2*z[2]*z[3]*z[4] + z[2]*z[4]^2 + z[3]^3 - z[3]*z[4]^2 - z[4]^3,
z[1]*z[2]*z[3] - z[1]*z[2]*z[4] - z[2]^3 + z[2]^2*z[3] + z[2]^2*z[4] - z[2]*z[3]^2 + z[2]*z[3]*z[4] + z[2]*z[4]^2,
z[1]*z[3]^2 - z[1]*z[4]^2 - z[2]^2*z[3] - z[2]^2*z[4] + z[2]*z[3]^2 + 2*z[2]*z[3]*z[4] + z[2]*z[4]^2 - z[3]^3 + 2*z[3]*z[4]^2 + z[4]^3,
z[1]*z[3]*z[4] - z[1]*z[4]^2 - z[2]^2*z[4] + z[2]*z[3]*z[4] + z[2]*z[4]^2 - z[3]^2*z[4] + z[3]*z[4]^2 + z[4]^3
E = [ 1, 1, 0, 1, 1 ] (118a1)

===== SWEEP of CM discriminants for X_0(354)* -> X_0(118)* =====
found 10 small rational points on X_0(354)* (bound 100000)
found CM point at discriminant -8
found CM point at discriminant -24
found CM point at discriminant -72
found CM point at discriminant -408
found CM point at discriminant -168
found CM point at discriminant -372
found CM point at discriminant -708
found CM point at discriminant -120
found CM point at discriminant -132

labelling the rational points:
  disc = -132 -> rats[5] -> (-1 : 1 : -1 : 1) (CM)
  disc = -72 -> rats[3] -> (-1 : -1 : 0 : 1) (CM)
  disc = -708 -> rats[6] -> (-7/3 : 74/39 : -40/39 : 1) (CM)
  disc = -120 -> rats[10] -> (1 : 1 : 0 : 1) (CM)
  disc = -408 -> rats[8] -> (1/2 : -1/2 : 1/2 : 1) (CM)
  disc = -168 -> rats[1] -> (-1 : 1 : 2 : 1) (CM)
  disc = -8 -> rats[4] -> (-1 : 2 : 0 : 1) (CM)
  disc = -24 -> rats[2] -> (1 : 1 : 1 : 0) (CM)
  disc = -372 -> rats[7] -> (1 : 0 : 0 : 1) (CM)
  Cusp -> rats[9]
Labelled 10 CM+cusp, 0 exceptional

small rational points, their labels and images under pi:
  P1 = (-1 : 1 : 2 : 1)  [CM disc -168]  |-->  (2 : -5 : 1)
  P2 = (1 : 1 : 1 : 0)  [CM disc -24]  |-->  (-1 : 1 : 1)
  P3 = (-1 : -1 : 0 : 1)  [CM disc -72]  |-->  (0 : 1 : 1)
  P4 = (-1 : 2 : 0 : 1)  [CM disc -8]  |-->  (3 : -8 : 1)
  P5 = (-1 : 1 : -1 : 1)  [CM disc -132]  |-->  (-1 : 1 : 1)
  P6 = (-7/3 : 74/39 : -40/39 : 1)  [CM disc -708]  |-->  (35/169 : 2248/2197 : 1)
  P7 = (1 : 0 : 0 : 1)  [CM disc -372]  |-->  (-1 : 0 : 1)
  P8 = (1/2 : -1/2 : 1/2 : 1)  [CM disc -408]  |-->  (-1 : 1 : 1)
  P9 = (1 : 0 : 0 : 0)  [cusp]  |-->  (0 : 1 : 0)
  P10 = (1 : 1 : 0 : 1)  [CM disc -120]  |-->  (0 : -1 : 1)

candidate discs (degree-2 CM points on X_0(354)*): [ -32, -39, -56, -96, -156, -276, -456, -564, -600, -660, -840, -1092, -1380, -2832 ]

--- CUSP FIBER: fiber of pi over Q = (0 : 1 : 0) (contains the cusp), splits as degrees [ 1, 2 ] ---
  deg-1 place (mult 1): rational point (1 : 0 : 0 : 0)  [cusp]  <-- the cusp
  deg-2 place (mult 1) over Number Field with defining polynomial x^2 - 8/3*x + 139/36 over the Rational Field:
      (0 : 1/10*(-6*K.1 + 13) : 1 : 0)
cusp-fiber status: cusp fiber: degrees [ 1, 2 ]

--- fiber of pi over Q = (2 : -5 : 1) through known point (-1 : 1 : 2 : 1) [CM disc -168], splits as degrees [ 1, 2 ] ---
  deg-1 place (mult 1): rational point (-1 : 1 : 2 : 1)  [CM disc -168]  <-- P itself
  deg-2 place (mult 1) over Number Field with defining polynomial x^2 - 4/3*x - 1/3 over the Rational Field:
      (4*K.1 : K.1 + 2 : K.1 : 1)

--- fiber of pi over Q = (-1 : 1 : 1) through known point (1 : 1 : 1 : 0) [CM disc -24], splits as degrees [ 1, 1, 1 ] ---
  deg-1 place (mult 1): rational point (1/2 : -1/2 : 1/2 : 1)  [CM disc -408]
  deg-1 place (mult 1): rational point (-1 : 1 : -1 : 1)  [CM disc -132]
  deg-1 place (mult 1): rational point (1 : 1 : 1 : 0)  [CM disc -24]  <-- P itself

--- fiber of pi over Q = (0 : 1 : 1) through known point (-1 : -1 : 0 : 1) [CM disc -72], splits as degrees [ 1, 2 ] ---
  deg-1 place (mult 1): rational point (-1 : -1 : 0 : 1)  [CM disc -72]  <-- P itself
  deg-2 place (mult 1) over Number Field with defining polynomial x^2 - 3 over the Rational Field:
      (-2 : K.1 : -1 : 1)

--- fiber of pi over Q = (3 : -8 : 1) through known point (-1 : 2 : 0 : 1) [CM disc -8], splits as degrees [ 1, 2 ] ---
  deg-2 place (mult 1) over Number Field with defining polynomial x^2 - 6*x + 6 over the Rational Field:
      (3*K.1 - 5 : K.1 : 2 : 1)
  deg-1 place (mult 1): rational point (-1 : 2 : 0 : 1)  [CM disc -8]  <-- P itself

--- fiber of pi over Q = (-1 : 1 : 1) through known point (-1 : 1 : -1 : 1) [CM disc -132], splits as degrees [ 1, 1, 1 ] ---
  deg-1 place (mult 1): rational point (1/2 : -1/2 : 1/2 : 1)  [CM disc -408]
  deg-1 place (mult 1): rational point (-1 : 1 : -1 : 1)  [CM disc -132]  <-- P itself
  deg-1 place (mult 1): rational point (1 : 1 : 1 : 0)  [CM disc -24]

--- fiber of pi over Q = (35/169 : 2248/2197 : 1) through known point (-7/3 : 74/39 : -40/39 : 1) [CM disc -708], splits as degrees [ 1, 2 ] ---
  deg-1 place (mult 1): rational point (-7/3 : 74/39 : -40/39 : 1)  [CM disc -708]  <-- P itself
  deg-2 place (mult 1) over Number Field with defining polynomial x^2 + 148/221*x + 1652/2873 over the Rational Field:
      (1/8788*(8125*K.1 - 8670) : 1/676*(455*K.1 - 654) : K.1 : 1)

--- fiber of pi over Q = (-1 : 0 : 1) through known point (1 : 0 : 0 : 1) [CM disc -372], splits as degrees [ 1, 2 ] ---
  deg-1 place (mult 1): rational point (1 : 0 : 0 : 1)  [CM disc -372]  <-- P itself
  deg-2 place (mult 1) over Number Field with defining polynomial x^2 - 4*x - 4 over the Rational Field:
      (1/2*K.1 : 1/2*(K.1 + 2) : K.1 : 1)

--- fiber of pi over Q = (-1 : 1 : 1) through known point (1/2 : -1/2 : 1/2 : 1) [CM disc -408], splits as degrees [ 1, 1, 1 ] ---
  deg-1 place (mult 1): rational point (1/2 : -1/2 : 1/2 : 1)  [CM disc -408]  <-- P itself
  deg-1 place (mult 1): rational point (-1 : 1 : -1 : 1)  [CM disc -132]
  deg-1 place (mult 1): rational point (1 : 1 : 1 : 0)  [CM disc -24]

--- fiber of pi over Q = (0 : 1 : 0) through known point (1 : 0 : 0 : 0) [cusp], splits as degrees [ 1, 2 ] ---
  deg-1 place (mult 1): rational point (1 : 0 : 0 : 0)  [cusp]  <-- P itself
  deg-2 place (mult 1) over Number Field with defining polynomial x^2 - 8/3*x + 139/36 over the Rational Field:
      (0 : 1/10*(-6*K.1 + 13) : 1 : 0)

--- fiber of pi over Q = (0 : -1 : 1) through known point (1 : 1 : 0 : 1) [CM disc -120], splits as degrees [ 1, 2 ] ---
  deg-1 place (mult 1): rational point (1 : 1 : 0 : 1)  [CM disc -120]  <-- P itself
  deg-2 place (mult 1) over Number Field with defining polynomial x^2 - 2*x - 1 over the Rational Field:
      (0 : 1 : K.1 : 1)
>>> PARTNER in the fiber over Q = (-1 : 1 : 1) (via known point (1 : 1 : 1 : 0) [CM disc -24]):
>>>     (1/2 : -1/2 : 1/2 : 1)   —   CM disc -408
>>> PARTNER in the fiber over Q = (-1 : 1 : 1) (via known point (1 : 1 : 1 : 0) [CM disc -24]):
>>>     (-1 : 1 : -1 : 1)   —   CM disc -132
>>> PARTNER in the fiber over Q = (-1 : 1 : 1) (via known point (-1 : 1 : -1 : 1) [CM disc -132]):
>>>     (1/2 : -1/2 : 1/2 : 1)   —   CM disc -408
rational-point-fiber status: 10 known point(s) checked

--- D = -32 (h = 1) ---
  CM point at tau = 0.463277 + 0.00798991*$.1  |-->  Q = (-1 : 0 : 1)
  CM point at tau = 0.129944 + 0.00798991*$.1  |-->  Q = (-1 : 0 : 1)
all disc--32 CM points map to the SAME rational point — as expected

--- fiber of pi over Q1 = (-1 : 0 : 1) (image of the disc--32 CM points) ---
  deg-1 place (mult 1): rational point (1 : 0 : 0 : 1)  [CM disc -372]
  deg-2 place (mult 1) over Number Field with defining polynomial x^2 - 4*x - 4 over the Rational Field:
      (1/2*K.1 : 1/2*(K.1 + 2) : K.1 : 1)   <-- the two disc--32 CM points
>>> THIRD POINT in the fiber over Q = (-1 : 0 : 1):
>>>     (1 : 0 : 0 : 1)   —   CM disc -372
status: 1 rational fiber(s)

--- D = -39 (h = 4) ---
  CM point at tau = 0.394068 + 0.00882062*$.1: image NOT recognized as rational: [ -0.2500000000 + 9.202649075E-73*$.1, -0.7763878189 - 1.911868532E-73*$.1, 1.000000000 ]
  CM point at tau = 0.105932 + 0.00882062*$.1: image NOT recognized as rational: [ -0.2500000000 + 3.646725804E-71*$.1, 1.026387819 - 1.155389525E-71*$.1, 1.000000000 ]
status: images not rational (no rational fiber)

--- D = -56 (h = 4) ---
  CM point at tau = 0.401130 + 0.0105696*$.1  |-->  Q = (0 : -1 : 1)
  CM point at tau = 0.265537 + 0.0105696*$.1  |-->  Q = (0 : -1 : 1)
all disc--56 CM points map to the SAME rational point — as expected

--- fiber of pi over Q1 = (0 : -1 : 1) (image of the disc--56 CM points) ---
  deg-1 place (mult 1): rational point (1 : 1 : 0 : 1)  [CM disc -120]
  deg-2 place (mult 1) over Number Field with defining polynomial x^2 - 2*x - 1 over the Rational Field:
      (0 : 1 : K.1 : 1)   <-- the two disc--56 CM points
>>> THIRD POINT in the fiber over Q = (0 : -1 : 1):
>>>     (1 : 1 : 0 : 1)   —   CM disc -120
status: 1 rational fiber(s)

--- D = -96 (h = 2) ---
  CM point at tau = 0.237288 + 0.0138389*$.1: image NOT recognized as rational: [ 6.464101615 + 3.820448316E-113*$.1, -21.39230485 - 2.192132564E-112*$.1, 1.000000000 ]
  CM point at tau = -0.0474576 + 0.00276779*$.1: image NOT recognized as rational: [ -0.4641016151 + 1.818127859E-22*$.1, -0.6076951546 - 1.152653634E-22*$.1, 1.000000000 ]
status: images not rational (no rational fiber)

--- D = -156 (h = 4) ---
  CM point at tau = 0.211864 + 0.0176412*$.1  |-->  Q = (0 : 1 : 0)
  CM point at tau = -0.211864 + 0.0176412*$.1  |-->  Q = (0 : 1 : 0)
all disc--156 CM points map to the SAME rational point — as expected

--- fiber of pi over Q1 = (0 : 1 : 0) (image of the disc--156 CM points) ---
  deg-1 place (mult 1): rational point (1 : 0 : 0 : 0)  [cusp]
  deg-2 place (mult 1) over Number Field with defining polynomial x^2 - 8/3*x + 139/36 over the Rational Field:
      (0 : 1/10*(-6*K.1 + 13) : 1 : 0)   <-- the two disc--156 CM points
>>> THIRD POINT in the fiber over Q = (0 : 1 : 0):
>>>     (1 : 0 : 0 : 0)   —   cusp
status: 1 rational fiber(s)

--- D = -276 (h = 8) ---
  CM point at tau = 0.313560 + 0.0234650*$.1: image NOT recognized as rational: [ -0.6666666667 + 1.396296911E-190*$.1, 1.103133692 + 1.820717320E-191*$.1, 1.000000000 ]
  CM point at tau = 0.462712 + 0.00469301*$.1: image NOT recognized as rational: [ -0.6666666667 - 3.130689273E-39*$.1, -0.4364670256 - 1.803714823E-40*$.1, 1.000000000 ]
status: images not rational (no rational fiber)

--- D = -456 (h = 8) ---
  CM point at tau = 0.338983 + 0.0301612*$.1: image NOT recognized as rational: [ -1.118872483 + 1.065805488E-200*$.1, 0.3466385418 - 2.535131252E-200*$.1, 1.000000000 ]
  CM point at tau = 0.267797 + 0.00603225*$.1: image NOT recognized as rational: [ -0.6566377213 + 7.527440171E-49*$.1, -0.4457639062 + 1.014764331E-48*$.1, 1.000000000 ]
status: images not rational (no rational fiber)

--- D = -564 (h = 8) ---
  CM point at tau = 0.483051 + 0.0335433*$.1  |-->  Q = (0 : 1 : 1)
  CM point at tau = 0.303390 + 0.00670867*$.1  |-->  Q = (0 : 1 : 1)
all disc--564 CM points map to the SAME rational point — as expected

--- fiber of pi over Q1 = (0 : 1 : 1) (image of the disc--564 CM points) ---
  deg-1 place (mult 1): rational point (-1 : -1 : 0 : 1)  [CM disc -72]
  deg-2 place (mult 1) over Number Field with defining polynomial x^2 - 3 over the Rational Field:
      (-2 : K.1 : -1 : 1)   <-- the two disc--564 CM points
>>> THIRD POINT in the fiber over Q = (0 : 1 : 1):
>>>     (-1 : -1 : 0 : 1)   —   CM disc -72
status: 1 rational fiber(s)

--- D = -600 (h = 2) ---
  CM point at tau = 0.406780 + 0.0345973*$.1: image NOT recognized as rational: [ -0.1666666667 + 0.6454972244*$.1, -0.6666666667 - 0.4303314829*$.1, 1.000000000 ]
  CM point at tau = -0.406780 + 0.0345973*$.1: image NOT recognized as rational: [ -0.1666666667 - 0.6454972244*$.1, -0.6666666667 + 0.4303314829*$.1, 1.000000000 ]
status: images not rational (no rational fiber)

--- D = -660 (h = 8) ---
  CM point at tau = 0.228814 + 0.0362860*$.1: image NOT recognized as rational: [ 4.000000000 - 8.944271910*$.1, 1.000000000 + 35.77708764*$.1, 1.000000000 ]
  CM point at tau = -0.228814 + 0.0362860*$.1: image NOT recognized as rational: [ 4.000000000 + 8.944271910*$.1, 1.000000000 - 35.77708764*$.1, 1.000000000 ]
status: images not rational (no rational fiber)

--- D = -840 (h = 8) ---
  CM point at tau = 0.0338983 + 0.0409361*$.1: image NOT recognized as rational: [ 1.513719487 + 8.057800699E-200*$.1, -3.731142678 + 5.321318729E-200*$.1, 1.000000000 ]
  CM point at tau = 0.406780 + 0.00818722*$.1: image NOT recognized as rational: [ 0.3751694019 - 4.584752024E-67*$.1, -1.454042507 + 2.667291777E-68*$.1, 1.000000000 ]
status: images not rational (no rational fiber)

--- D = -1092 (h = 8) ---
  CM point at tau = 0.0254237 + 0.0466743*$.1  |-->  Q = (2 : -5 : 1)
  CM point at tau = 0.432203 + 0.00666776*$.1  |-->  Q = (2 : -5 : 1)
all disc--1092 CM points map to the SAME rational point — as expected

--- fiber of pi over Q1 = (2 : -5 : 1) (image of the disc--1092 CM points) ---
  deg-1 place (mult 1): rational point (-1 : 1 : 2 : 1)  [CM disc -168]
  deg-2 place (mult 1) over Number Field with defining polynomial x^2 - 4/3*x - 1/3 over the Rational Field:
      (4*K.1 : K.1 + 2 : K.1 : 1)   <-- the two disc--1092 CM points
>>> THIRD POINT in the fiber over Q = (2 : -5 : 1):
>>>     (-1 : 1 : 2 : 1)   —   CM disc -168
status: 1 rational fiber(s)

--- D = -1380 (h = 8) ---
  CM point at tau = 0.00847457 + 0.0524694*$.1: image NOT recognized as rational: [ 2.568177896 + 3.196998498E-198*$.1, -6.646095491 - 2.011262362E-198*$.1, 1.000000000 ]
  CM point at tau = 0.398305 + 0.0104939*$.1: image NOT recognized as rational: [ -0.1191983038 - 2.797784619E-86*$.1, -0.8874322062 + 1.961974602E-86*$.1, 1.000000000 ]
status: images not rational (no rational fiber)

--- D = -2832 (h = 4) ---
  CM point at tau = 0.0751646*$.1  |-->  Q = (3 : -8 : 1)
  CM point at tau = 0.322581 + 0.00242466*$.1  |-->  Q = (3 : -8 : 1)
all disc--2832 CM points map to the SAME rational point — as expected

--- fiber of pi over Q1 = (3 : -8 : 1) (image of the disc--2832 CM points) ---
  deg-2 place (mult 1) over Number Field with defining polynomial x^2 - 6*x + 6 over the Rational Field:
      (3*K.1 - 5 : K.1 : 2 : 1)   <-- the two disc--2832 CM points
  deg-1 place (mult 1): rational point (-1 : 2 : 0 : 1)  [CM disc -8]
>>> THIRD POINT in the fiber over Q = (3 : -8 : 1):
>>>     (-1 : 2 : 0 : 1)   —   CM disc -8
status: 1 rational fiber(s)

================ SWEEP SUMMARY for X_0(354)* -> X_0(118)* ================
  RATIONAL-POINT fiber |--> Q = (-1 : 1 : 1); RESIDUAL POINT (1/2 : -1/2 : 1/2 : 1) — CM disc -408  (partner of known point (1 : 1 : 1 : 0) [CM disc -24])
  RATIONAL-POINT fiber |--> Q = (-1 : 1 : 1); RESIDUAL POINT (-1 : 1 : -1 : 1) — CM disc -132  (partner of known point (1 : 1 : 1 : 0) [CM disc -24])
  RATIONAL-POINT fiber |--> Q = (-1 : 1 : 1); RESIDUAL POINT (1/2 : -1/2 : 1/2 : 1) — CM disc -408  (partner of known point (-1 : 1 : -1 : 1) [CM disc -132])
  D = -32: CM points |--> Q = (-1 : 0 : 1); THIRD POINT (1 : 0 : 0 : 1) — CM disc -372
  D = -56: CM points |--> Q = (0 : -1 : 1); THIRD POINT (1 : 1 : 0 : 1) — CM disc -120
  D = -156: CM points |--> Q = (0 : 1 : 0); THIRD POINT (1 : 0 : 0 : 0) — cusp
  D = -564: CM points |--> Q = (0 : 1 : 1); THIRD POINT (-1 : -1 : 0 : 1) — CM disc -72
  D = -1092: CM points |--> Q = (2 : -5 : 1); THIRD POINT (-1 : 1 : 2 : 1) — CM disc -168
  D = -2832: CM points |--> Q = (3 : -8 : 1); THIRD POINT (-1 : 2 : 0 : 1) — CM disc -8

#################### N = 79, p = 5 ####################
N = 79, p = 5: E = 79a1 (conductor 79), delta* = 1, expected degree 3
[BuildTripleCover] building model of X_0(395)* (eval_prec = 400, cached if available)... [cache] loaded 3000-term star forms for level 395
done (0.590 s)
[cache] loaded triple-cover map for (N=79, p=5) -> 79a1
X_0(395)* = Curve over Rational Field defined by
z[1]^2*z[3] - z[1]*z[2]^2 + z[1]*z[2]*z[4] - z[2]^2*z[4] + z[2]*z[4]^2 - z[3]*z[4]^2,
z[1]^2*z[4] + z[1]*z[4]^2 - z[2]^3 + z[2]^2*z[3] + z[2]*z[3]^2 - 4*z[2]*z[3]*z[4] + z[2]*z[4]^2 + z[3]^2*z[4] - z[4]^3,
z[1]*z[2]*z[3] - z[2]^3 + z[2]^2*z[4] - z[2]*z[3]*z[4],
z[1]*z[3]^2 - z[2]^2*z[3] + z[2]*z[3]*z[4] - z[3]^2*z[4],
z[1]*z[3]*z[4] - z[2]^2*z[4] + z[2]*z[4]^2 - z[3]*z[4]^2
E = [ 1, 1, 1, -2, 0 ] (79a1)

===== SWEEP of CM discriminants for X_0(395)* -> X_0(79)* =====
found 5 small rational points on X_0(395)* (bound 100000)
found CM point at discriminant -15
found CM point at discriminant -60
found CM point at discriminant -235
found CM point at discriminant -35

labelling the rational points:
  disc = -60 -> rats[1] -> (1 : 1 : 1/2 : 1) (CM)
  disc = -35 -> rats[5] -> (1 : 1 : 1 : 1) (CM)
  disc = -15 -> rats[4] -> (0 : 0 : 1 : 0) (CM)
  disc = -235 -> rats[3] -> (-1 : 2 : -1 : 1) (CM)
  Cusp -> rats[2]
Labelled 5 CM+cusp, 0 exceptional

small rational points, their labels and images under pi:
  P1 = (1 : 1 : 1/2 : 1)  [CM disc -60]  |-->  (-2 : 1 : 1)
  P2 = (1 : 0 : 0 : 0)  [cusp]  |-->  (0 : 1 : 0)
  P3 = (-1 : 2 : -1 : 1)  [CM disc -235]  |-->  (-2/9 : -32/27 : 1)
  P4 = (0 : 0 : 1 : 0)  [CM disc -15]  |-->  (0 : -1 : 1)
  P5 = (1 : 1 : 1 : 1)  [CM disc -35]  |-->  (0 : 0 : 1)

candidate discs (degree-2 CM points on X_0(395)*): [ -24, -75, -91, -120, -195, -240, -280, -315, -340, -355, -955, -1555 ]

--- CUSP FIBER: fiber of pi over Q = (0 : 1 : 0) (contains the cusp), splits as degrees [ 1, 2 ] ---
  deg-2 place (mult 1) over Number Field with defining polynomial x^2 + x + 1 over the Rational Field:
      (K.1 + 1 : K.1 + 1 : K.1 + 1 : 1)
  deg-1 place (mult 1): rational point (1 : 0 : 0 : 0)  [cusp]  <-- the cusp
cusp-fiber status: cusp fiber: degrees [ 1, 2 ]

--- fiber of pi over Q = (-2 : 1 : 1) through known point (1 : 1 : 1/2 : 1) [CM disc -60], splits as degrees [ 1, 2 ] ---
  deg-1 place (mult 1): rational point (1 : 1 : 1/2 : 1)  [CM disc -60]  <-- P itself
  deg-2 place (mult 1) over Number Field with defining polynomial x^2 - x + 1 over the Rational Field:
      (-K.1 : K.1 - 1 : K.1 : 1)

--- fiber of pi over Q = (0 : 1 : 0) through known point (1 : 0 : 0 : 0) [cusp], splits as degrees [ 1, 2 ] ---
  deg-2 place (mult 1) over Number Field with defining polynomial x^2 + x + 1 over the Rational Field:
      (K.1 + 1 : K.1 + 1 : K.1 + 1 : 1)
  deg-1 place (mult 1): rational point (1 : 0 : 0 : 0)  [cusp]  <-- P itself

--- fiber of pi over Q = (-2/9 : -32/27 : 1) through known point (-1 : 2 : -1 : 1) [CM disc -235], splits as degrees [ 1, 2 ] ---
  deg-1 place (mult 1): rational point (-1 : 2 : -1 : 1)  [CM disc -235]  <-- P itself
  deg-2 place (mult 1) over Number Field with defining polynomial x^2 - 2/3*x + 1/15 over the Rational Field:
      (1/9*(-5*K.1 + 8) : 1/3*(5*K.1 - 2) : 10*K.1 - 5 : 1)

--- fiber of pi over Q = (0 : -1 : 1) through known point (0 : 0 : 1 : 0) [CM disc -15], splits as degrees [ 1, 2 ] ---
  deg-1 place (mult 1): rational point (0 : 0 : 1 : 0)  [CM disc -15]  <-- P itself
  deg-2 place (mult 1) over Number Field with defining polynomial x^2 + x - 1 over the Rational Field:
      (K.1 : -K.1 + 1 : K.1 : 1)

--- fiber of pi over Q = (0 : 0 : 1) through known point (1 : 1 : 1 : 1) [CM disc -35], splits as degrees [ 1, 2 ] ---
  deg-1 place (mult 1): rational point (1 : 1 : 1 : 1)  [CM disc -35]  <-- P itself
  deg-2 place (mult 1) over Number Field with defining polynomial x^2 - x + 2 over the Rational Field:
      (-1 : K.1 : 1 : 1)
rational-point-fiber status: 5 known point(s) checked

--- D = -24 (h = 2) ---
  CM point at tau = 0.270886 + 0.00620124*$.1  |-->  Q = (0 : 1 : 0)
  CM point at tau = 0.0708861 + 0.00620124*$.1  |-->  Q = (0 : 1 : 0)
all disc--24 CM points map to the SAME rational point — as expected

--- fiber of pi over Q1 = (0 : 1 : 0) (image of the disc--24 CM points) ---
  deg-2 place (mult 1) over Number Field with defining polynomial x^2 + x + 1 over the Rational Field:
      (K.1 + 1 : K.1 + 1 : K.1 + 1 : 1)   <-- the two disc--24 CM points
  deg-1 place (mult 1): rational point (1 : 0 : 0 : 0)  [cusp]
>>> THIRD POINT in the fiber over Q = (0 : 1 : 0):
>>>     (1 : 0 : 0 : 0)   —   cusp
status: 1 rational fiber(s)

--- D = -75 (h = 1) ---
  CM point at tau = 0.297468 + 0.0109624*$.1: image NOT recognized as rational: [ -0.6180339888 + 3.193377415E-90*$.1, -1.381966011 - 1.919881867E-88*$.1, 1.000000000 ]
  CM point at tau = 0.234177 + 0.00365411*$.1: image NOT recognized as rational: [ 1.618033989 - 1.467236694E-29*$.1, -3.618033989 + 7.319237636E-29*$.1, 1.000000000 ]
status: images not rational (no rational fiber)

--- D = -91 (h = 2) ---
  CM point at tau = 0.218987 + 0.0120752*$.1  |-->  Q = (0 : 0 : 1)
  CM point at tau = -0.181013 + 0.0120752*$.1  |-->  Q = (0 : 0 : 1)
all disc--91 CM points map to the SAME rational point — as expected

--- fiber of pi over Q1 = (0 : 0 : 1) (image of the disc--91 CM points) ---
  deg-1 place (mult 1): rational point (1 : 1 : 1 : 1)  [CM disc -35]
  deg-2 place (mult 1) over Number Field with defining polynomial x^2 - x + 2 over the Rational Field:
      (-1 : K.1 : 1 : 1)   <-- the two disc--91 CM points
>>> THIRD POINT in the fiber over Q = (0 : 0 : 1):
>>>     (1 : 1 : 1 : 1)   —   CM disc -35
status: 1 rational fiber(s)

--- D = -120 (h = 4) ---
  CM point at tau = 0.417722 + 0.0138664*$.1  |-->  Q = (0 : -1 : 1)
  CM point at tau = 0.291139 + 0.00693320*$.1  |-->  Q = (0 : -1 : 1)
all disc--120 CM points map to the SAME rational point — as expected

--- fiber of pi over Q1 = (0 : -1 : 1) (image of the disc--120 CM points) ---
  deg-1 place (mult 1): rational point (0 : 0 : 1 : 0)  [CM disc -15]
  deg-2 place (mult 1) over Number Field with defining polynomial x^2 + x - 1 over the Rational Field:
      (K.1 : -K.1 + 1 : K.1 : 1)   <-- the two disc--120 CM points
>>> THIRD POINT in the fiber over Q = (0 : -1 : 1):
>>>     (0 : 0 : 1 : 0)   —   CM disc -15
status: 1 rational fiber(s)

--- D = -195 (h = 4) ---
  CM point at tau = 0.386076 + 0.0176763*$.1: image NOT recognized as rational: [ -1.618033989 - 5.602067532E-143*$.1, -1.000000000 - 1.270454720E-144*$.1, 1.000000000 ]
  CM point at tau = 0.462025 + 0.00589208*$.1: image NOT recognized as rational: [ 0.6180339888 + 2.274193165E-48*$.1, -1.000000000 + 6.429153259E-48*$.1, 1.000000000 ]
status: images not rational (no rational fiber)

--- D = -240 (h = 2) ---
  CM point at tau = 0.240506 + 0.0196100*$.1: image NOT recognized as rational: [ -1.000000000 + 1.000000000*$.1, 2.000000000 - 1.000000000*$.1, 1.000000000 ]
  CM point at tau = -0.240506 + 0.0196100*$.1: image NOT recognized as rational: [ -1.000000000 - 1.000000000*$.1, 2.000000000 + 1.000000000*$.1, 1.000000000 ]
status: images not rational (no rational fiber)

--- D = -280 (h = 4) ---
  CM point at tau = 0.392405 + 0.0211813*$.1: image NOT recognized as rational: [ -1.154508497 - 2.713607423E-171*$.1, -1.375000000 - 1.226341378E-172*$.1, 1.000000000 ]
  CM point at tau = 0.303797 + 0.0105906*$.1: image NOT recognized as rational: [ -0.5954915028 + 5.228900039E-87*$.1, -1.375000000 + 1.022756273E-85*$.1, 1.000000000 ]
status: images not rational (no rational fiber)

--- D = -315 (h = 2) ---
  CM point at tau = 0.398734 + 0.0224661*$.1: image NOT recognized as rational: [ -0.7912878475 + 8.687095532E-182*$.1, -1.417424305 - 3.446435462E-183*$.1, 1.000000000 ]
  CM point at tau = 0.0569620 + 0.00320945*$.1: image NOT recognized as rational: [ 3.791287848 - 1.545870179E-24*$.1, -10.58257569 + 1.038789086E-23*$.1, 1.000000000 ]
status: images not rational (no rational fiber)

--- D = -340 (h = 4) ---
  CM point at tau = 0.329114 + 0.0233406*$.1: image NOT recognized as rational: [ -1.000000000 + 1.000000000*$.1, -2.000000000 - 7.909028993E-190*$.1, 1.000000000 ]
  CM point at tau = -0.329114 + 0.0233406*$.1: image NOT recognized as rational: [ -1.000000000 - 1.000000000*$.1, -2.000000000 + 7.909028993E-190*$.1, 1.000000000 ]
status: images not rational (no rational fiber)

--- D = -355 (h = 4) ---
  CM point at tau = 0.0443038 + 0.0238499*$.1: image NOT recognized as rational: [ 6.854101966 + 1.631581125E-193*$.1, -23.18033989 + 2.432986945E-193*$.1, 1.000000000 ]
  CM point at tau = 0.434901 + 0.00340713*$.1: image NOT recognized as rational: [ 0.1458980337 - 8.135064473E-29*$.1, -0.8196601125 - 4.730954579E-29*$.1, 1.000000000 ]
status: images not rational (no rational fiber)

--- D = -955 (h = 4) ---
  CM point at tau = 0.0316456 + 0.0391178*$.1: image NOT recognized as rational: [ 6.854101966 - 2.447024561E-199*$.1, -23.18033989 + 4.795966875E-199*$.1, 1.000000000 ]
  CM point at tau = 0.290235 + 0.00558826*$.1: image NOT recognized as rational: [ 0.1458980337 - 1.435964822E-45*$.1, -0.8196601125 + 1.330617579E-45*$.1, 1.000000000 ]
status: images not rational (no rational fiber)

--- D = -1555 (h = 4) ---
  CM point at tau = 0.00632911 + 0.0499158*$.1: image NOT recognized as rational: [ 7.236067977 - 4.793165751E-199*$.1, -24.94427191 + 2.514982382E-198*$.1, 1.000000000 ]
  CM point at tau = 0.235667 + 0.00293623*$.1: image NOT recognized as rational: [ 2.763932022 + 4.567937053E-23*$.1, -7.055728090 - 2.162028272E-22*$.1, 1.000000000 ]
status: images not rational (no rational fiber)

================ SWEEP SUMMARY for X_0(395)* -> X_0(79)* ================
  D = -24: CM points |--> Q = (0 : 1 : 0); THIRD POINT (1 : 0 : 0 : 0) — cusp
  D = -91: CM points |--> Q = (0 : 0 : 1); THIRD POINT (1 : 1 : 1 : 1) — CM disc -35
  D = -120: CM points |--> Q = (0 : -1 : 1); THIRD POINT (0 : 0 : 1 : 0) — CM disc -15

#################### N = 142, p = 3 ####################
N = 142, p = 3: E = 142b1 (conductor 142), delta* = 1, expected degree 3
[BuildTripleCover] building model of X_0(426)* (eval_prec = 400, cached if available)... [cache] loaded 3000-term star forms for level 426
done (3.040 s)
[cache] loaded triple-cover map for (N=142, p=3) -> 142b1
X_0(426)* = Curve over Rational Field defined by
9*z[1]^2*z[3] - 9*z[1]*z[2]^2 + 3*z[1]*z[2]*z[4] - 4*z[1]*z[4]^2 - 3*z[2]^2*z[3] + 12*z[2]^2*z[4] + 13*z[2]*z[3]*z[4] - 2*z[2]*z[4]^2 + 3*z[3]^3 - 8*z[3]^2*z[4] - 26*z[3]*z[4]^2,
9*z[1]^2*z[4] + 6*z[1]*z[2]*z[4] - 4*z[1]*z[4]^2 - 9*z[2]^3 + 3*z[2]^2*z[3] + 6*z[2]*z[3]^2 + z[2]*z[3]*z[4] - 2*z[2]*z[4]^2 - 6*z[3]^3 + z[3]^2*z[4] + 19*z[3]*z[4]^2,
3*z[1]*z[2]*z[3] + 2*z[1]*z[2]*z[4] - 3*z[2]^3 - 2*z[2]^2*z[3] + z[2]^2*z[4] + z[2]*z[3]^2 + 4*z[2]*z[3]*z[4],
9*z[1]*z[3]^2 - 4*z[1]*z[4]^2 - 9*z[2]^2*z[3] + 6*z[2]^2*z[4] - 6*z[2]*z[3]^2 + 7*z[2]*z[3]*z[4] - 2*z[2]*z[4]^2 + 3*z[3]^3 + 10*z[3]^2*z[4] - 8*z[3]*z[4]^2,
3*z[1]*z[3]*z[4] + 2*z[1]*z[4]^2 - 3*z[2]^2*z[4] - 2*z[2]*z[3]*z[4] + z[2]*z[4]^2 + z[3]^2*z[4] + 4*z[3]*z[4]^2
E = [ 1, 1, 0, -1, -1 ] (142b1)

===== SWEEP of CM discriminants for X_0(426)* -> X_0(142)* =====
found 8 small rational points on X_0(426)* (bound 100000)
found CM point at discriminant -408
found CM point at discriminant -84
found CM point at discriminant -168
found CM point at discriminant -372
found CM point at discriminant -708
found CM point at discriminant -312
found CM point at discriminant -132

labelling the rational points:
  disc = -408 -> rats[2] -> (3 : 3 : 2 : 1) (CM)
  disc = -708 -> rats[7] -> (-2 : 4/3 : -4/3 : 1) (CM)
  disc = -132 -> rats[8] -> (0 : -1 : 1 : 0) (CM)
  disc = -372 -> rats[3] -> (1/3 : -1/3 : 0 : 1) (CM)
  disc = -84 -> rats[6] -> (1 : 1 : 0 : 1) (CM)
  disc = -312 -> rats[1] -> (1 : 1/3 : -1/3 : 1) (CM)
  disc = -168 -> rats[4] -> (0 : 0 : 0 : 1) (CM)
  Cusp -> rats[5]
Labelled 8 CM+cusp, 0 exceptional

small rational points, their labels and images under pi:
  P1 = (1 : 1/3 : -1/3 : 1)  [CM disc -312]  |-->  (-5/4 : 1/8 : 1)
  P2 = (3 : 3 : 2 : 1)  [CM disc -408]  |-->  (1 : -1 : 1)
  P3 = (1/3 : -1/3 : 0 : 1)  [CM disc -372]  |-->  (-5/4 : 9/8 : 1)
  P4 = (0 : 0 : 0 : 1)  [CM disc -168]  |-->  (-1 : 1 : 1)
  P5 = (1 : 0 : 0 : 0)  [cusp]  |-->  (0 : 1 : 0)
  P6 = (1 : 1 : 0 : 1)  [CM disc -84]  |-->  (-1 : 0 : 1)
  P7 = (-2 : 4/3 : -4/3 : 1)  [CM disc -708]  |-->  (1 : -1 : 1)
  P8 = (0 : -1 : 1 : 0)  [CM disc -132]  |-->  (1 : -1 : 1)

candidate discs (degree-2 CM points on X_0(426)*): [ -39, -56, -68, -156, -264, -276, -420, -552, -564, -660, -840, -852, -1128, -1320, -1380, -4260 ]

--- CUSP FIBER: fiber of pi over Q = (0 : 1 : 0) (contains the cusp), splits as degrees [ 1, 2 ] ---
  deg-2 place (mult 1) over Number Field with defining polynomial x^2 - x - 4 over the Rational Field:
      (-1 : 1 : K.1 : 1)
  deg-1 place (mult 1): rational point (1 : 0 : 0 : 0)  [cusp]  <-- the cusp
cusp-fiber status: cusp fiber: degrees [ 1, 2 ]

--- fiber of pi over Q = (-5/4 : 1/8 : 1) through known point (1 : 1/3 : -1/3 : 1) [CM disc -312], splits as degrees [ 1, 2 ] ---
  deg-1 place (mult 1): rational point (1 : 1/3 : -1/3 : 1)  [CM disc -312]  <-- P itself
  deg-2 place (mult 1) over Number Field with defining polynomial x^2 + 47/18*x + 16/9 over the Rational Field:
      (1/4*(9*K.1 + 12) : 1/2*(7*K.1 + 10) : K.1 : 1)

--- fiber of pi over Q = (1 : -1 : 1) through known point (3 : 3 : 2 : 1) [CM disc -408], splits as degrees [ 1, 1, 1 ] ---
  deg-1 place (mult 1): rational point (3 : 3 : 2 : 1)  [CM disc -408]  <-- P itself
  deg-1 place (mult 1): rational point (-2 : 4/3 : -4/3 : 1)  [CM disc -708]
  deg-1 place (mult 1): rational point (0 : -1 : 1 : 0)  [CM disc -132]

--- fiber of pi over Q = (-5/4 : 9/8 : 1) through known point (1/3 : -1/3 : 0 : 1) [CM disc -372], splits as degrees [ 1, 2 ] ---
  deg-1 place (mult 1): rational point (1/3 : -1/3 : 0 : 1)  [CM disc -372]  <-- P itself
  deg-2 place (mult 1) over Number Field with defining polynomial x^2 + 5/2*x + 5/2 over the Rational Field:
      (1/4*(-K.1 - 7) : 1/2*(K.1 + 1) : K.1 : 1)

--- fiber of pi over Q = (-1 : 1 : 1) through known point (0 : 0 : 0 : 1) [CM disc -168], splits as degrees [ 1, 2 ] ---
  deg-1 place (mult 1): rational point (0 : 0 : 0 : 1)  [CM disc -168]  <-- P itself
  deg-2 place (mult 1) over Number Field with defining polynomial x^2 + 3/2*x + 1 over the Rational Field:
      (-1 : K.1 + 1 : K.1 : 1)

--- fiber of pi over Q = (0 : 1 : 0) through known point (1 : 0 : 0 : 0) [cusp], splits as degrees [ 1, 2 ] ---
  deg-2 place (mult 1) over Number Field with defining polynomial x^2 - x - 4 over the Rational Field:
      (-1 : 1 : K.1 : 1)
  deg-1 place (mult 1): rational point (1 : 0 : 0 : 0)  [cusp]  <-- P itself

--- fiber of pi over Q = (-1 : 0 : 1) through known point (1 : 1 : 0 : 1) [CM disc -84], splits as degrees [ 1, 2 ] ---
  deg-1 place (mult 1): rational point (1 : 1 : 0 : 1)  [CM disc -84]  <-- P itself
  deg-2 place (mult 1) over Number Field with defining polynomial x^2 - 3*x + 9 over the Rational Field:
      (0 : 1/3*K.1 : -1 : 1)

--- fiber of pi over Q = (1 : -1 : 1) through known point (-2 : 4/3 : -4/3 : 1) [CM disc -708], splits as degrees [ 1, 1, 1 ] ---
  deg-1 place (mult 1): rational point (3 : 3 : 2 : 1)  [CM disc -408]
  deg-1 place (mult 1): rational point (-2 : 4/3 : -4/3 : 1)  [CM disc -708]  <-- P itself
  deg-1 place (mult 1): rational point (0 : -1 : 1 : 0)  [CM disc -132]

--- fiber of pi over Q = (1 : -1 : 1) through known point (0 : -1 : 1 : 0) [CM disc -132], splits as degrees [ 1, 1, 1 ] ---
  deg-1 place (mult 1): rational point (3 : 3 : 2 : 1)  [CM disc -408]
  deg-1 place (mult 1): rational point (-2 : 4/3 : -4/3 : 1)  [CM disc -708]
  deg-1 place (mult 1): rational point (0 : -1 : 1 : 0)  [CM disc -132]  <-- P itself
>>> PARTNER in the fiber over Q = (1 : -1 : 1) (via known point (3 : 3 : 2 : 1) [CM disc -408]):
>>>     (-2 : 4/3 : -4/3 : 1)   —   CM disc -708
>>> PARTNER in the fiber over Q = (1 : -1 : 1) (via known point (3 : 3 : 2 : 1) [CM disc -408]):
>>>     (0 : -1 : 1 : 0)   —   CM disc -132
>>> PARTNER in the fiber over Q = (1 : -1 : 1) (via known point (-2 : 4/3 : -4/3 : 1) [CM disc -708]):
>>>     (0 : -1 : 1 : 0)   —   CM disc -132
rational-point-fiber status: 8 known point(s) checked

--- D = -39 (h = 4) ---
  CM point at tau = 0.306338 + 0.00732981*$.1: image NOT recognized as rational: [ -0.8166538264 - 1.766484955E-59*$.1, 0.7333846944 - 2.087799774E-59*$.1, 1.000000000 ]
  CM point at tau = 0.193662 + 0.00732981*$.1: image NOT recognized as rational: [ 20.81665383 + 5.126359359E-57*$.1, 87.26661531 + 7.585664485E-56*$.1, 1.000000000 ]
status: images not rational (no rational fiber)

--- D = -56 (h = 4) ---
  CM point at tau = 0.441315 + 0.00878324*$.1  |-->  Q = (-1 : 1 : 1)
  CM point at tau = 0.107981 + 0.00878324*$.1  |-->  Q = (-1 : 1 : 1)
all disc--56 CM points map to the SAME rational point — as expected

--- fiber of pi over Q1 = (-1 : 1 : 1) (image of the disc--56 CM points) ---
  deg-1 place (mult 1): rational point (0 : 0 : 0 : 1)  [CM disc -168]
  deg-2 place (mult 1) over Number Field with defining polynomial x^2 + 3/2*x + 1 over the Rational Field:
      (-1 : K.1 + 1 : K.1 : 1)   <-- the two disc--56 CM points
>>> THIRD POINT in the fiber over Q = (-1 : 1 : 1):
>>>     (0 : 0 : 0 : 1)   —   CM disc -168
status: 1 rational fiber(s)

--- D = -68 (h = 4) ---
  CM point at tau = 0.467136 + 0.00967865*$.1  |-->  Q = (0 : 1 : 0)
  CM point at tau = 0.199531 + 0.00967865*$.1  |-->  Q = (0 : 1 : 0)
all disc--68 CM points map to the SAME rational point — as expected

--- fiber of pi over Q1 = (0 : 1 : 0) (image of the disc--68 CM points) ---
  deg-2 place (mult 1) over Number Field with defining polynomial x^2 - x - 4 over the Rational Field:
      (-1 : 1 : K.1 : 1)   <-- the two disc--68 CM points
  deg-1 place (mult 1): rational point (1 : 0 : 0 : 0)  [cusp]
>>> THIRD POINT in the fiber over Q = (0 : 1 : 0):
>>>     (1 : 0 : 0 : 0)   —   cusp
status: 1 rational fiber(s)

--- D = -156 (h = 4) ---
  CM point at tau = 0.387324 + 0.0146596*$.1  |-->  Q = (-1 : 0 : 1)
  CM point at tau = -0.387324 + 0.0146596*$.1  |-->  Q = (-1 : 0 : 1)
all disc--156 CM points map to the SAME rational point — as expected

--- fiber of pi over Q1 = (-1 : 0 : 1) (image of the disc--156 CM points) ---
  deg-1 place (mult 1): rational point (1 : 1 : 0 : 1)  [CM disc -84]
  deg-2 place (mult 1) over Number Field with defining polynomial x^2 - 3*x + 9 over the Rational Field:
      (0 : 1/3*K.1 : -1 : 1)   <-- the two disc--156 CM points
>>> THIRD POINT in the fiber over Q = (-1 : 0 : 1):
>>>     (1 : 1 : 0 : 1)   —   CM disc -84
status: 1 rational fiber(s)

--- D = -264 (h = 8) ---
  CM point at tau = 0.126760 + 0.0190705*$.1: image NOT recognized as rational: [ -2.000000000 + 1.220070578E-154*$.1, 1.000000000 - 1.414213562*$.1, 1.000000000 ]
  CM point at tau = -0.126760 + 0.0190705*$.1: image NOT recognized as rational: [ -2.000000000 - 1.220070578E-154*$.1, 1.000000000 + 1.414213562*$.1, 1.000000000 ]
status: images not rational (no rational fiber)

--- D = -276 (h = 8) ---
  CM point at tau = 0.471831 + 0.0194991*$.1: image NOT recognized as rational: [ 2.732050808 - 1.159046797E-157*$.1, -6.464101615 - 2.771083186E-157*$.1, 1.000000000 ]
  CM point at tau = 0.305634 + 0.00389982*$.1: image NOT recognized as rational: [ -0.7320508076 - 1.753805327E-31*$.1, 0.4641016151 - 1.419828566E-31*$.1, 1.000000000 ]
status: images not rational (no rational fiber)

--- D = -420 (h = 8) ---
  CM point at tau = 0.105634 + 0.0240539*$.1: image NOT recognized as rational: [ -1.093750000 - 0.6051536478*$.1, 1.570312500 + 0.4538652359*$.1, 1.000000000 ]
  CM point at tau = -0.105634 + 0.0240539*$.1: image NOT recognized as rational: [ -1.093750000 + 0.6051536478*$.1, 1.570312500 - 0.4538652359*$.1, 1.000000000 ]
status: images not rational (no rational fiber)

--- D = -552 (h = 8) ---
  CM point at tau = 0.338028 + 0.0275759*$.1: image NOT recognized as rational: [ -1.449489743 - 3.480747303E-200*$.1, 0.5505102572 - 5.711509242E-201*$.1, 1.000000000 ]
  CM point at tau = 0.191147 + 0.00393942*$.1: image NOT recognized as rational: [ 3.449489743 - 1.103050823E-30*$.1, 5.449489743 - 3.539911830E-30*$.1, 1.000000000 ]
status: images not rational (no rational fiber)

--- D = -564 (h = 8) ---
  CM point at tau = 0.330986 + 0.0278741*$.1: image NOT recognized as rational: [ -1.464101615 - 1.224249849E-202*$.1, 0.8038475773 + 1.929946551E-200*$.1, 1.000000000 ]
  CM point at tau = 0.466197 + 0.00557481*$.1: image NOT recognized as rational: [ 5.464101615 - 2.284359356E-43*$.1, 11.19615242 - 5.576848583E-43*$.1, 1.000000000 ]
status: images not rational (no rational fiber)

--- D = -660 (h = 8) ---
  CM point at tau = 0.429577 + 0.0301531*$.1: image NOT recognized as rational: [ -0.5000000000 + 1.717177472E-200*$.1, 0.2500000000 + 0.5590169944*$.1, 1.000000000 ]
  CM point at tau = -0.429577 + 0.0301531*$.1: image NOT recognized as rational: [ -0.5000000000 - 1.717177472E-200*$.1, 0.2500000000 - 0.5590169944*$.1, 1.000000000 ]
status: images not rational (no rational fiber)

--- D = -840 (h = 8) ---
  CM point at tau = 0.267606 + 0.0340173*$.1: image NOT recognized as rational: [ -2.464110079E-200 - 1.414213562*$.1, 1.000000000 + 2.828427125*$.1, 1.000000000 ]
  CM point at tau = -0.267606 + 0.0340173*$.1: image NOT recognized as rational: [ -2.464110079E-200 + 1.414213562*$.1, 1.000000000 - 2.828427125*$.1, 1.000000000 ]
status: images not rational (no rational fiber)

--- D = -852 (h = 8) ---
  CM point at tau = 0.500000 + 0.0342594*$.1: image NOT recognized as rational: [ 0.9474411167 + 1.450822319E-398*$.1, -0.6320878172 - 1.651455375E-397*$.1, 1.000000000 ]
  CM point at tau = 0.214286 + 0.00489420*$.1: image NOT recognized as rational: [ 39.05255888 - 3.026748960E-34*$.1, -267.3679122 - 7.001145198E-33*$.1, 1.000000000 ]
status: images not rational (no rational fiber)

--- D = -1128 (h = 8) ---
  CM point at tau = 0.0281690 + 0.0394198*$.1: image NOT recognized as rational: [ 1.724744871 + 1.512145441E-199*$.1, -3.337117307 + 4.610304599E-199*$.1, 1.000000000 ]
  CM point at tau = 0.361075 + 0.00358362*$.1: image NOT recognized as rational: [ -0.7247448714 + 4.510687840E-30*$.1, 0.3371173071 - 1.039186343E-29*$.1, 1.000000000 ]
status: images not rational (no rational fiber)

--- D = -1320 (h = 8) ---
  CM point at tau = 0.154930 + 0.0426430*$.1: image NOT recognized as rational: [ -4.625000000 - 2.420614591*$.1, 9.937500000 - 6.051536479*$.1, 1.000000000 ]
  CM point at tau = -0.154930 + 0.0426430*$.1: image NOT recognized as rational: [ -4.625000000 + 2.420614591*$.1, 9.937500000 + 6.051536479*$.1, 1.000000000 ]
status: images not rational (no rational fiber)

--- D = -1380 (h = 8) ---
  CM point at tau = 0.0211267 + 0.0436013*$.1: image NOT recognized as rational: [ 2.032266461 - 1.336519590E-199*$.1, -4.260180874 - 1.271587622E-198*$.1, 1.000000000 ]
  CM point at tau = 0.204225 + 0.00872026*$.1: image NOT recognized as rational: [ 125.9677335 - 1.991080380E-66*$.1, -1483.739819 - 1.619666938E-64*$.1, 1.000000000 ]
status: images not rational (no rational fiber)

--- D = -4260 (h = 16) ---
  CM point at tau = 0.500000 + 0.0766064*$.1: image NOT recognized as rational: [ 1.127016654 + 2.401913322E-200*$.1, 0.3810499614 + 5.954804617E-200*$.1, 1.000000000 ]
  CM point at tau = 0.192308 + 0.00589281*$.1: image NOT recognized as rational: [ 8.872983346 + 4.633996805E-46*$.1, 23.61895004 + 2.877107059E-45*$.1, 1.000000000 ]
status: images not rational (no rational fiber)

================ SWEEP SUMMARY for X_0(426)* -> X_0(142)* ================
  RATIONAL-POINT fiber |--> Q = (1 : -1 : 1); RESIDUAL POINT (-2 : 4/3 : -4/3 : 1) — CM disc -708  (partner of known point (3 : 3 : 2 : 1) [CM disc -408])
  RATIONAL-POINT fiber |--> Q = (1 : -1 : 1); RESIDUAL POINT (0 : -1 : 1 : 0) — CM disc -132  (partner of known point (3 : 3 : 2 : 1) [CM disc -408])
  RATIONAL-POINT fiber |--> Q = (1 : -1 : 1); RESIDUAL POINT (0 : -1 : 1 : 0) — CM disc -132  (partner of known point (-2 : 4/3 : -4/3 : 1) [CM disc -708])
  D = -56: CM points |--> Q = (-1 : 1 : 1); THIRD POINT (0 : 0 : 0 : 1) — CM disc -168
  D = -68: CM points |--> Q = (0 : 1 : 0); THIRD POINT (1 : 0 : 0 : 0) — cusp
  D = -156: CM points |--> Q = (-1 : 0 : 1); THIRD POINT (1 : 1 : 0 : 1) — CM disc -84

#################### N = 143, p = 3 ####################
N = 143, p = 3: E = 143a1 (conductor 143), delta* = 1, expected degree 3
[BuildTripleCover] building model of X_0(429)* (eval_prec = 400, cached if available)... [cache] loaded 3000-term star forms for level 429
done (2.500 s)
[cache] loaded triple-cover map for (N=143, p=3) -> 143a1
X_0(429)* = Curve over Rational Field defined by
z[1]^3*z[3] - z[1]^2*z[2]^2 - z[1]^2*z[3]^2 + z[1]*z[2]^3 + 2*z[1]*z[2]^2*z[3] - 4*z[1]*z[2]*z[3]^2 - z[1]*z[3]^3 - z[2]^4 + 2*z[2]^3*z[3] - 2*z[2]^2*z[3]^2 - 2*z[2]*z[3]^3
E = [ 0, -1, 1, -1, -2 ] (143a1)

===== SWEEP of CM discriminants for X_0(429)* -> X_0(143)* =====
found 5 small rational points on X_0(429)* (bound 100000)
found CM point at discriminant -51
found CM point at discriminant -627
found CM point at discriminant -195
found CM point at discriminant -3003

labelling the rational points:
  disc = -627 -> rats[1] -> (4 : 2 : 1) (CM)
  disc = -3003 -> rats[4] -> (1 : -1 : 1) (CM)
  disc = -195 -> rats[5] -> (3 : 1 : 1) (CM)
  disc = -51 -> rats[2] -> (0 : 0 : 1) (CM)
  Cusp -> rats[3]
Labelled 5 CM+cusp, 0 exceptional

small rational points, their labels and images under pi:
  P1 = (4 : 2 : 1)  [CM disc -627]  |-->  (2 : 0 : 1)
  P2 = (0 : 0 : 1)  [CM disc -51]  |-->  (2 : 0 : 1)
  P3 = (1 : 0 : 0)  [cusp]  |-->  (0 : 1 : 0)
  P4 = (1 : -1 : 1)  [CM disc -3003]  |-->  (2 : 0 : 1)
  P5 = (3 : 1 : 1)  [CM disc -195]  |-->  (4 : 6 : 1)

candidate discs (degree-2 CM points on X_0(429)*): [ -35, -39, -120, -156, -264, -363, -624, -660, -1443, -1947, -2067, -3432, -9867 ]

--- CUSP FIBER: fiber of pi over Q = (0 : 1 : 0) (contains the cusp), splits as degrees [ 1, 2 ] ---
  deg-2 place (mult 1) over Number Field with defining polynomial x^2 - x - 1 over the Rational Field:
      (K.1 : 0 : 1)
  deg-1 place (mult 1): rational point (1 : 0 : 0)  [cusp]  <-- the cusp
cusp-fiber status: cusp fiber: degrees [ 1, 2 ]

--- fiber of pi over Q = (2 : 0 : 1) through known point (4 : 2 : 1) [CM disc -627], splits as degrees [ 1, 1, 1 ] ---
  deg-1 place (mult 1): rational point (4 : 2 : 1)  [CM disc -627]  <-- P itself
  deg-1 place (mult 1): rational point (0 : 0 : 1)  [CM disc -51]
  deg-1 place (mult 1): rational point (1 : -1 : 1)  [CM disc -3003]

--- fiber of pi over Q = (2 : 0 : 1) through known point (0 : 0 : 1) [CM disc -51], splits as degrees [ 1, 1, 1 ] ---
  deg-1 place (mult 1): rational point (4 : 2 : 1)  [CM disc -627]
  deg-1 place (mult 1): rational point (0 : 0 : 1)  [CM disc -51]  <-- P itself
  deg-1 place (mult 1): rational point (1 : -1 : 1)  [CM disc -3003]

--- fiber of pi over Q = (0 : 1 : 0) through known point (1 : 0 : 0) [cusp], splits as degrees [ 1, 2 ] ---
  deg-2 place (mult 1) over Number Field with defining polynomial x^2 - x - 1 over the Rational Field:
      (K.1 : 0 : 1)
  deg-1 place (mult 1): rational point (1 : 0 : 0)  [cusp]  <-- P itself

--- fiber of pi over Q = (2 : 0 : 1) through known point (1 : -1 : 1) [CM disc -3003], splits as degrees [ 1, 1, 1 ] ---
  deg-1 place (mult 1): rational point (4 : 2 : 1)  [CM disc -627]
  deg-1 place (mult 1): rational point (0 : 0 : 1)  [CM disc -51]
  deg-1 place (mult 1): rational point (1 : -1 : 1)  [CM disc -3003]  <-- P itself

--- fiber of pi over Q = (4 : 6 : 1) through known point (3 : 1 : 1) [CM disc -195], splits as degrees [ 1, 2 ] ---
  deg-1 place (mult 1): rational point (3 : 1 : 1)  [CM disc -195]  <-- P itself
  deg-2 place (mult 1) over Number Field with defining polynomial x^2 + 10/7*x - 2/7 over the Rational Field:
      (-2*K.1 : K.1 : 1)
>>> PARTNER in the fiber over Q = (2 : 0 : 1) (via known point (4 : 2 : 1) [CM disc -627]):
>>>     (0 : 0 : 1)   —   CM disc -51
>>> PARTNER in the fiber over Q = (2 : 0 : 1) (via known point (4 : 2 : 1) [CM disc -627]):
>>>     (1 : -1 : 1)   —   CM disc -3003
>>> PARTNER in the fiber over Q = (2 : 0 : 1) (via known point (0 : 0 : 1) [CM disc -51]):
>>>     (1 : -1 : 1)   —   CM disc -3003
rational-point-fiber status: 5 known point(s) checked

--- D = -35 (h = 2) ---
  CM point at tau = 0.406760 + 0.00689520*$.1  |-->  Q = (0 : 1 : 0)
  CM point at tau = 0.285548 + 0.00689520*$.1  |-->  Q = (0 : 1 : 0)
all disc--35 CM points map to the SAME rational point — as expected

--- fiber of pi over Q1 = (0 : 1 : 0) (image of the disc--35 CM points) ---
  deg-2 place (mult 1) over Number Field with defining polynomial x^2 - x - 1 over the Rational Field:
      (K.1 : 0 : 1)   <-- the two disc--35 CM points
  deg-1 place (mult 1): rational point (1 : 0 : 0)  [cusp]
>>> THIRD POINT in the fiber over Q = (0 : 1 : 0):
>>>     (1 : 0 : 0)   —   cusp
status: 1 rational fiber(s)

--- D = -39 (h = 4) ---
  CM point at tau = 0.136364 + 0.00727855*$.1: image NOT recognized as rational: [ -0.5000000000 - 0.8660254038*$.1, -1.000000000 - 2.032557442E-56*$.1, 1.000000000 ]
  CM point at tau = -0.136364 + 0.00727855*$.1: image NOT recognized as rational: [ -0.5000000000 + 0.8660254038*$.1, -1.000000000 + 2.032557442E-56*$.1, 1.000000000 ]
status: images not rational (no rational fiber)

--- D = -120 (h = 4) ---
  CM point at tau = 0.447553 + 0.0127674*$.1: image NOT recognized as rational: [ -0.5000000000 - 0.8660254038*$.1, 3.118339561E-103 - 4.009618578E-103*$.1, 1.000000000 ]
  CM point at tau = -0.370629 + 0.0127674*$.1: image NOT recognized as rational: [ -0.5000000000 + 0.8660254038*$.1, 1.421605747E-103 - 1.804665505E-103*$.1, 1.000000000 ]
status: images not rational (no rational fiber)

--- D = -156 (h = 4) ---
  CM point at tau = 0.272727 + 0.0145571*$.1: image NOT recognized as rational: [ -14.50000000 + 11.25833025*$.1, -67.00000000 - 45.03332100*$.1, 1.000000000 ]
  CM point at tau = -0.272727 + 0.0145571*$.1: image NOT recognized as rational: [ -14.50000000 - 11.25833025*$.1, -67.00000000 + 45.03332100*$.1, 1.000000000 ]
status: images not rational (no rational fiber)

--- D = -264 (h = 8) ---
  CM point at tau = 0.230769 + 0.0189371*$.1: image NOT recognized as rational: [ -2.239161075E-153 + 1.414213562*$.1, -2.000000000 + 1.414213562*$.1, 1.000000000 ]
  CM point at tau = -0.230769 + 0.0189371*$.1: image NOT recognized as rational: [ -2.239161075E-153 - 1.414213562*$.1, -2.000000000 - 1.414213562*$.1, 1.000000000 ]
status: images not rational (no rational fiber)

--- D = -363 (h = 1) ---
  CM point at tau = 0.423077 + 0.0222058*$.1: image NOT recognized as rational: [ -1.000000000 + 4.130131283E-180*$.1, -0.5000000000 + 1.658312395*$.1, 1.000000000 ]
  CM point at tau = -0.423077 + 0.0222058*$.1: image NOT recognized as rational: [ -1.000000000 - 4.130131283E-180*$.1, -0.5000000000 - 1.658312395*$.1, 1.000000000 ]
status: images not rational (no rational fiber)

--- D = -624 (h = 4) ---
  CM point at tau = 0.454545 + 0.0291142*$.1: image NOT recognized as rational: [ 0.5000000000 - 0.8660254038*$.1, -4.528133931E-200 + 1.732050808*$.1, 1.000000000 ]
  CM point at tau = -0.454545 + 0.0291142*$.1: image NOT recognized as rational: [ 0.5000000000 + 0.8660254038*$.1, -4.528133931E-200 - 1.732050808*$.1, 1.000000000 ]
status: images not rational (no rational fiber)

--- D = -660 (h = 8) ---
  CM point at tau = 0.307693 + 0.0299423*$.1: image NOT recognized as rational: [ -4.500000000 - 1.658312395*$.1, 5.000000000 - 9.949874371*$.1, 1.000000000 ]
  CM point at tau = -0.307693 + 0.0299423*$.1: image NOT recognized as rational: [ -4.500000000 + 1.658312395*$.1, 5.000000000 + 9.949874371*$.1, 1.000000000 ]
status: images not rational (no rational fiber)

--- D = -1443 (h = 8) ---
  CM point at tau = 0.227273 + 0.0442737*$.1: image NOT recognized as rational: [ -2.000000000 + 1.732050808*$.1, -4.500000000 - 2.598076211*$.1, 1.000000000 ]
  CM point at tau = -0.227273 + 0.0442737*$.1: image NOT recognized as rational: [ -2.000000000 - 1.732050808*$.1, -4.500000000 + 2.598076211*$.1, 1.000000000 ]
status: images not rational (no rational fiber)

--- D = -1947 (h = 8) ---
  CM point at tau = 0.192308 + 0.0514275*$.1: image NOT recognized as rational: [ -1.750000000 - 1.633025221E-200*$.1, -0.5000000000 - 2.902046692*$.1, 1.000000000 ]
  CM point at tau = -0.192308 + 0.0514275*$.1: image NOT recognized as rational: [ -1.750000000 + 1.633025221E-200*$.1, -0.5000000000 + 2.902046692*$.1, 1.000000000 ]
status: images not rational (no rational fiber)

--- D = -2067 (h = 8) ---
  CM point at tau = 0.409091 + 0.0529886*$.1: image NOT recognized as rational: [ -0.3200000000 + 1.008761617*$.1, -1.392000000 + 0.6052569702*$.1, 1.000000000 ]
  CM point at tau = -0.409091 + 0.0529886*$.1: image NOT recognized as rational: [ -0.3200000000 - 1.008761617*$.1, -1.392000000 - 0.6052569702*$.1, 1.000000000 ]
status: images not rational (no rational fiber)

--- D = -3432 (h = 16) ---
  CM point at tau = 0.0682789*$.1: image NOT recognized as rational: [ 2.619168480, -3.095842402, 1.000000000 ]
  CM point at tau = 0.294117 + 0.00401641*$.1: image NOT recognized as rational: [ 21.38083152 + 1.389648740E-29*$.1, -96.90415760 - 9.366639428E-29*$.1, 1.000000000 ]
status: images not rational (no rational fiber)

--- D = -9867 (h = 16) ---
  CM point at tau = 0.500000 + 0.115772*$.1: image NOT recognized as rational: [ 3.453392189 + 8.495470662E-200*$.1, 4.404646869 + 2.413802676E-199*$.1, 1.000000000 ]
  CM point at tau = 0.293103 + 0.00399216*$.1: image NOT recognized as rational: [ 26.29660781 + 3.394891564E-29*$.1, -132.6546469 - 2.556575302E-28*$.1, 1.000000000 ]
status: images not rational (no rational fiber)

================ SWEEP SUMMARY for X_0(429)* -> X_0(143)* ================
  RATIONAL-POINT fiber |--> Q = (2 : 0 : 1); RESIDUAL POINT (0 : 0 : 1) — CM disc -51  (partner of known point (4 : 2 : 1) [CM disc -627])
  RATIONAL-POINT fiber |--> Q = (2 : 0 : 1); RESIDUAL POINT (1 : -1 : 1) — CM disc -3003  (partner of known point (4 : 2 : 1) [CM disc -627])
  RATIONAL-POINT fiber |--> Q = (2 : 0 : 1); RESIDUAL POINT (1 : -1 : 1) — CM disc -3003  (partner of known point (0 : 0 : 1) [CM disc -51])
  D = -35: CM points |--> Q = (0 : 1 : 0); THIRD POINT (1 : 0 : 0) — cusp

#################### N = 201, p = 1 ####################
M = 201: new-quotient triple cover to 201a1 (modular degree 12)
[BuildTripleCoverNew] building model of X_0(201)* (eval_prec = 400, cached if available)... [cache] loaded 3000-term star forms for level 201
done (0.230 s)
[cache] loaded triple-cover map for (N=201, p=1) -> 201a1
X_0(201)* = Curve over Rational Field defined by
z[1]^2*z[3] - z[1]*z[2]^2 + z[1]*z[2]*z[4],
z[1]^2*z[4] - 3*z[1]*z[4]^2 - z[2]^3 + z[2]*z[3]^2 + 2*z[2]*z[3]*z[4] + 6*z[2]*z[4]^2 - 2*z[3]^2*z[4] - 3*z[3]*z[4]^2 - 3*z[4]^3,
z[1]*z[2]*z[3] - z[2]^3 + z[2]^2*z[4],
z[1]*z[3]^2 - z[2]^2*z[3] + z[2]*z[3]*z[4],
z[1]*z[3]*z[4] - z[2]^2*z[4] + z[2]*z[4]^2
E = [ 0, -1, 1, 2, 0 ] (201a1)

===== SWEEP of CM discriminants for X_0(201)* -> X_0(201)* =====
found 11 small rational points on X_0(201)* (bound 100000)
found CM point at discriminant -3
found CM point at discriminant -8
found CM point at discriminant -27
found CM point at discriminant -11
found CM point at discriminant -12
found CM point at discriminant -48
found CM point at discriminant -51
found CM point at discriminant -267
found CM point at discriminant -147
found CM point at discriminant -75

labelling the rational points:
  disc = -267 -> rats[7] -> (6 : -2 : 1 : 1) (CM)
  disc = -11 -> rats[5] -> (1 : 1 : 1 : 0) (CM)
  disc = -147 -> rats[8] -> (1 : -1 : 1 : 0) (CM)
  disc = -12 -> rats[9] -> (2 : 1 : 0 : 1) (CM)
  disc = -27 -> rats[3] -> (0 : 0 : 1 : 0) (CM)
  disc = -75 -> rats[2] -> (2 : 2 : 1 : 1) (CM)
  disc = -48 -> rats[1] -> (0 : 1 : -2 : 1) (CM)
  disc = -3 -> rats[6] -> (-6/7 : -1/7 : -4/21 : 1) (CM)
  disc = -51 -> rats[4] -> (0 : 1 : 1 : 1) (CM)
  disc = -8 -> rats[11] -> (1 : 1 : 0 : 1) (CM)
  Cusp -> rats[10]
Labelled 11 CM+cusp, 0 exceptional

small rational points, their labels and images under pi:
  P1 = (0 : 1 : -2 : 1)  [CM disc -48]  |-->  (1 : 1 : 1)
  P2 = (2 : 2 : 1 : 1)  [CM disc -75]  |-->  (0 : 1 : 0)
  P3 = (0 : 0 : 1 : 0)  [CM disc -27]  |-->  (0 : 0 : 1)
  P4 = (0 : 1 : 1 : 1)  [CM disc -51]  |-->  (1 : -2 : 1)
  P5 = (1 : 1 : 1 : 0)  [CM disc -11]  |-->  (0 : 0 : 1)
  P6 = (-6/7 : -1/7 : -4/21 : 1)  [CM disc -3]  |-->  (21/25 : -231/125 : 1)
  P7 = (6 : -2 : 1 : 1)  [CM disc -267]  |-->  (1/16 : -71/64 : 1)
  P8 = (1 : -1 : 1 : 0)  [CM disc -147]  |-->  (0 : 0 : 1)
  P9 = (2 : 1 : 0 : 1)  [CM disc -12]  |-->  (5 : -11 : 1)
  P10 = (1 : 0 : 0 : 0)  [cusp]  |-->  (0 : 1 : 0)
  P11 = (1 : 1 : 0 : 1)  [CM disc -8]  |-->  (0 : 1 : 0)

candidate discs (degree-2 CM points on X_0(201)*): [ -20, -32, -72, -99, -120, -168, -192, -195, -219, -228, -312, -363, -507, -603, -708, -723, -795 ]

--- CUSP FIBER: fiber of pi over Q = (0 : 1 : 0) (contains the cusp), splits as degrees [ 1, 1, 1 ] ---
  deg-1 place (mult 1): rational point (2 : 2 : 1 : 1)  [CM disc -75]
  deg-1 place (mult 1): rational point (1 : 1 : 0 : 1)  [CM disc -8]
  deg-1 place (mult 1): rational point (1 : 0 : 0 : 0)  [cusp]  <-- the cusp
>>> RESIDUAL POINT in the cusp fiber over Q = (0 : 1 : 0):
>>>     (2 : 2 : 1 : 1)   —   CM disc -75
>>> RESIDUAL POINT in the cusp fiber over Q = (0 : 1 : 0):
>>>     (1 : 1 : 0 : 1)   —   CM disc -8
cusp-fiber status: cusp fiber: degrees [ 1, 1, 1 ]

--- fiber of pi over Q = (1 : 1 : 1) through known point (0 : 1 : -2 : 1) [CM disc -48], splits as degrees [ 1, 2 ] ---
  deg-1 place (mult 1): rational point (0 : 1 : -2 : 1)  [CM disc -48]  <-- P itself
  deg-2 place (mult 1) over Number Field with defining polynomial x^2 - 3/2 over the Rational Field:
      (2*K.1 : 3 : 2*K.1 : 1)

--- fiber of pi over Q = (0 : 1 : 0) through known point (2 : 2 : 1 : 1) [CM disc -75], splits as degrees [ 1, 1, 1 ] ---
  deg-1 place (mult 1): rational point (2 : 2 : 1 : 1)  [CM disc -75]  <-- P itself
  deg-1 place (mult 1): rational point (1 : 1 : 0 : 1)  [CM disc -8]
  deg-1 place (mult 1): rational point (1 : 0 : 0 : 0)  [cusp]

--- fiber of pi over Q = (0 : 0 : 1) through known point (0 : 0 : 1 : 0) [CM disc -27], splits as degrees [ 1, 1, 1 ] ---
  deg-1 place (mult 1): rational point (1 : 1 : 1 : 0)  [CM disc -11]
  deg-1 place (mult 1): rational point (0 : 0 : 1 : 0)  [CM disc -27]  <-- P itself
  deg-1 place (mult 1): rational point (1 : -1 : 1 : 0)  [CM disc -147]

--- fiber of pi over Q = (1 : -2 : 1) through known point (0 : 1 : 1 : 1) [CM disc -51], splits as degrees [ 1, 2 ] ---
  deg-1 place (mult 1): rational point (0 : 1 : 1 : 1)  [CM disc -51]  <-- P itself
  deg-2 place (mult 1) over Number Field with defining polynomial x^2 + 3*x - 3 over the Rational Field:
      (-K.1 : 0 : 0 : 1)

--- fiber of pi over Q = (0 : 0 : 1) through known point (1 : 1 : 1 : 0) [CM disc -11], splits as degrees [ 1, 1, 1 ] ---
  deg-1 place (mult 1): rational point (1 : 1 : 1 : 0)  [CM disc -11]  <-- P itself
  deg-1 place (mult 1): rational point (0 : 0 : 1 : 0)  [CM disc -27]
  deg-1 place (mult 1): rational point (1 : -1 : 1 : 0)  [CM disc -147]

--- fiber of pi over Q = (21/25 : -231/125 : 1) through known point (-6/7 : -1/7 : -4/21 : 1) [CM disc -3], splits as degrees [ 1, 2 ] ---
  deg-1 place (mult 1): rational point (-6/7 : -1/7 : -4/21 : 1)  [CM disc -3]  <-- P itself
  deg-2 place (mult 1) over Number Field with defining polynomial x^2 + 159/65*x - 2219/650 over the Rational Field:
      (1/13125*(-11570*K.1 + 13314) : 1/2625*(780*K.1 + 2219) : 1/525*(130*K.1 + 474) : 1)

--- fiber of pi over Q = (1/16 : -71/64 : 1) through known point (6 : -2 : 1 : 1) [CM disc -267], splits as degrees [ 1, 2 ] ---
  deg-2 place (mult 1) over Number Field with defining polynomial x^2 - 3/64*x - 3/256 over the Rational Field:
      (1/64*(-576*K.1 - 21) : 1/16*(-192*K.1 + 9) : 1/4*(-64*K.1 + 3) : 1)
  deg-1 place (mult 1): rational point (6 : -2 : 1 : 1)  [CM disc -267]  <-- P itself

--- fiber of pi over Q = (0 : 0 : 1) through known point (1 : -1 : 1 : 0) [CM disc -147], splits as degrees [ 1, 1, 1 ] ---
  deg-1 place (mult 1): rational point (1 : 1 : 1 : 0)  [CM disc -11]
  deg-1 place (mult 1): rational point (0 : 0 : 1 : 0)  [CM disc -27]
  deg-1 place (mult 1): rational point (1 : -1 : 1 : 0)  [CM disc -147]  <-- P itself

--- fiber of pi over Q = (5 : -11 : 1) through known point (2 : 1 : 0 : 1) [CM disc -12], splits as degrees [ 1, 2 ] ---
  deg-2 place (mult 1) over Number Field with defining polynomial x^2 - 3*x + 5/2 over the Rational Field:
      (6*K.1 - 10 : 4*K.1 - 5 : 2*K.1 - 2 : 1)
  deg-1 place (mult 1): rational point (2 : 1 : 0 : 1)  [CM disc -12]  <-- P itself

--- fiber of pi over Q = (0 : 1 : 0) through known point (1 : 0 : 0 : 0) [cusp], splits as degrees [ 1, 1, 1 ] ---
  deg-1 place (mult 1): rational point (2 : 2 : 1 : 1)  [CM disc -75]
  deg-1 place (mult 1): rational point (1 : 1 : 0 : 1)  [CM disc -8]
  deg-1 place (mult 1): rational point (1 : 0 : 0 : 0)  [cusp]  <-- P itself

--- fiber of pi over Q = (0 : 1 : 0) through known point (1 : 1 : 0 : 1) [CM disc -8], splits as degrees [ 1, 1, 1 ] ---
  deg-1 place (mult 1): rational point (2 : 2 : 1 : 1)  [CM disc -75]
  deg-1 place (mult 1): rational point (1 : 1 : 0 : 1)  [CM disc -8]  <-- P itself
  deg-1 place (mult 1): rational point (1 : 0 : 0 : 0)  [cusp]
>>> PARTNER in the fiber over Q = (0 : 1 : 0) (via known point (2 : 2 : 1 : 1) [CM disc -75]):
>>>     (1 : 1 : 0 : 1)   —   CM disc -8
>>> PARTNER in the fiber over Q = (0 : 1 : 0) (via known point (2 : 2 : 1 : 1) [CM disc -75]):
>>>     (1 : 0 : 0 : 0)   —   cusp
>>> PARTNER in the fiber over Q = (0 : 0 : 1) (via known point (0 : 0 : 1 : 0) [CM disc -27]):
>>>     (1 : 1 : 1 : 0)   —   CM disc -11
>>> PARTNER in the fiber over Q = (0 : 0 : 1) (via known point (0 : 0 : 1 : 0) [CM disc -27]):
>>>     (1 : -1 : 1 : 0)   —   CM disc -147
>>> PARTNER in the fiber over Q = (0 : 0 : 1) (via known point (1 : 1 : 1 : 0) [CM disc -11]):
>>>     (1 : -1 : 1 : 0)   —   CM disc -147
>>> PARTNER in the fiber over Q = (0 : 1 : 0) (via known point (1 : 0 : 0 : 0) [cusp]):
>>>     (1 : 1 : 0 : 1)   —   CM disc -8
rational-point-fiber status: 11 known point(s) checked

--- D = -20 (h = 2) ---
  CM point at tau = 0.263681 + 0.0111247*$.1: image NOT recognized as rational: [ 0.5278640450 + 2.350030181E-90*$.1, 0.5835921350 + 1.869909810E-90*$.1, 1.000000000 ]
  CM point at tau = 0.0696517 + 0.0111247*$.1: image NOT recognized as rational: [ 9.472135955 - 2.649166828E-89*$.1, 27.41640786 - 8.453609203E-88*$.1, 1.000000000 ]
status: images not rational (no rational fiber)

--- D = -32 (h = 1) ---
  CM point at tau = 0.467662 + 0.0140718*$.1: image NOT recognized as rational: [ 0.5000000000 - 2.602954341E-115*$.1, 0.5606601718 - 1.143682109E-115*$.1, 1.000000000 ]
  CM point at tau = 0.199005 + 0.0140718*$.1: image NOT recognized as rational: [ 0.5000000000 - 2.701687335E-113*$.1, -1.560660172 + 9.829135967E-114*$.1, 1.000000000 ]
status: images not rational (no rational fiber)

--- D = -72 (h = 1) ---
  CM point at tau = 0.298508 + 0.0211077*$.1: image NOT recognized as rational: [ 0.1666666667 - 4.393872576E-172*$.1, 0.2484551992 - 5.003032467E-172*$.1, 1.000000000 ]
  CM point at tau = 0.149254 + 0.0105538*$.1: image NOT recognized as rational: [ 0.1666666667 + 9.007946683E-86*$.1, -1.248455199 - 7.711693165E-86*$.1, 1.000000000 ]
status: images not rational (no rational fiber)

--- D = -99 (h = 1) ---
  CM point at tau = 0.365672 + 0.0247509*$.1: image NOT recognized as rational: [ 1.843070331 - 3.526123442E-199*$.1, -3.107675827 + 6.009931347E-199*$.1, 1.000000000 ]
  CM point at tau = 0.473135 + 0.00495019*$.1: image NOT recognized as rational: [ 0.4069296692 + 6.637962790E-41*$.1, 0.4826758271 + 4.300462725E-41*$.1, 1.000000000 ]
status: images not rational (no rational fiber)

--- D = -120 (h = 4) ---
  CM point at tau = 0.477612 + 0.0272499*$.1: image NOT recognized as rational: [ 0.7626729310 + 1.196920631E-200*$.1, 0.7795701723 + 4.306414139E-201*$.1, 1.000000000 ]
  CM point at tau = 0.238806 + 0.0136249*$.1: image NOT recognized as rational: [ 5.681771514 - 1.884856602E-109*$.1, 12.25746686 - 5.213301091E-111*$.1, 1.000000000 ]
status: images not rational (no rational fiber)

--- D = -168 (h = 4) ---
  CM point at tau = 0.358209 + 0.0322425*$.1  |-->  Q = (1 : -2 : 1)
  CM point at tau = 0.179105 + 0.0161212*$.1  |-->  Q = (1 : -2 : 1)
all disc--168 CM points map to the SAME rational point — as expected

--- fiber of pi over Q1 = (1 : -2 : 1) (image of the disc--168 CM points) ---
  deg-1 place (mult 1): rational point (0 : 1 : 1 : 1)  [CM disc -51]
  deg-2 place (mult 1) over Number Field with defining polynomial x^2 + 3*x - 3 over the Rational Field:
      (-K.1 : 0 : 0 : 1)   <-- the two disc--168 CM points
>>> THIRD POINT in the fiber over Q = (1 : -2 : 1):
>>>     (0 : 1 : 1 : 1)   —   CM disc -51
status: 1 rational fiber(s)

--- D = -192 (h = 1) ---
  CM point at tau = 0.492537 + 0.0344687*$.1  |-->  Q = (1 : 1 : 1)
  CM point at tau = 0.126866 + 0.00861716*$.1  |-->  Q = (1 : 1 : 1)
all disc--192 CM points map to the SAME rational point — as expected

--- fiber of pi over Q1 = (1 : 1 : 1) (image of the disc--192 CM points) ---
  deg-1 place (mult 1): rational point (0 : 1 : -2 : 1)  [CM disc -48]
  deg-2 place (mult 1) over Number Field with defining polynomial x^2 - 3/2 over the Rational Field:
      (2*K.1 : 3 : 2*K.1 : 1)   <-- the two disc--192 CM points
>>> THIRD POINT in the fiber over Q = (1 : 1 : 1):
>>>     (0 : 1 : -2 : 1)   —   CM disc -48
status: 1 rational fiber(s)

--- D = -195 (h = 4) ---
  CM point at tau = 0.231343 + 0.0347369*$.1: image NOT recognized as rational: [ 0.6250000000 - 1.452368755*$.1, -0.6875000000 - 0.7261843774*$.1, 1.000000000 ]
  CM point at tau = -0.231343 + 0.0347369*$.1: image NOT recognized as rational: [ 0.6250000000 + 1.452368755*$.1, -0.6875000000 + 0.7261843774*$.1, 1.000000000 ]
status: images not rational (no rational fiber)

--- D = -219 (h = 4) ---
  CM point at tau = 0.350746 + 0.0368125*$.1: image NOT recognized as rational: [ 0.5569995318 - 6.054712722E-200*$.1, -1.607501170 + 4.773739196E-200*$.1, 1.000000000 ]
  CM point at tau = 0.129851 + 0.00736251*$.1: image NOT recognized as rational: [ 2.693000468 + 7.080668259E-59*$.1, 3.732501170 + 1.937374386E-58*$.1, 1.000000000 ]
status: images not rational (no rational fiber)

--- D = -228 (h = 4) ---
  CM point at tau = 0.0597015 + 0.0375614*$.1: image NOT recognized as rational: [ 35.43559577 + 5.530755432E-199*$.1, -208.6135746 + 2.398626525E-196*$.1, 1.000000000 ]
  CM point at tau = 0.470149 + 0.0187807*$.1: image NOT recognized as rational: [ 0.5644042259 - 3.484312969E-154*$.1, 0.6135746450 - 9.844288989E-154*$.1, 1.000000000 ]
status: images not rational (no rational fiber)

--- D = -312 (h = 4) ---
  CM point at tau = 0.0895523 + 0.0439391*$.1: image NOT recognized as rational: [ 6.000000000 + 12.24744871*$.1, 6.000000000 - 48.98979485*$.1, 1.000000000 ]
  CM point at tau = -0.0895523 + 0.0439391*$.1: image NOT recognized as rational: [ 6.000000000 - 12.24744871*$.1, 6.000000000 + 48.98979485*$.1, 1.000000000 ]
status: images not rational (no rational fiber)

--- D = -363 (h = 1) ---
  CM point at tau = 0.0522388 + 0.0473945*$.1: image NOT recognized as rational: [ 21.89605496 + 3.004498620E-199*$.1, -100.8114583 + 1.075125766E-197*$.1, 1.000000000 ]
  CM point at tau = 0.293177 + 0.00677063*$.1: image NOT recognized as rational: [ 0.3539450377 - 5.803785871E-55*$.1, 0.4364583226 - 4.584357001E-55*$.1, 1.000000000 ]
status: images not rational (no rational fiber)

--- D = -507 (h = 1) ---
  CM point at tau = 0.425373 + 0.0560116*$.1: image NOT recognized as rational: [ 0.5800000000 + 1.124099640*$.1, 0.2320000000 + 0.4496398559*$.1, 1.000000000 ]
  CM point at tau = -0.425373 + 0.0560116*$.1: image NOT recognized as rational: [ 0.5800000000 - 1.124099640*$.1, 0.2320000000 - 0.4496398559*$.1, 1.000000000 ]
status: images not rational (no rational fiber)

--- D = -603 (h = 1) ---
  CM point at tau = 0.500000 + 0.0610847*$.1: image NOT recognized as rational: [ 1.250000000 + 2.574405397E-200*$.1, 1.272180860 + 3.041541313E-200*$.1, 1.000000000 ]
  CM point at tau = 0.0294118 + 0.00359322*$.1: image NOT recognized as rational: [ 1.250000000 - 5.611043381E-28*$.1, -2.272180860 + 1.641919873E-28*$.1, 1.000000000 ]
status: images not rational (no rational fiber)

--- D = -708 (h = 4) ---
  CM point at tau = 0.0746269 + 0.0661898*$.1: image NOT recognized as rational: [ 14.02040816 + 5.016258447*$.1, -48.82798834 - 27.94772564*$.1, 1.000000000 ]
  CM point at tau = -0.0746269 + 0.0661898*$.1: image NOT recognized as rational: [ 14.02040816 - 5.016258447*$.1, -48.82798834 + 27.94772564*$.1, 1.000000000 ]
status: images not rational (no rational fiber)

--- D = -723 (h = 4) ---
  CM point at tau = 0.0223881 + 0.0668873*$.1: image NOT recognized as rational: [ 16.68378940 + 6.190928402E-199*$.1, -66.82632951 + 1.967456622E-197*$.1, 1.000000000 ]
  CM point at tau = 0.456581 + 0.00608066*$.1: image NOT recognized as rational: [ 0.4006550482 + 1.408024098E-49*$.1, 0.4772924675 + 1.354263526E-49*$.1, 1.000000000 ]
status: images not rational (no rational fiber)

--- D = -795 (h = 4) ---
  CM point at tau = 0.00746269 + 0.0701387*$.1: image NOT recognized as rational: [ 16.63941030 + 1.212087333E-197*$.1, -66.55764119 + 3.556136419E-196*$.1, 1.000000000 ]
  CM point at tau = 0.201493 + 0.0140277*$.1: image NOT recognized as rational: [ 0.3605897019 + 3.772482277E-113*$.1, -1.442358808 - 1.657961098E-113*$.1, 1.000000000 ]
status: images not rational (no rational fiber)

================ SWEEP SUMMARY for X_0(201)* -> X_0(201)* ================
  CUSP fiber |--> Q = (0 : 1 : 0); RESIDUAL POINT (2 : 2 : 1 : 1) — CM disc -75
  CUSP fiber |--> Q = (0 : 1 : 0); RESIDUAL POINT (1 : 1 : 0 : 1) — CM disc -8
  RATIONAL-POINT fiber |--> Q = (0 : 1 : 0); RESIDUAL POINT (1 : 1 : 0 : 1) — CM disc -8  (partner of known point (2 : 2 : 1 : 1) [CM disc -75])
  RATIONAL-POINT fiber |--> Q = (0 : 1 : 0); RESIDUAL POINT (1 : 0 : 0 : 0) — cusp  (partner of known point (2 : 2 : 1 : 1) [CM disc -75])
  RATIONAL-POINT fiber |--> Q = (0 : 0 : 1); RESIDUAL POINT (1 : 1 : 1 : 0) — CM disc -11  (partner of known point (0 : 0 : 1 : 0) [CM disc -27])
  RATIONAL-POINT fiber |--> Q = (0 : 0 : 1); RESIDUAL POINT (1 : -1 : 1 : 0) — CM disc -147  (partner of known point (0 : 0 : 1 : 0) [CM disc -27])
  RATIONAL-POINT fiber |--> Q = (0 : 0 : 1); RESIDUAL POINT (1 : -1 : 1 : 0) — CM disc -147  (partner of known point (1 : 1 : 1 : 0) [CM disc -11])
  RATIONAL-POINT fiber |--> Q = (0 : 1 : 0); RESIDUAL POINT (1 : 1 : 0 : 1) — CM disc -8  (partner of known point (1 : 0 : 0 : 0) [cusp])
  D = -168: CM points |--> Q = (1 : -2 : 1); THIRD POINT (0 : 1 : 1 : 1) — CM disc -51
  D = -192: CM points |--> Q = (1 : 1 : 1); THIRD POINT (0 : 1 : -2 : 1) — CM disc -48

#################### N = 214, p = 1 ####################
M = 214: new-quotient triple cover to 214b1 (modular degree 12)
[BuildTripleCoverNew] building model of X_0(214)* (eval_prec = 400, cached if available)... [cache] loaded 3000-term star forms for level 214
done (0.300 s)
[cache] loaded triple-cover map for (N=214, p=1) -> 214b1
X_0(214)* = Curve over Rational Field defined by
z[1]^2*z[3] - z[1]*z[2]^2 - z[1]*z[3]^2 + 2*z[2]^2*z[3] - z[2]*z[3]^2 - 2*z[2]*z[3]*z[4] + z[3]^3 + z[4]^3,
z[1]^2*z[4] - z[1]*z[2]*z[3] + z[1]*z[3]^2 - z[2]*z[3]*z[4] + z[3]^2*z[4] - z[4]^3,
z[1]*z[2]*z[4] - z[2]^2*z[3] + z[2]*z[3]^2 - z[2]*z[4]^2,
z[1]*z[3]*z[4] - z[2]*z[3]^2 + z[3]^3 - z[3]*z[4]^2,
z[1]*z[4]^2 - z[2]*z[3]*z[4] + z[3]^2*z[4] - z[4]^3
E = [ 1, 0, 1, 1, 0 ] (214b1)

===== SWEEP of CM discriminants for X_0(214)* -> X_0(214)* =====
found 9 small rational points on X_0(214)* (bound 100000)
found CM point at discriminant -7
found CM point at discriminant -8
found CM point at discriminant -28
found CM point at discriminant -88
found CM point at discriminant -232
found CM point at discriminant -20
found CM point at discriminant -24
found CM point at discriminant -72

labelling the rational points:
  disc = -24 -> rats[2] -> (1 : 1 : 0 : 1) (CM)
  disc = -232 -> rats[4] -> (-2 : 2 : -1 : 1) (CM)
  disc = -88 -> rats[9] -> (1 : -1 : 0 : 1) (CM)
  disc = -7 -> rats[8] -> (1 : 1 : 1 : 1) (CM)
  disc = -8 -> rats[5] -> (0 : 0 : -1 : 1) (CM)
  disc = -20 -> rats[6] -> (0 : 1 : 0 : 0) (CM)
  disc = -72 -> rats[7] -> (3 : 3 : 2 : 1) (CM)
  disc = -28 -> rats[1] -> (-1 : 1 : -1 : 1) (CM)
  Cusp -> rats[3]
Labelled 9 CM+cusp, 0 exceptional

small rational points, their labels and images under pi:
  P1 = (-1 : 1 : -1 : 1)  [CM disc -28]  |-->  (2 : 2 : 1)
  P2 = (1 : 1 : 0 : 1)  [CM disc -24]  |-->  (0 : 0 : 1)
  P3 = (1 : 0 : 0 : 0)  [cusp]  |-->  (0 : 1 : 0)
  P4 = (-2 : 2 : -1 : 1)  [CM disc -232]  |-->  (7/4 : 13/8 : 1)
  P5 = (0 : 0 : -1 : 1)  [CM disc -8]  |-->  (0 : 1 : 0)
  P6 = (0 : 1 : 0 : 0)  [CM disc -20]  |-->  (0 : 0 : 1)
  P7 = (3 : 3 : 2 : 1)  [CM disc -72]  |-->  (0 : 1 : 0)
  P8 = (1 : 1 : 1 : 1)  [CM disc -7]  |-->  (0 : 0 : 1)
  P9 = (1 : -1 : 0 : 1)  [CM disc -88]  |-->  (0 : -1 : 1)

candidate discs (degree-2 CM points on X_0(214)*): [ -15, -32, -60, -68, -84, -112, -180, -184, -280, -292, -312, -328, -372, -388, -532, -708 ]

--- CUSP FIBER: fiber of pi over Q = (0 : 1 : 0) (contains the cusp), splits as degrees [ 1, 1, 1 ] ---
  deg-1 place (mult 1): rational point (3 : 3 : 2 : 1)  [CM disc -72]
  deg-1 place (mult 1): rational point (0 : 0 : -1 : 1)  [CM disc -8]
  deg-1 place (mult 1): rational point (1 : 0 : 0 : 0)  [cusp]  <-- the cusp
>>> RESIDUAL POINT in the cusp fiber over Q = (0 : 1 : 0):
>>>     (3 : 3 : 2 : 1)   —   CM disc -72
>>> RESIDUAL POINT in the cusp fiber over Q = (0 : 1 : 0):
>>>     (0 : 0 : -1 : 1)   —   CM disc -8
cusp-fiber status: cusp fiber: degrees [ 1, 1, 1 ]

--- fiber of pi over Q = (2 : 2 : 1) through known point (-1 : 1 : -1 : 1) [CM disc -28], splits as degrees [ 1, 2 ] ---
  deg-1 place (mult 1): rational point (-1 : 1 : -1 : 1)  [CM disc -28]  <-- P itself
  deg-2 place (mult 1) over Number Field with defining polynomial x^2 - 2/5*x - 8/5 over the Rational Field:
      (1/2*(3*K.1 - 2) : 1/4*(-K.1 + 8) : K.1 : 1)

--- fiber of pi over Q = (0 : 0 : 1) through known point (1 : 1 : 0 : 1) [CM disc -24], splits as degrees [ 1, 1, 1 ] ---
  deg-1 place (mult 1): rational point (1 : 1 : 1 : 1)  [CM disc -7]
  deg-1 place (mult 1): rational point (0 : 1 : 0 : 0)  [CM disc -20]
  deg-1 place (mult 1): rational point (1 : 1 : 0 : 1)  [CM disc -24]  <-- P itself

--- fiber of pi over Q = (0 : 1 : 0) through known point (1 : 0 : 0 : 0) [cusp], splits as degrees [ 1, 1, 1 ] ---
  deg-1 place (mult 1): rational point (3 : 3 : 2 : 1)  [CM disc -72]
  deg-1 place (mult 1): rational point (0 : 0 : -1 : 1)  [CM disc -8]
  deg-1 place (mult 1): rational point (1 : 0 : 0 : 0)  [cusp]  <-- P itself

--- fiber of pi over Q = (7/4 : 13/8 : 1) through known point (-2 : 2 : -1 : 1) [CM disc -232], splits as degrees [ 1, 2 ] ---
  deg-1 place (mult 1): rational point (-2 : 2 : -1 : 1)  [CM disc -232]  <-- P itself
  deg-2 place (mult 1) over Number Field with defining polynomial x^2 - 1/2*x - 7/5 over the Rational Field:
      (1/12*(11*K.1 - 2) : 1/6*(K.1 + 8) : K.1 : 1)

--- fiber of pi over Q = (0 : 1 : 0) through known point (0 : 0 : -1 : 1) [CM disc -8], splits as degrees [ 1, 1, 1 ] ---
  deg-1 place (mult 1): rational point (3 : 3 : 2 : 1)  [CM disc -72]
  deg-1 place (mult 1): rational point (0 : 0 : -1 : 1)  [CM disc -8]  <-- P itself
  deg-1 place (mult 1): rational point (1 : 0 : 0 : 0)  [cusp]

--- fiber of pi over Q = (0 : 0 : 1) through known point (0 : 1 : 0 : 0) [CM disc -20], splits as degrees [ 1, 1, 1 ] ---
  deg-1 place (mult 1): rational point (1 : 1 : 1 : 1)  [CM disc -7]
  deg-1 place (mult 1): rational point (0 : 1 : 0 : 0)  [CM disc -20]  <-- P itself
  deg-1 place (mult 1): rational point (1 : 1 : 0 : 1)  [CM disc -24]

--- fiber of pi over Q = (0 : 1 : 0) through known point (3 : 3 : 2 : 1) [CM disc -72], splits as degrees [ 1, 1, 1 ] ---
  deg-1 place (mult 1): rational point (3 : 3 : 2 : 1)  [CM disc -72]  <-- P itself
  deg-1 place (mult 1): rational point (0 : 0 : -1 : 1)  [CM disc -8]
  deg-1 place (mult 1): rational point (1 : 0 : 0 : 0)  [cusp]

--- fiber of pi over Q = (0 : 0 : 1) through known point (1 : 1 : 1 : 1) [CM disc -7], splits as degrees [ 1, 1, 1 ] ---
  deg-1 place (mult 1): rational point (1 : 1 : 1 : 1)  [CM disc -7]  <-- P itself
  deg-1 place (mult 1): rational point (0 : 1 : 0 : 0)  [CM disc -20]
  deg-1 place (mult 1): rational point (1 : 1 : 0 : 1)  [CM disc -24]

--- fiber of pi over Q = (0 : -1 : 1) through known point (1 : -1 : 0 : 1) [CM disc -88], splits as degrees [ 1, 2 ] ---
  deg-1 place (mult 1): rational point (1 : -1 : 0 : 1)  [CM disc -88]  <-- P itself
  deg-2 place (mult 1) over Number Field with defining polynomial x^2 - 3*x + 3 over the Rational Field:
      (-K.1 + 4 : 2 : K.1 : 1)
>>> PARTNER in the fiber over Q = (0 : 0 : 1) (via known point (1 : 1 : 0 : 1) [CM disc -24]):
>>>     (1 : 1 : 1 : 1)   —   CM disc -7
>>> PARTNER in the fiber over Q = (0 : 0 : 1) (via known point (1 : 1 : 0 : 1) [CM disc -24]):
>>>     (0 : 1 : 0 : 0)   —   CM disc -20
>>> PARTNER in the fiber over Q = (0 : 1 : 0) (via known point (1 : 0 : 0 : 0) [cusp]):
>>>     (3 : 3 : 2 : 1)   —   CM disc -72
>>> PARTNER in the fiber over Q = (0 : 1 : 0) (via known point (1 : 0 : 0 : 0) [cusp]):
>>>     (0 : 0 : -1 : 1)   —   CM disc -8
>>> PARTNER in the fiber over Q = (0 : 1 : 0) (via known point (0 : 0 : -1 : 1) [CM disc -8]):
>>>     (3 : 3 : 2 : 1)   —   CM disc -72
>>> PARTNER in the fiber over Q = (0 : 0 : 1) (via known point (0 : 1 : 0 : 0) [CM disc -20]):
>>>     (1 : 1 : 1 : 1)   —   CM disc -7
rational-point-fiber status: 9 known point(s) checked

--- D = -15 (h = 2) ---
  CM point at tau = 0.432243 + 0.00904903*$.1: image NOT recognized as rational: [ 0.7639320225 + 3.434899141E-73*$.1, 0.5278640450 + 7.316470721E-74*$.1, 1.000000000 ]
  CM point at tau = 0.0677570 + 0.00904903*$.1: image NOT recognized as rational: [ 5.236067977 + 2.528914805E-71*$.1, 9.472135955 - 2.434433530E-70*$.1, 1.000000000 ]
status: images not rational (no rational fiber)

--- D = -32 (h = 1) ---
  CM point at tau = 0.289720 + 0.0132169*$.1: image NOT recognized as rational: [ -0.5000000000 + 4.936234876E-108*$.1, -0.2500000000 - 0.7500000000*$.1, 1.000000000 ]
  CM point at tau = -0.289720 + 0.0132169*$.1: image NOT recognized as rational: [ -0.5000000000 - 4.936234876E-108*$.1, -0.2500000000 + 0.7500000000*$.1, 1.000000000 ]
status: images not rational (no rational fiber)

--- D = -60 (h = 2) ---
  CM point at tau = 0.135514 + 0.0180981*$.1  |-->  Q = (0 : -1 : 1)
  CM point at tau = -0.135514 + 0.0180981*$.1  |-->  Q = (0 : -1 : 1)
all disc--60 CM points map to the SAME rational point — as expected

--- fiber of pi over Q1 = (0 : -1 : 1) (image of the disc--60 CM points) ---
  deg-1 place (mult 1): rational point (1 : -1 : 0 : 1)  [CM disc -88]
  deg-2 place (mult 1) over Number Field with defining polynomial x^2 - 3*x + 3 over the Rational Field:
      (-K.1 + 4 : 2 : K.1 : 1)   <-- the two disc--60 CM points
>>> THIRD POINT in the fiber over Q = (0 : -1 : 1):
>>>     (1 : -1 : 0 : 1)   —   CM disc -88
status: 1 rational fiber(s)

--- D = -68 (h = 4) ---
  CM point at tau = 0.116822 + 0.0192668*$.1: image NOT recognized as rational: [ 2.507990504E-157 + 1.000000000*$.1, -1.000000000 - 1.000000000*$.1, 1.000000000 ]
  CM point at tau = -0.116822 + 0.0192668*$.1: image NOT recognized as rational: [ 2.507990504E-157 - 1.000000000*$.1, -1.000000000 + 1.000000000*$.1, 1.000000000 ]
status: images not rational (no rational fiber)

--- D = -84 (h = 4) ---
  CM point at tau = 0.341122 + 0.0214139*$.1: image NOT recognized as rational: [ 1.000000000 + 7.646891326E-174*$.1, -2.732050808 - 2.116988564E-173*$.1, 1.000000000 ]
  CM point at tau = 0.219626 + 0.00713797*$.1: image NOT recognized as rational: [ 1.000000000 + 1.721652457E-56*$.1, 0.7320508076 + 1.963249763E-56*$.1, 1.000000000 ]
status: images not rational (no rational fiber)

--- D = -112 (h = 1) ---
  CM point at tau = 0.0934579 + 0.0247267*$.1: image NOT recognized as rational: [ -1.000000000 + 3.000000000*$.1, 5.000000000 - 3.000000000*$.1, 1.000000000 ]
  CM point at tau = -0.0934579 + 0.0247267*$.1: image NOT recognized as rational: [ -1.000000000 - 3.000000000*$.1, 5.000000000 + 3.000000000*$.1, 1.000000000 ]
status: images not rational (no rational fiber)

--- D = -180 (h = 2) ---
  CM point at tau = 0.0607477 + 0.0313467*$.1: image NOT recognized as rational: [ 24.12435565 + 6.011444396E-198*$.1, -131.8179307 - 3.243242453E-196*$.1, 1.000000000 ]
  CM point at tau = 0.387850 + 0.00626935*$.1: image NOT recognized as rational: [ -0.1243556530 + 3.372303587E-51*$.1, -0.1820693124 - 4.947936542E-51*$.1, 1.000000000 ]
status: images not rational (no rational fiber)

--- D = -184 (h = 4) ---
  CM point at tau = 0.149533 + 0.0316932*$.1: image NOT recognized as rational: [ 0.3750000000 - 0.5994789404*$.1, -1.562500000 + 0.8992184106*$.1, 1.000000000 ]
  CM point at tau = -0.149533 + 0.0316932*$.1: image NOT recognized as rational: [ 0.3750000000 + 0.5994789404*$.1, -1.562500000 - 0.8992184106*$.1, 1.000000000 ]
status: images not rational (no rational fiber)

--- D = -280 (h = 4) ---
  CM point at tau = 0.0560747 + 0.0390962*$.1: image NOT recognized as rational: [ 13.32455532 + 1.805004317E-199*$.1, -56.46049894 + 3.680650773E-197*$.1, 1.000000000 ]
  CM point at tau = 0.411215 + 0.00781925*$.1: image NOT recognized as rational: [ 0.6754446797 + 6.952472196E-64*$.1, 0.4604989415 + 1.551011190E-63*$.1, 1.000000000 ]
status: images not rational (no rational fiber)

--- D = -292 (h = 4) ---
  CM point at tau = 0.378505 + 0.0399253*$.1: image NOT recognized as rational: [ -4.350792987E-200 + 1.000000000*$.1, -1.229571931E-200 - 4.918287724E-200*$.1, 1.000000000 ]
  CM point at tau = -0.378505 + 0.0399253*$.1: image NOT recognized as rational: [ -4.350792987E-200 - 1.000000000*$.1, -1.229571931E-200 + 4.918287724E-200*$.1, 1.000000000 ]
status: images not rational (no rational fiber)

--- D = -312 (h = 4) ---
  CM point at tau = 0.242991 + 0.0412699*$.1: image NOT recognized as rational: [ -0.6250000000 - 0.7806247498*$.1, 0.6875000000 - 0.3903123749*$.1, 1.000000000 ]
  CM point at tau = -0.242991 + 0.0412699*$.1: image NOT recognized as rational: [ -0.6250000000 + 0.7806247498*$.1, 0.6875000000 + 0.3903123749*$.1, 1.000000000 ]
status: images not rational (no rational fiber)

--- D = -328 (h = 4) ---
  CM point at tau = 0.476635 + 0.0423149*$.1  |-->  Q = (2 : 2 : 1)
  CM point at tau = 0.217623 + 0.00604498*$.1  |-->  Q = (2 : 2 : 1)
all disc--328 CM points map to the SAME rational point — as expected

--- fiber of pi over Q1 = (2 : 2 : 1) (image of the disc--328 CM points) ---
  deg-1 place (mult 1): rational point (-1 : 1 : -1 : 1)  [CM disc -28]
  deg-2 place (mult 1) over Number Field with defining polynomial x^2 - 2/5*x - 8/5 over the Rational Field:
      (1/2*(3*K.1 - 2) : 1/4*(-K.1 + 8) : K.1 : 1)   <-- the two disc--328 CM points
>>> THIRD POINT in the fiber over Q = (2 : 2 : 1):
>>>     (-1 : 1 : -1 : 1)   —   CM disc -28
status: 1 rational fiber(s)

--- D = -372 (h = 4) ---
  CM point at tau = 0.0514019 + 0.0450638*$.1: image NOT recognized as rational: [ 10.73205081 - 3.762517947E-199*$.1, -41.66025404 - 1.830810864E-197*$.1, 1.000000000 ]
  CM point at tau = 0.350467 + 0.0150213*$.1: image NOT recognized as rational: [ 7.267949192 + 1.804040006E-120*$.1, -24.33974596 + 1.088984383E-120*$.1, 1.000000000 ]
status: images not rational (no rational fiber)

--- D = -388 (h = 4) ---
  CM point at tau = 0.294393 + 0.0460227*$.1: image NOT recognized as rational: [ -0.7200000000 + 0.04000000000*$.1, -0.1920000000 - 1.056000000*$.1, 1.000000000 ]
  CM point at tau = -0.294393 + 0.0460227*$.1: image NOT recognized as rational: [ -0.7200000000 - 0.04000000000*$.1, -0.1920000000 + 1.056000000*$.1, 1.000000000 ]
status: images not rational (no rational fiber)

--- D = -532 (h = 4) ---
  CM point at tau = 0.0420561 + 0.0538905*$.1: image NOT recognized as rational: [ 9.358898943 - 2.447703726E-199*$.1, -34.43559577 + 6.481568398E-198*$.1, 1.000000000 ]
  CM point at tau = 0.434579 + 0.00769864*$.1: image NOT recognized as rational: [ 0.6411010565 + 3.453689707E-62*$.1, 0.4355957741 + 6.080879244E-63*$.1, 1.000000000 ]
status: images not rational (no rational fiber)

--- D = -708 (h = 4) ---
  CM point at tau = 0.443925 + 0.0621688*$.1: image NOT recognized as rational: [ 1.680000000 + 0.7600000000*$.1, 1.352000000 + 1.064000000*$.1, 1.000000000 ]
  CM point at tau = -0.443925 + 0.0621688*$.1: image NOT recognized as rational: [ 1.680000000 - 0.7600000000*$.1, 1.352000000 - 1.064000000*$.1, 1.000000000 ]
status: images not rational (no rational fiber)

================ SWEEP SUMMARY for X_0(214)* -> X_0(214)* ================
  CUSP fiber |--> Q = (0 : 1 : 0); RESIDUAL POINT (3 : 3 : 2 : 1) — CM disc -72
  CUSP fiber |--> Q = (0 : 1 : 0); RESIDUAL POINT (0 : 0 : -1 : 1) — CM disc -8
  RATIONAL-POINT fiber |--> Q = (0 : 0 : 1); RESIDUAL POINT (1 : 1 : 1 : 1) — CM disc -7  (partner of known point (1 : 1 : 0 : 1) [CM disc -24])
  RATIONAL-POINT fiber |--> Q = (0 : 0 : 1); RESIDUAL POINT (0 : 1 : 0 : 0) — CM disc -20  (partner of known point (1 : 1 : 0 : 1) [CM disc -24])
  RATIONAL-POINT fiber |--> Q = (0 : 1 : 0); RESIDUAL POINT (3 : 3 : 2 : 1) — CM disc -72  (partner of known point (1 : 0 : 0 : 0) [cusp])
  RATIONAL-POINT fiber |--> Q = (0 : 1 : 0); RESIDUAL POINT (0 : 0 : -1 : 1) — CM disc -8  (partner of known point (1 : 0 : 0 : 0) [cusp])
  RATIONAL-POINT fiber |--> Q = (0 : 1 : 0); RESIDUAL POINT (3 : 3 : 2 : 1) — CM disc -72  (partner of known point (0 : 0 : -1 : 1) [CM disc -8])
  RATIONAL-POINT fiber |--> Q = (0 : 0 : 1); RESIDUAL POINT (1 : 1 : 1 : 1) — CM disc -7  (partner of known point (0 : 1 : 0 : 0) [CM disc -20])
  D = -60: CM points |--> Q = (0 : -1 : 1); THIRD POINT (1 : -1 : 0 : 1) — CM disc -88
  D = -328: CM points |--> Q = (2 : 2 : 1); THIRD POINT (-1 : 1 : -1 : 1) — CM disc -28

#################### N = 219, p = 1 ####################
M = 219: new-quotient triple cover to 219a1 (modular degree 12)
[BuildTripleCoverNew] building model of X_0(219)* (eval_prec = 400, cached if available)... [cache] loaded 3000-term star forms for level 219
done (0.280 s)
[cache] loaded triple-cover map for (N=219, p=1) -> 219a1
X_0(219)* = Curve over Rational Field defined by
z[1]^2*z[3] - z[1]*z[2]^2 - z[1]*z[2]*z[3] - z[1]*z[3]^2 + z[2]^3 + z[2]^2*z[3] - 3*z[2]^2*z[4] + z[2]*z[3]^2 + 3*z[2]*z[4]^2 - 3*z[3]*z[4]^2,
z[1]^2*z[4] - z[1]*z[2]*z[3] + z[2]^2*z[3] - z[2]^2*z[4] + 2*z[2]*z[3]^2 - 6*z[2]*z[3]*z[4] + 4*z[2]*z[4]^2 - 4*z[3]^2*z[4] + 8*z[3]*z[4]^2 - 4*z[4]^3,
z[1]*z[2]*z[4] - z[2]^2*z[3] + z[2]^2*z[4] + 2*z[2]*z[3]*z[4] - 2*z[2]*z[4]^2,
z[1]*z[3]*z[4] - z[2]*z[3]^2 + z[2]*z[3]*z[4] + 2*z[3]^2*z[4] - 2*z[3]*z[4]^2,
z[1]*z[4]^2 - z[2]*z[3]*z[4] + z[2]*z[4]^2 + 2*z[3]*z[4]^2 - 2*z[4]^3
E = [ 0, -1, 1, -6, 8 ] (219a1)

===== SWEEP of CM discriminants for X_0(219)* -> X_0(219)* =====
found 11 small rational points on X_0(219)* (bound 100000)
found CM point at discriminant -3
found CM point at discriminant -8
found CM point at discriminant -27
found CM point at discriminant -12
found CM point at discriminant -48
found CM point at discriminant -267
found CM point at discriminant -147
found CM point at discriminant -24
found CM point at discriminant -75
found CM point at discriminant -123

labelling the rational points:
  disc = -267 -> rats[5] -> (2 : 0 : 0 : 1) (CM)
  disc = -147 -> rats[2] -> (6 : 4 : 4 : 1) (CM)
  disc = -12 -> rats[11] -> (1/2 : 3/2 : 0 : 1) (CM)
  disc = -27 -> rats[9] -> (0 : 0 : 1 : 0) (CM)
  disc = -75 -> rats[1] -> (1 : 0 : 1 : 0) (CM)
  disc = -123 -> rats[4] -> (3/2 : 1 : -1/2 : 1) (CM)
  disc = -48 -> rats[8] -> (1 : 1 : 0 : 0) (CM)
  disc = -3 -> rats[10] -> (11/10 : 1/2 : 4/15 : 1) (CM)
  disc = -8 -> rats[3] -> (1 : 1 : 0 : 1) (CM)
  disc = -24 -> rats[6] -> (0 : 1 : 1 : 1) (CM)
  Cusp -> rats[7]
Labelled 11 CM+cusp, 0 exceptional

small rational points, their labels and images under pi:
  P1 = (1 : 0 : 1 : 0)  [CM disc -75]  |-->  (2 : 0 : 1)
  P2 = (6 : 4 : 4 : 1)  [CM disc -147]  |-->  (0 : 1 : 0)
  P3 = (1 : 1 : 0 : 1)  [CM disc -8]  |-->  (2 : -1 : 1)
  P4 = (3/2 : 1 : -1/2 : 1)  [CM disc -123]  |-->  (2 : 0 : 1)
  P5 = (2 : 0 : 0 : 1)  [CM disc -267]  |-->  (0 : 1 : 0)
  P6 = (0 : 1 : 1 : 1)  [CM disc -24]  |-->  (2 : -1 : 1)
  P7 = (1 : 0 : 0 : 0)  [cusp]  |-->  (0 : 1 : 0)
  P8 = (1 : 1 : 0 : 0)  [CM disc -48]  |-->  (2 : -1 : 1)
  P9 = (0 : 0 : 1 : 0)  [CM disc -27]  |-->  (1 : 1 : 1)
  P10 = (11/10 : 1/2 : 4/15 : 1)  [CM disc -3]  |-->  (148/49 : -1175/343 : 1)
  P11 = (1/2 : 3/2 : 0 : 1)  [CM disc -12]  |-->  (16/9 : -19/27 : 1)

candidate discs (degree-2 CM points on X_0(219)*): [ -32, -35, -36, -72, -96, -192, -195, -219, -228, -291, -363, -435, -507, -795, -1752 ]

--- CUSP FIBER: fiber of pi over Q = (0 : 1 : 0) (contains the cusp), splits as degrees [ 1, 1, 1 ] ---
  deg-1 place (mult 1): rational point (6 : 4 : 4 : 1)  [CM disc -147]
  deg-1 place (mult 1): rational point (2 : 0 : 0 : 1)  [CM disc -267]
  deg-1 place (mult 1): rational point (1 : 0 : 0 : 0)  [cusp]  <-- the cusp
>>> RESIDUAL POINT in the cusp fiber over Q = (0 : 1 : 0):
>>>     (6 : 4 : 4 : 1)   —   CM disc -147
>>> RESIDUAL POINT in the cusp fiber over Q = (0 : 1 : 0):
>>>     (2 : 0 : 0 : 1)   —   CM disc -267
cusp-fiber status: cusp fiber: degrees [ 1, 1, 1 ]

--- fiber of pi over Q = (2 : 0 : 1) through known point (1 : 0 : 1 : 0) [CM disc -75], splits as degrees [ 1, 1 ] ---
  deg-1 place (mult 1): rational point (3/2 : 1 : -1/2 : 1)  [CM disc -123]
  deg-1 place (mult 2): rational point (1 : 0 : 1 : 0)  [CM disc -75]  <-- P itself

--- fiber of pi over Q = (0 : 1 : 0) through known point (6 : 4 : 4 : 1) [CM disc -147], splits as degrees [ 1, 1, 1 ] ---
  deg-1 place (mult 1): rational point (6 : 4 : 4 : 1)  [CM disc -147]  <-- P itself
  deg-1 place (mult 1): rational point (2 : 0 : 0 : 1)  [CM disc -267]
  deg-1 place (mult 1): rational point (1 : 0 : 0 : 0)  [cusp]

--- fiber of pi over Q = (2 : -1 : 1) through known point (1 : 1 : 0 : 1) [CM disc -8], splits as degrees [ 1, 1, 1 ] ---
  deg-1 place (mult 1): rational point (1 : 1 : 0 : 0)  [CM disc -48]
  deg-1 place (mult 1): rational point (0 : 1 : 1 : 1)  [CM disc -24]
  deg-1 place (mult 1): rational point (1 : 1 : 0 : 1)  [CM disc -8]  <-- P itself

--- fiber of pi over Q = (2 : 0 : 1) through known point (3/2 : 1 : -1/2 : 1) [CM disc -123], splits as degrees [ 1, 1 ] ---
  deg-1 place (mult 1): rational point (3/2 : 1 : -1/2 : 1)  [CM disc -123]  <-- P itself
  deg-1 place (mult 2): rational point (1 : 0 : 1 : 0)  [CM disc -75]

--- fiber of pi over Q = (0 : 1 : 0) through known point (2 : 0 : 0 : 1) [CM disc -267], splits as degrees [ 1, 1, 1 ] ---
  deg-1 place (mult 1): rational point (6 : 4 : 4 : 1)  [CM disc -147]
  deg-1 place (mult 1): rational point (2 : 0 : 0 : 1)  [CM disc -267]  <-- P itself
  deg-1 place (mult 1): rational point (1 : 0 : 0 : 0)  [cusp]

--- fiber of pi over Q = (2 : -1 : 1) through known point (0 : 1 : 1 : 1) [CM disc -24], splits as degrees [ 1, 1, 1 ] ---
  deg-1 place (mult 1): rational point (1 : 1 : 0 : 0)  [CM disc -48]
  deg-1 place (mult 1): rational point (0 : 1 : 1 : 1)  [CM disc -24]  <-- P itself
  deg-1 place (mult 1): rational point (1 : 1 : 0 : 1)  [CM disc -8]

--- fiber of pi over Q = (0 : 1 : 0) through known point (1 : 0 : 0 : 0) [cusp], splits as degrees [ 1, 1, 1 ] ---
  deg-1 place (mult 1): rational point (6 : 4 : 4 : 1)  [CM disc -147]
  deg-1 place (mult 1): rational point (2 : 0 : 0 : 1)  [CM disc -267]
  deg-1 place (mult 1): rational point (1 : 0 : 0 : 0)  [cusp]  <-- P itself

--- fiber of pi over Q = (2 : -1 : 1) through known point (1 : 1 : 0 : 0) [CM disc -48], splits as degrees [ 1, 1, 1 ] ---
  deg-1 place (mult 1): rational point (1 : 1 : 0 : 0)  [CM disc -48]  <-- P itself
  deg-1 place (mult 1): rational point (0 : 1 : 1 : 1)  [CM disc -24]
  deg-1 place (mult 1): rational point (1 : 1 : 0 : 1)  [CM disc -8]

--- fiber of pi over Q = (1 : 1 : 1) through known point (0 : 0 : 1 : 0) [CM disc -27], splits as degrees [ 1, 2 ] ---
  deg-2 place (mult 1) over Number Field with defining polynomial x^2 + x + 3 over the Rational Field:
      (0 : -K.1 : 1 : 1)
  deg-1 place (mult 1): rational point (0 : 0 : 1 : 0)  [CM disc -27]  <-- P itself

--- fiber of pi over Q = (148/49 : -1175/343 : 1) through known point (11/10 : 1/2 : 4/15 : 1) [CM disc -3], splits as degrees [ 1, 2 ] ---
  deg-1 place (mult 1): rational point (11/10 : 1/2 : 4/15 : 1)  [CM disc -3]  <-- P itself
  deg-2 place (mult 1) over Number Field with defining polynomial x^2 - 1709/385*x + 274/55 over the Rational Field:
      (1/49*(-671*K.1 + 1463) : 1/21*(-220*K.1 + 511) : K.1 : 1)

--- fiber of pi over Q = (16/9 : -19/27 : 1) through known point (1/2 : 3/2 : 0 : 1) [CM disc -12], splits as degrees [ 1, 2 ] ---
  deg-1 place (mult 1): rational point (1/2 : 3/2 : 0 : 1)  [CM disc -12]  <-- P itself
  deg-2 place (mult 1) over Number Field with defining polynomial x^2 - 7/3*x - 2/3 over the Rational Field:
      (1/9*(13*K.1 + 11) : 1/3*(4*K.1 + 5) : K.1 : 1)
>>> PARTNER in the fiber over Q = (2 : 0 : 1) (via known point (1 : 0 : 1 : 0) [CM disc -75]):
>>>     (3/2 : 1 : -1/2 : 1)   —   CM disc -123
>>> PARTNER in the fiber over Q = (0 : 1 : 0) (via known point (6 : 4 : 4 : 1) [CM disc -147]):
>>>     (2 : 0 : 0 : 1)   —   CM disc -267
>>> PARTNER in the fiber over Q = (0 : 1 : 0) (via known point (6 : 4 : 4 : 1) [CM disc -147]):
>>>     (1 : 0 : 0 : 0)   —   cusp
>>> PARTNER in the fiber over Q = (2 : -1 : 1) (via known point (1 : 1 : 0 : 1) [CM disc -8]):
>>>     (1 : 1 : 0 : 0)   —   CM disc -48
>>> PARTNER in the fiber over Q = (2 : -1 : 1) (via known point (1 : 1 : 0 : 1) [CM disc -8]):
>>>     (0 : 1 : 1 : 1)   —   CM disc -24
>>> PARTNER in the fiber over Q = (0 : 1 : 0) (via known point (2 : 0 : 0 : 1) [CM disc -267]):
>>>     (1 : 0 : 0 : 0)   —   cusp
>>> PARTNER in the fiber over Q = (2 : -1 : 1) (via known point (0 : 1 : 1 : 1) [CM disc -24]):
>>>     (1 : 1 : 0 : 0)   —   CM disc -48
rational-point-fiber status: 11 known point(s) checked

--- D = -32 (h = 1) ---
  CM point at tau = 0.442923 + 0.0129152*$.1: image NOT recognized as rational: [ 1.720000000 + 0.04000000000*$.1, -0.2640000000 - 0.04800000000*$.1, 1.000000000 ]
  CM point at tau = -0.223744 + 0.0129152*$.1: image NOT recognized as rational: [ 1.720000000 - 0.04000000000*$.1, -0.2640000000 + 0.04800000000*$.1, 1.000000000 ]
status: images not rational (no rational fiber)

--- D = -35 (h = 2) ---
  CM point at tau = 0.399543 + 0.0135070*$.1: image NOT recognized as rational: [ 1.763932022 - 5.169384069E-110*$.1, -0.7082039325 + 1.276725460E-110*$.1, 1.000000000 ]
  CM point at tau = 0.0662100 + 0.0135070*$.1: image NOT recognized as rational: [ 6.236067977 - 9.025548979E-108*$.1, 12.70820393 - 2.010198421E-106*$.1, 1.000000000 ]
status: images not rational (no rational fiber)

--- D = -36 (h = 1) ---
  CM point at tau = 0.369863 + 0.0136986*$.1: image NOT recognized as rational: [ 1.750000000 + 7.263445743E-112*$.1, -0.2834936490 - 2.117454786E-111*$.1, 1.000000000 ]
  CM point at tau = 0.184932 + 0.00684932*$.1: image NOT recognized as rational: [ 1.750000000 - 6.504212479E-55*$.1, -0.7165063510 + 1.423659958E-55*$.1, 1.000000000 ]
status: images not rational (no rational fiber)

--- D = -72 (h = 1) ---
  CM point at tau = 0.164384 + 0.0193728*$.1: image NOT recognized as rational: [ 2.235550974 + 3.749677435E-158*$.1, -1.505779611 + 2.702181617E-157*$.1, 1.000000000 ]
  CM point at tau = 0.0821918 + 0.00968640*$.1: image NOT recognized as rational: [ -2.075550974 + 2.150334132E-77*$.1, -3.230220390 + 2.192376022E-76*$.1, 1.000000000 ]
status: images not rational (no rational fiber)

--- D = -96 (h = 2) ---
  CM point at tau = 0.301370 + 0.0223698*$.1  |-->  Q = (0 : 1 : 0)
  CM point at tau = 0.0753424 + 0.00559244*$.1  |-->  Q = (0 : 1 : 0)
all disc--96 CM points map to the SAME rational point — as expected

--- fiber of pi over Q1 = (0 : 1 : 0) (image of the disc--96 CM points) ---
  deg-1 place (mult 1): rational point (6 : 4 : 4 : 1)  [CM disc -147]
  deg-1 place (mult 1): rational point (2 : 0 : 0 : 1)  [CM disc -267]
  deg-1 place (mult 1): rational point (1 : 0 : 0 : 0)  [cusp]
>>> THIRD POINT in the fiber over Q = (0 : 1 : 0):
>>>     (6 : 4 : 4 : 1)   —   CM disc -147
>>> THIRD POINT in the fiber over Q = (0 : 1 : 0):
>>>     (2 : 0 : 0 : 1)   —   CM disc -267
>>> THIRD POINT in the fiber over Q = (0 : 1 : 0):
>>>     (1 : 0 : 0 : 0)   —   cusp
status: 1 rational fiber(s)

--- D = -192 (h = 1) ---
  CM point at tau = 0.356164 + 0.0316356*$.1: image NOT recognized as rational: [ 2.449489743 + 1.479015237E-199*$.1, 1.000000000 + 4.836690626E-199*$.1, 1.000000000 ]
  CM point at tau = 0.0890411 + 0.00790891*$.1: image NOT recognized as rational: [ -2.449489743 - 9.824299764E-63*$.1, 1.000000000 + 1.301519796E-61*$.1, 1.000000000 ]
status: images not rational (no rational fiber)

--- D = -195 (h = 4) ---
  CM point at tau = 0.431507 + 0.0318818*$.1: image NOT recognized as rational: [ 1.781250000 + 0.1210307296*$.1, -0.5234375000 + 0.1512884120*$.1, 1.000000000 ]
  CM point at tau = -0.431507 + 0.0318818*$.1: image NOT recognized as rational: [ 1.781250000 - 0.1210307296*$.1, -0.5234375000 - 0.1512884120*$.1, 1.000000000 ]
status: images not rational (no rational fiber)

--- D = -219 (h = 4) ---
  CM point at tau = 0.500000 + 0.0337869*$.1: image NOT recognized as rational: [ 2.120889721 + 1.106701990E-399*$.1, 0.2527401859 - 1.907540277E-398*$.1, 1.000000000 ]
  CM point at tau = 0.100000 + 0.00675737*$.1: image NOT recognized as rational: [ -1.676445277 - 2.922370347E-52*$.1, 2.784296851 - 3.593350206E-50*$.1, 1.000000000 ]
status: images not rational (no rational fiber)

--- D = -228 (h = 4) ---
  CM point at tau = 0.315069 + 0.0344741*$.1: image NOT recognized as rational: [ 45.79449472 + 1.543138636E-197*$.1, -306.5614630 - 1.648472847E-196*$.1, 1.000000000 ]
  CM point at tau = 0.157534 + 0.0172371*$.1: image NOT recognized as rational: [ 2.205505282 - 4.360484399E-141*$.1, -1.438536976 - 3.872651056E-140*$.1, 1.000000000 ]
status: images not rational (no rational fiber)

--- D = -291 (h = 4) ---
  CM point at tau = 0.335617 + 0.0389469*$.1: image NOT recognized as rational: [ 12.42442890 + 1.245208668E-198*$.1, 40.69771560 - 5.382055134E-198*$.1, 1.000000000 ]
  CM point at tau = 0.467124 + 0.00778937*$.1: image NOT recognized as rational: [ 2.575571099 + 2.267314489E-63*$.1, 1.302284396 - 6.983899720E-63*$.1, 1.000000000 ]
status: images not rational (no rational fiber)

--- D = -363 (h = 1) ---
  CM point at tau = 0.239726 + 0.0434990*$.1  |-->  Q = (1 : 1 : 1)
  CM point at tau = -0.239726 + 0.0434990*$.1  |-->  Q = (1 : 1 : 1)
all disc--363 CM points map to the SAME rational point — as expected

--- fiber of pi over Q1 = (1 : 1 : 1) (image of the disc--363 CM points) ---
  deg-2 place (mult 1) over Number Field with defining polynomial x^2 + x + 3 over the Rational Field:
      (0 : -K.1 : 1 : 1)   <-- the two disc--363 CM points
  deg-1 place (mult 1): rational point (0 : 0 : 1 : 0)  [CM disc -27]
>>> THIRD POINT in the fiber over Q = (1 : 1 : 1):
>>>     (0 : 0 : 1 : 0)   —   CM disc -27
status: 1 rational fiber(s)

--- D = -435 (h = 4) ---
  CM point at tau = 0.0479452 + 0.0476179*$.1: image NOT recognized as rational: [ 26.69914441 + 1.147177960E-200*$.1, -135.2870322 + 3.871089255E-196*$.1, 1.000000000 ]
  CM point at tau = 0.390411 + 0.00952359*$.1: image NOT recognized as rational: [ 1.863355591 - 1.118406326E-77*$.1, -0.7598427825 + 5.252101353E-78*$.1, 1.000000000 ]
status: images not rational (no rational fiber)

--- D = -507 (h = 1) ---
  CM point at tau = 0.171233 + 0.0514079*$.1: image NOT recognized as rational: [ 2.531250000 - 0.5854685624*$.1, -2.117187500 + 1.414882359*$.1, 1.000000000 ]
  CM point at tau = -0.171233 + 0.0514079*$.1: image NOT recognized as rational: [ 2.531250000 + 0.5854685624*$.1, -2.117187500 - 1.414882359*$.1, 1.000000000 ]
status: images not rational (no rational fiber)

--- D = -795 (h = 4) ---
  CM point at tau = 0.0205480 + 0.0643739*$.1: image NOT recognized as rational: [ 18.03941030 - 1.600882878E-198*$.1, -74.29013455 - 2.654686356E-197*$.1, 1.000000000 ]
  CM point at tau = 0.404109 + 0.0128748*$.1: image NOT recognized as rational: [ 1.760589702 + 7.684304092E-106*$.1, -0.7098654528 + 1.009647288E-106*$.1, 1.000000000 ]
status: images not rational (no rational fiber)

--- D = -1752 (h = 8) ---
  CM point at tau = 0.0955637*$.1: image NOT recognized as rational: [ 17.54400375, -71.17601498, 1.000000000 ]
  CM point at tau = 0.0769231 + 0.00735106*$.1: image NOT recognized as rational: [ 0.4559962547 - 1.099417308E-57*$.1, -2.823985019 - 1.029025141E-57*$.1, 1.000000000 ]
status: images not rational (no rational fiber)

================ SWEEP SUMMARY for X_0(219)* -> X_0(219)* ================
  CUSP fiber |--> Q = (0 : 1 : 0); RESIDUAL POINT (6 : 4 : 4 : 1) — CM disc -147
  CUSP fiber |--> Q = (0 : 1 : 0); RESIDUAL POINT (2 : 0 : 0 : 1) — CM disc -267
  RATIONAL-POINT fiber |--> Q = (2 : 0 : 1); RESIDUAL POINT (3/2 : 1 : -1/2 : 1) — CM disc -123  (partner of known point (1 : 0 : 1 : 0) [CM disc -75])
  RATIONAL-POINT fiber |--> Q = (0 : 1 : 0); RESIDUAL POINT (2 : 0 : 0 : 1) — CM disc -267  (partner of known point (6 : 4 : 4 : 1) [CM disc -147])
  RATIONAL-POINT fiber |--> Q = (0 : 1 : 0); RESIDUAL POINT (1 : 0 : 0 : 0) — cusp  (partner of known point (6 : 4 : 4 : 1) [CM disc -147])
  RATIONAL-POINT fiber |--> Q = (2 : -1 : 1); RESIDUAL POINT (1 : 1 : 0 : 0) — CM disc -48  (partner of known point (1 : 1 : 0 : 1) [CM disc -8])
  RATIONAL-POINT fiber |--> Q = (2 : -1 : 1); RESIDUAL POINT (0 : 1 : 1 : 1) — CM disc -24  (partner of known point (1 : 1 : 0 : 1) [CM disc -8])
  RATIONAL-POINT fiber |--> Q = (0 : 1 : 0); RESIDUAL POINT (1 : 0 : 0 : 0) — cusp  (partner of known point (2 : 0 : 0 : 1) [CM disc -267])
  RATIONAL-POINT fiber |--> Q = (2 : -1 : 1); RESIDUAL POINT (1 : 1 : 0 : 0) — CM disc -48  (partner of known point (0 : 1 : 1 : 1) [CM disc -24])
  D = -96: CM points |--> Q = (0 : 1 : 0); THIRD POINT (6 : 4 : 4 : 1) — CM disc -147
  D = -96: CM points |--> Q = (0 : 1 : 0); THIRD POINT (2 : 0 : 0 : 1) — CM disc -267
  D = -96: CM points |--> Q = (0 : 1 : 0); THIRD POINT (1 : 0 : 0 : 0) — cusp
  D = -363: CM points |--> Q = (1 : 1 : 1); THIRD POINT (0 : 0 : 1 : 0) — CM disc -27

#################### N = 254, p = 1 ####################
M = 254: new-quotient triple cover to 254c1 (modular degree 12)
[BuildTripleCoverNew] building model of X_0(254)* (eval_prec = 400, cached if available)... [cache] loaded 3000-term star forms for level 254
done (0.370 s)
[cache] loaded triple-cover map for (N=254, p=1) -> 254c1
X_0(254)* = Curve over Rational Field defined by
z[1]^2*z[3] - z[1]*z[2]^2 - z[1]*z[3]^2 + 2*z[2]^2*z[3] - 2*z[2]*z[3]^2 - z[2]*z[4]^2 + z[3]^2*z[4] + 2*z[3]*z[4]^2 - z[4]^3,
z[1]^2*z[4] - z[1]*z[2]*z[3],
z[1]*z[2]*z[4] - z[2]^2*z[3],
z[1]*z[3]*z[4] - z[2]*z[3]^2,
z[1]*z[4]^2 - z[2]*z[3]*z[4]
E = [ 1, -1, 0, -5, -3 ] (254c1)

===== SWEEP of CM discriminants for X_0(254)* -> X_0(254)* =====
found 8 small rational points on X_0(254)* (bound 100000)
found CM point at discriminant -7
found CM point at discriminant -28
found CM point at discriminant -12
found CM point at discriminant -232
found CM point at discriminant -20
found CM point at discriminant -24
found CM point at discriminant -40

labelling the rational points:
  disc = -24 -> rats[3] -> (0 : 1 : 0 : 0) (CM)
  disc = -232 -> rats[6] -> (3 : 2 : 3/2 : 1) (CM)
  disc = -7 -> rats[4] -> (2 : 1 : 2 : 1) (CM)
  disc = -12 -> rats[2] -> (1 : 1 : 1 : 1) (CM)
  disc = -40 -> rats[1] -> (1 : 0 : 1 : 0) (CM)
  disc = -20 -> rats[5] -> (0 : 0 : 1 : 0) (CM)
  disc = -28 -> rats[7] -> (0 : -1 : 0 : 1) (CM)
  Cusp -> rats[8]
Labelled 8 CM+cusp, 0 exceptional

small rational points, their labels and images under pi:
  P1 = (1 : 0 : 1 : 0)  [CM disc -40]  |-->  (-1 : 1 : 1)
  P2 = (1 : 1 : 1 : 1)  [CM disc -12]  |-->  (0 : 1 : 0)
  P3 = (0 : 1 : 0 : 0)  [CM disc -24]  |-->  (0 : 1 : 0)
  P4 = (2 : 1 : 2 : 1)  [CM disc -7]  |-->  (-1 : 0 : 1)
  P5 = (0 : 0 : 1 : 0)  [CM disc -20]  |-->  (-1 : 1 : 1)
  P6 = (3 : 2 : 3/2 : 1)  [CM disc -232]  |-->  (3 : -3 : 1)
  P7 = (0 : -1 : 0 : 1)  [CM disc -28]  |-->  (3 : 0 : 1)
  P8 = (1 : 0 : 0 : 0)  [cusp]  |-->  (0 : 1 : 0)

candidate discs (degree-2 CM points on X_0(254)*): [ -48, -56, -112, -132, -180, -184, -228, -312, -340, -372, -388, -408, -520, -532, -760, -772, -1012 ]

--- CUSP FIBER: fiber of pi over Q = (0 : 1 : 0) (contains the cusp), splits as degrees [ 1, 1, 1 ] ---
  deg-1 place (mult 1): rational point (1 : 1 : 1 : 1)  [CM disc -12]
  deg-1 place (mult 1): rational point (0 : 1 : 0 : 0)  [CM disc -24]
  deg-1 place (mult 1): rational point (1 : 0 : 0 : 0)  [cusp]  <-- the cusp
>>> RESIDUAL POINT in the cusp fiber over Q = (0 : 1 : 0):
>>>     (1 : 1 : 1 : 1)   —   CM disc -12
>>> RESIDUAL POINT in the cusp fiber over Q = (0 : 1 : 0):
>>>     (0 : 1 : 0 : 0)   —   CM disc -24
cusp-fiber status: cusp fiber: degrees [ 1, 1, 1 ]

--- fiber of pi over Q = (-1 : 1 : 1) through known point (1 : 0 : 1 : 0) [CM disc -40], splits as degrees [ 1, 1 ] ---
  deg-1 place (mult 1): rational point (1 : 0 : 1 : 0)  [CM disc -40]  <-- P itself
  deg-1 place (mult 2): rational point (0 : 0 : 1 : 0)  [CM disc -20]

--- fiber of pi over Q = (0 : 1 : 0) through known point (1 : 1 : 1 : 1) [CM disc -12], splits as degrees [ 1, 1, 1 ] ---
  deg-1 place (mult 1): rational point (1 : 1 : 1 : 1)  [CM disc -12]  <-- P itself
  deg-1 place (mult 1): rational point (0 : 1 : 0 : 0)  [CM disc -24]
  deg-1 place (mult 1): rational point (1 : 0 : 0 : 0)  [cusp]

--- fiber of pi over Q = (0 : 1 : 0) through known point (0 : 1 : 0 : 0) [CM disc -24], splits as degrees [ 1, 1, 1 ] ---
  deg-1 place (mult 1): rational point (1 : 1 : 1 : 1)  [CM disc -12]
  deg-1 place (mult 1): rational point (0 : 1 : 0 : 0)  [CM disc -24]  <-- P itself
  deg-1 place (mult 1): rational point (1 : 0 : 0 : 0)  [cusp]

--- fiber of pi over Q = (-1 : 0 : 1) through known point (2 : 1 : 2 : 1) [CM disc -7], splits as degrees [ 1, 2 ] ---
  deg-1 place (mult 1): rational point (2 : 1 : 2 : 1)  [CM disc -7]  <-- P itself
  deg-2 place (mult 1) over Number Field with defining polynomial x^2 + 2*x + 2 over the Rational Field:
      (K.1 + 2 : -K.1 - 1 : K.1 : 1)

--- fiber of pi over Q = (-1 : 1 : 1) through known point (0 : 0 : 1 : 0) [CM disc -20], splits as degrees [ 1, 1 ] ---
  deg-1 place (mult 1): rational point (1 : 0 : 1 : 0)  [CM disc -40]
  deg-1 place (mult 2): rational point (0 : 0 : 1 : 0)  [CM disc -20]  <-- P itself

--- fiber of pi over Q = (3 : -3 : 1) through known point (3 : 2 : 3/2 : 1) [CM disc -232], splits as degrees [ 1, 2 ] ---
  deg-1 place (mult 1): rational point (3 : 2 : 3/2 : 1)  [CM disc -232]  <-- P itself
  deg-2 place (mult 1) over Number Field with defining polynomial x^2 + 3/4*x - 1/8 over the Rational Field:
      (1/2*(6*K.1 - 1) : -4*K.1 : K.1 : 1)

--- fiber of pi over Q = (3 : 0 : 1) through known point (0 : -1 : 0 : 1) [CM disc -28], splits as degrees [ 1, 2 ] ---
  deg-1 place (mult 1): rational point (0 : -1 : 0 : 1)  [CM disc -28]  <-- P itself
  deg-2 place (mult 1) over Number Field with defining polynomial x^2 - 2 over the Rational Field:
      (3*K.1 - 2 : -K.1 + 3 : K.1 : 1)

--- fiber of pi over Q = (0 : 1 : 0) through known point (1 : 0 : 0 : 0) [cusp], splits as degrees [ 1, 1, 1 ] ---
  deg-1 place (mult 1): rational point (1 : 1 : 1 : 1)  [CM disc -12]
  deg-1 place (mult 1): rational point (0 : 1 : 0 : 0)  [CM disc -24]
  deg-1 place (mult 1): rational point (1 : 0 : 0 : 0)  [cusp]  <-- P itself
>>> PARTNER in the fiber over Q = (-1 : 1 : 1) (via known point (1 : 0 : 1 : 0) [CM disc -40]):
>>>     (0 : 0 : 1 : 0)   —   CM disc -20
>>> PARTNER in the fiber over Q = (0 : 1 : 0) (via known point (1 : 1 : 1 : 1) [CM disc -12]):
>>>     (0 : 1 : 0 : 0)   —   CM disc -24
>>> PARTNER in the fiber over Q = (0 : 1 : 0) (via known point (1 : 1 : 1 : 1) [CM disc -12]):
>>>     (1 : 0 : 0 : 0)   —   cusp
>>> PARTNER in the fiber over Q = (0 : 1 : 0) (via known point (0 : 1 : 0 : 0) [CM disc -24]):
>>>     (1 : 0 : 0 : 0)   —   cusp
rational-point-fiber status: 8 known point(s) checked

--- D = -48 (h = 1) ---
  CM point at tau = 0.307086 + 0.0136382*$.1: image NOT recognized as rational: [ -1.500000000 - 9.018513366E-112*$.1, 0.7500000000 + 0.7500000000*$.1, 1.000000000 ]
  CM point at tau = -0.307086 + 0.0136382*$.1: image NOT recognized as rational: [ -1.500000000 + 9.018513366E-112*$.1, 0.7500000000 - 0.7500000000*$.1, 1.000000000 ]
status: images not rational (no rational fiber)

--- D = -56 (h = 4) ---
  CM point at tau = 0.165354 + 0.0147309*$.1: image NOT recognized as rational: [ 4.828427125 - 2.548177202E-81*$.1, 0.08519879502 - 0.8335772154*$.1, 1.000000000 ]
  CM point at tau = 0.388452 + 0.00491031*$.1: image NOT recognized as rational: [ -0.8284271248 - 5.920853610E-40*$.1, 0.9138032676 + 0.1664607380*$.1, 1.000000000 ]
status: images not rational (no rational fiber)

--- D = -112 (h = 1) ---
  CM point at tau = 0.354331 + 0.0208327*$.1  |-->  Q = (-1 : 0 : 1)
  CM point at tau = -0.354331 + 0.0208327*$.1  |-->  Q = (-1 : 0 : 1)
all disc--112 CM points map to the SAME rational point — as expected

--- fiber of pi over Q1 = (-1 : 0 : 1) (image of the disc--112 CM points) ---
  deg-1 place (mult 1): rational point (2 : 1 : 2 : 1)  [CM disc -7]
  deg-2 place (mult 1) over Number Field with defining polynomial x^2 + 2*x + 2 over the Rational Field:
      (K.1 + 2 : -K.1 - 1 : K.1 : 1)   <-- the two disc--112 CM points
>>> THIRD POINT in the fiber over Q = (-1 : 0 : 1):
>>>     (2 : 1 : 2 : 1)   —   CM disc -7
status: 1 rational fiber(s)

--- D = -132 (h = 4) ---
  CM point at tau = 0.106299 + 0.0226164*$.1: image NOT recognized as rational: [ -0.3529411765 + 0.5882352941*$.1, -1.352941177 - 5.411764706*$.1, 1.000000000 ]
  CM point at tau = -0.106299 + 0.0226164*$.1: image NOT recognized as rational: [ -0.3529411765 - 0.5882352941*$.1, -1.352941177 + 5.411764706*$.1, 1.000000000 ]
status: images not rational (no rational fiber)

--- D = -180 (h = 2) ---
  CM point at tau = 0.137795 + 0.0264103*$.1: image NOT recognized as rational: [ 0.8750000000 - 4.357106265*$.1, 5.312500000 + 10.89276566*$.1, 1.000000000 ]
  CM point at tau = -0.137795 + 0.0264103*$.1: image NOT recognized as rational: [ 0.8750000000 + 4.357106265*$.1, 5.312500000 - 10.89276566*$.1, 1.000000000 ]
status: images not rational (no rational fiber)

--- D = -184 (h = 4) ---
  CM point at tau = 0.464567 + 0.0267021*$.1: image NOT recognized as rational: [ 4.828427125 - 5.940020904E-201*$.1, -10.65685425 + 8.805382738E-200*$.1, 1.000000000 ]
  CM point at tau = 0.292913 + 0.00534042*$.1: image NOT recognized as rational: [ -0.8284271248 + 8.379096955E-43*$.1, 0.6568542495 - 3.427429113E-43*$.1, 1.000000000 ]
status: images not rational (no rational fiber)

--- D = -228 (h = 4) ---
  CM point at tau = 0.429134 + 0.0297238*$.1: image NOT recognized as rational: [ 5.225680707E-200 - 2.000000000*$.1, 3.000000000 + 4.000000000*$.1, 1.000000000 ]
  CM point at tau = -0.429134 + 0.0297238*$.1: image NOT recognized as rational: [ 5.225680707E-200 + 2.000000000*$.1, 3.000000000 - 4.000000000*$.1, 1.000000000 ]
status: images not rational (no rational fiber)

--- D = -312 (h = 4) ---
  CM point at tau = 0.472441 + 0.0347707*$.1: image NOT recognized as rational: [ 3.343145750 + 4.891076215E-200*$.1, -4.715728752 - 1.128835157E-199*$.1, 1.000000000 ]
  CM point at tau = 0.157480 + 0.0115902*$.1: image NOT recognized as rational: [ 14.65685425 - 1.366654605E-92*$.1, -61.28427125 - 1.315774829E-91*$.1, 1.000000000 ]
status: images not rational (no rational fiber)

--- D = -340 (h = 4) ---
  CM point at tau = 0.0511811 + 0.0362974*$.1: image NOT recognized as rational: [ 3.311552813 + 2.152406866E-200*$.1, -4.576941016 + 1.692674848E-199*$.1, 1.000000000 ]
  CM point at tau = 0.389764 + 0.00725948*$.1: image NOT recognized as rational: [ -0.8115528128 - 8.573768955E-59*$.1, 0.5769410160 + 7.650070125E-59*$.1, 1.000000000 ]
status: images not rational (no rational fiber)

--- D = -372 (h = 4) ---
  CM point at tau = 0.255906 + 0.0379671*$.1: image NOT recognized as rational: [ -1.125000000 - 0.6959705453*$.1, 2.062500000 + 0.3479852727*$.1, 1.000000000 ]
  CM point at tau = -0.255906 + 0.0379671*$.1: image NOT recognized as rational: [ -1.125000000 + 0.6959705453*$.1, 2.062500000 - 0.3479852727*$.1, 1.000000000 ]
status: images not rational (no rational fiber)

--- D = -388 (h = 4) ---
  CM point at tau = 0.161417 + 0.0387750*$.1: image NOT recognized as rational: [ 2.000000000 - 3.000000000*$.1, -7.838521060E-200 + 9.000000000*$.1, 1.000000000 ]
  CM point at tau = -0.161417 + 0.0387750*$.1: image NOT recognized as rational: [ 2.000000000 + 3.000000000*$.1, -7.838521060E-200 - 9.000000000*$.1, 1.000000000 ]
status: images not rational (no rational fiber)

--- D = -408 (h = 4) ---
  CM point at tau = 0.480315 + 0.0397618*$.1  |-->  Q = (3 : -3 : 1)
  CM point at tau = 0.173228 + 0.0132539*$.1  |-->  Q = (3 : -3 : 1)
all disc--408 CM points map to the SAME rational point — as expected

--- fiber of pi over Q1 = (3 : -3 : 1) (image of the disc--408 CM points) ---
  deg-1 place (mult 1): rational point (3 : 2 : 3/2 : 1)  [CM disc -232]
  deg-2 place (mult 1) over Number Field with defining polynomial x^2 + 3/4*x - 1/8 over the Rational Field:
      (1/2*(6*K.1 - 1) : -4*K.1 : K.1 : 1)   <-- the two disc--408 CM points
>>> THIRD POINT in the fiber over Q = (3 : -3 : 1):
>>>     (3 : 2 : 3/2 : 1)   —   CM disc -232
status: 1 rational fiber(s)

--- D = -520 (h = 4) ---
  CM point at tau = 0.346457 + 0.0448888*$.1: image NOT recognized as rational: [ -1.111111111 + 0.3142696805*$.1, -0.2592592593 - 0.2095131204*$.1, 1.000000000 ]
  CM point at tau = -0.346457 + 0.0448888*$.1: image NOT recognized as rational: [ -1.111111111 - 0.3142696805*$.1, -0.2592592593 + 0.2095131204*$.1, 1.000000000 ]
status: images not rational (no rational fiber)

--- D = -532 (h = 4) ---
  CM point at tau = 0.0433071 + 0.0454038*$.1: image NOT recognized as rational: [ 3.977166080 + 1.545896839E-199*$.1, -7.295276800 - 2.520281879E-199*$.1, 1.000000000 ]
  CM point at tau = 0.279528 + 0.00648626*$.1: image NOT recognized as rational: [ -0.8660549686 - 1.768315855E-52*$.1, 0.7767582810 - 1.741564286E-51*$.1, 1.000000000 ]
status: images not rational (no rational fiber)

--- D = -760 (h = 4) ---
  CM point at tau = 0.0314960 + 0.0542679*$.1: image NOT recognized as rational: [ 4.828427125 + 8.564289055E-200*$.1, -10.65685425 - 1.013777796E-199*$.1, 1.000000000 ]
  CM point at tau = 0.393701 + 0.0108536*$.1: image NOT recognized as rational: [ -0.8284271248 - 4.489619298E-88*$.1, 0.6568542495 - 3.606567063E-89*$.1, 1.000000000 ]
status: images not rational (no rational fiber)

--- D = -772 (h = 4) ---
  CM point at tau = 0.200787 + 0.0546947*$.1: image NOT recognized as rational: [ -1.254163370E-200 - 2.000000000*$.1, 3.000000000 + 4.000000000*$.1, 1.000000000 ]
  CM point at tau = -0.200787 + 0.0546947*$.1: image NOT recognized as rational: [ -1.254163370E-200 + 2.000000000*$.1, 3.000000000 - 4.000000000*$.1, 1.000000000 ]
status: images not rational (no rational fiber)

--- D = -1012 (h = 4) ---
  CM point at tau = 0.00393701 + 0.0626220*$.1: image NOT recognized as rational: [ 5.816624790 + 1.747043235E-199*$.1, -14.71240578 - 2.004648107E-199*$.1, 1.000000000 ]
  CM point at tau = 0.0905511 + 0.00569291*$.1: image NOT recognized as rational: [ -0.8166247904 - 2.921987552E-47*$.1, 0.2124057783 + 1.574450489E-46*$.1, 1.000000000 ]
status: images not rational (no rational fiber)

================ SWEEP SUMMARY for X_0(254)* -> X_0(254)* ================
  CUSP fiber |--> Q = (0 : 1 : 0); RESIDUAL POINT (1 : 1 : 1 : 1) — CM disc -12
  CUSP fiber |--> Q = (0 : 1 : 0); RESIDUAL POINT (0 : 1 : 0 : 0) — CM disc -24
  RATIONAL-POINT fiber |--> Q = (-1 : 1 : 1); RESIDUAL POINT (0 : 0 : 1 : 0) — CM disc -20  (partner of known point (1 : 0 : 1 : 0) [CM disc -40])
  RATIONAL-POINT fiber |--> Q = (0 : 1 : 0); RESIDUAL POINT (0 : 1 : 0 : 0) — CM disc -24  (partner of known point (1 : 1 : 1 : 1) [CM disc -12])
  RATIONAL-POINT fiber |--> Q = (0 : 1 : 0); RESIDUAL POINT (1 : 0 : 0 : 0) — cusp  (partner of known point (1 : 1 : 1 : 1) [CM disc -12])
  RATIONAL-POINT fiber |--> Q = (0 : 1 : 0); RESIDUAL POINT (1 : 0 : 0 : 0) — cusp  (partner of known point (0 : 1 : 0 : 0) [CM disc -24])
  D = -112: CM points |--> Q = (-1 : 0 : 1); THIRD POINT (2 : 1 : 2 : 1) — CM disc -7
  D = -408: CM points |--> Q = (3 : -3 : 1); THIRD POINT (3 : 2 : 3/2 : 1) — CM disc -232

#################### N = 258, p = 1 ####################
M = 258: new-quotient triple cover to 258a1 (modular degree 24)
[BuildTripleCoverNew] building model of X_0(258)* (eval_prec = 400, cached if available)... [cache] loaded 3000-term star forms for level 258
done (1.020 s)
[cache] loaded triple-cover map for (N=258, p=1) -> 258a1
X_0(258)* = Curve over Rational Field defined by
z[1]^3*z[3] - z[1]^2*z[2]^2 - z[1]^2*z[3]^2 + z[1]*z[2]^3 - z[1]*z[2]^2*z[3] + z[1]*z[3]^3 + 2*z[2]^4 - z[2]^3*z[3] - z[2]^2*z[3]^2
E = [ 1, 1, 0, 3, -3 ] (258a1)

===== SWEEP of CM discriminants for X_0(258)* -> X_0(258)* =====
found 11 small rational points on X_0(258)* (bound 100000)
found CM point at discriminant -8
found CM point at discriminant -12
found CM point at discriminant -48
found CM point at discriminant -20
found CM point at discriminant -72
found CM point at discriminant -168
found CM point at discriminant -372
found CM point at discriminant -708
found CM point at discriminant -120
found CM point at discriminant -132

labelling the rational points:
  disc = -132 -> rats[7] -> (-1 : -1 : 1) (CM)
  disc = -72 -> rats[3] -> (0 : 1 : 1) (CM)
  disc = -12 -> rats[2] -> (-1 : 1 : 0) (CM)
  disc = -708 -> rats[10] -> (2 : 1 : 0) (CM)
  disc = -120 -> rats[1] -> (0 : 0 : 1) (CM)
  disc = -168 -> rats[6] -> (1 : 1 : 1) (CM)
  disc = -48 -> rats[11] -> (1/2 : 1/2 : 1) (CM)
  disc = -20 -> rats[8] -> (1 : -1 : 1) (CM)
  disc = -8 -> rats[9] -> (0 : -1/2 : 1) (CM)
  disc = -372 -> rats[4] -> (2 : -1 : 1) (CM)
  Cusp -> rats[5]
Labelled 11 CM+cusp, 0 exceptional

small rational points, their labels and images under pi:
  P1 = (0 : 0 : 1)  [CM disc -120]  |-->  (1 : 1 : 1)
  P2 = (-1 : 1 : 0)  [CM disc -12]  |-->  (0 : 1 : 0)
  P3 = (0 : 1 : 1)  [CM disc -72]  |-->  (1 : 1 : 1)
  P4 = (2 : -1 : 1)  [CM disc -372]  |-->  (1 : 1 : 1)
  P5 = (1 : 0 : 0)  [cusp]  |-->  (0 : 1 : 0)
  P6 = (1 : 1 : 1)  [CM disc -168]  |-->  (2 : -5 : 1)
  P7 = (-1 : -1 : 1)  [CM disc -132]  |-->  (2 : -5 : 1)
  P8 = (1 : -1 : 1)  [CM disc -20]  |-->  (2 : -5 : 1)
  P9 = (0 : -1/2 : 1)  [CM disc -8]  |-->  (1 : -2 : 1)
  P10 = (2 : 1 : 0)  [CM disc -708]  |-->  (43/9 : -394/27 : 1)
  P11 = (1/2 : 1/2 : 1)  [CM disc -48]  |-->  (0 : 1 : 0)

candidate discs (degree-2 CM points on X_0(258)*): [ -32, -39, -156, -180, -192, -276, -420, -456, -564, -1032, -1320, -1752, -1848, -2580, -5160, -6708 ]

--- CUSP FIBER: fiber of pi over Q = (0 : 1 : 0) (contains the cusp), splits as degrees [ 1, 1, 1 ] ---
  deg-1 place (mult 1): rational point (1/2 : 1/2 : 1)  [CM disc -48]
  deg-1 place (mult 1): rational point (1 : 0 : 0)  [cusp]  <-- the cusp
  deg-1 place (mult 1): rational point (-1 : 1 : 0)  [CM disc -12]
>>> RESIDUAL POINT in the cusp fiber over Q = (0 : 1 : 0):
>>>     (1/2 : 1/2 : 1)   —   CM disc -48
>>> RESIDUAL POINT in the cusp fiber over Q = (0 : 1 : 0):
>>>     (-1 : 1 : 0)   —   CM disc -12
cusp-fiber status: cusp fiber: degrees [ 1, 1, 1 ]

--- fiber of pi over Q = (1 : 1 : 1) through known point (0 : 0 : 1) [CM disc -120], splits as degrees [ 1, 1, 1 ] ---
  deg-1 place (mult 1): rational point (0 : 1 : 1)  [CM disc -72]
  deg-1 place (mult 1): rational point (0 : 0 : 1)  [CM disc -120]  <-- P itself
  deg-1 place (mult 1): rational point (2 : -1 : 1)  [CM disc -372]

--- fiber of pi over Q = (0 : 1 : 0) through known point (-1 : 1 : 0) [CM disc -12], splits as degrees [ 1, 1, 1 ] ---
  deg-1 place (mult 1): rational point (1/2 : 1/2 : 1)  [CM disc -48]
  deg-1 place (mult 1): rational point (1 : 0 : 0)  [cusp]
  deg-1 place (mult 1): rational point (-1 : 1 : 0)  [CM disc -12]  <-- P itself

--- fiber of pi over Q = (1 : 1 : 1) through known point (0 : 1 : 1) [CM disc -72], splits as degrees [ 1, 1, 1 ] ---
  deg-1 place (mult 1): rational point (0 : 1 : 1)  [CM disc -72]  <-- P itself
  deg-1 place (mult 1): rational point (0 : 0 : 1)  [CM disc -120]
  deg-1 place (mult 1): rational point (2 : -1 : 1)  [CM disc -372]

--- fiber of pi over Q = (1 : 1 : 1) through known point (2 : -1 : 1) [CM disc -372], splits as degrees [ 1, 1, 1 ] ---
  deg-1 place (mult 1): rational point (0 : 1 : 1)  [CM disc -72]
  deg-1 place (mult 1): rational point (0 : 0 : 1)  [CM disc -120]
  deg-1 place (mult 1): rational point (2 : -1 : 1)  [CM disc -372]  <-- P itself

--- fiber of pi over Q = (0 : 1 : 0) through known point (1 : 0 : 0) [cusp], splits as degrees [ 1, 1, 1 ] ---
  deg-1 place (mult 1): rational point (1/2 : 1/2 : 1)  [CM disc -48]
  deg-1 place (mult 1): rational point (1 : 0 : 0)  [cusp]  <-- P itself
  deg-1 place (mult 1): rational point (-1 : 1 : 0)  [CM disc -12]

--- fiber of pi over Q = (2 : -5 : 1) through known point (1 : 1 : 1) [CM disc -168], splits as degrees [ 1, 1, 1 ] ---
  deg-1 place (mult 1): rational point (1 : 1 : 1)  [CM disc -168]  <-- P itself
  deg-1 place (mult 1): rational point (1 : -1 : 1)  [CM disc -20]
  deg-1 place (mult 1): rational point (-1 : -1 : 1)  [CM disc -132]

--- fiber of pi over Q = (2 : -5 : 1) through known point (-1 : -1 : 1) [CM disc -132], splits as degrees [ 1, 1, 1 ] ---
  deg-1 place (mult 1): rational point (1 : 1 : 1)  [CM disc -168]
  deg-1 place (mult 1): rational point (1 : -1 : 1)  [CM disc -20]
  deg-1 place (mult 1): rational point (-1 : -1 : 1)  [CM disc -132]  <-- P itself

--- fiber of pi over Q = (2 : -5 : 1) through known point (1 : -1 : 1) [CM disc -20], splits as degrees [ 1, 1, 1 ] ---
  deg-1 place (mult 1): rational point (1 : 1 : 1)  [CM disc -168]
  deg-1 place (mult 1): rational point (1 : -1 : 1)  [CM disc -20]  <-- P itself
  deg-1 place (mult 1): rational point (-1 : -1 : 1)  [CM disc -132]

--- fiber of pi over Q = (1 : -2 : 1) through known point (0 : -1/2 : 1) [CM disc -8], splits as degrees [ 1, 2 ] ---
  deg-1 place (mult 1): rational point (0 : -1/2 : 1)  [CM disc -8]  <-- P itself
  deg-2 place (mult 1) over Number Field with defining polynomial x^2 - 4/17*x - 12/17 over the Rational Field:
      (1/8*(-K.1 + 6) : K.1 : 1)

--- fiber of pi over Q = (43/9 : -394/27 : 1) through known point (2 : 1 : 0) [CM disc -708], splits as degrees [ 1, 2 ] ---
  deg-2 place (mult 1) over Number Field with defining polynomial x^2 + 2/3*x - 4/3 over the Rational Field:
      (1/6*(-K.1 + 8) : K.1 : 1)
  deg-1 place (mult 1): rational point (2 : 1 : 0)  [CM disc -708]  <-- P itself

--- fiber of pi over Q = (0 : 1 : 0) through known point (1/2 : 1/2 : 1) [CM disc -48], splits as degrees [ 1, 1, 1 ] ---
  deg-1 place (mult 1): rational point (1/2 : 1/2 : 1)  [CM disc -48]  <-- P itself
  deg-1 place (mult 1): rational point (1 : 0 : 0)  [cusp]
  deg-1 place (mult 1): rational point (-1 : 1 : 0)  [CM disc -12]
>>> PARTNER in the fiber over Q = (1 : 1 : 1) (via known point (0 : 0 : 1) [CM disc -120]):
>>>     (0 : 1 : 1)   —   CM disc -72
>>> PARTNER in the fiber over Q = (1 : 1 : 1) (via known point (0 : 0 : 1) [CM disc -120]):
>>>     (2 : -1 : 1)   —   CM disc -372
>>> PARTNER in the fiber over Q = (0 : 1 : 0) (via known point (-1 : 1 : 0) [CM disc -12]):
>>>     (1/2 : 1/2 : 1)   —   CM disc -48
>>> PARTNER in the fiber over Q = (0 : 1 : 0) (via known point (-1 : 1 : 0) [CM disc -12]):
>>>     (1 : 0 : 0)   —   cusp
>>> PARTNER in the fiber over Q = (1 : 1 : 1) (via known point (0 : 1 : 1) [CM disc -72]):
>>>     (2 : -1 : 1)   —   CM disc -372
>>> PARTNER in the fiber over Q = (0 : 1 : 0) (via known point (1 : 0 : 0) [cusp]):
>>>     (1/2 : 1/2 : 1)   —   CM disc -48
>>> PARTNER in the fiber over Q = (2 : -5 : 1) (via known point (1 : 1 : 1) [CM disc -168]):
>>>     (1 : -1 : 1)   —   CM disc -20
>>> PARTNER in the fiber over Q = (2 : -5 : 1) (via known point (1 : 1 : 1) [CM disc -168]):
>>>     (-1 : -1 : 1)   —   CM disc -132
>>> PARTNER in the fiber over Q = (2 : -5 : 1) (via known point (-1 : -1 : 1) [CM disc -132]):
>>>     (1 : -1 : 1)   —   CM disc -20
rational-point-fiber status: 11 known point(s) checked

--- D = -32 (h = 1) ---
  CM point at tau = 0.457365 + 0.0109629*$.1: image NOT recognized as rational: [ 0.7573593129 + 8.090635846E-89*$.1, -1.029437252 - 4.428105942E-88*$.1, 1.000000000 ]
  CM point at tau = 0.124031 + 0.0109629*$.1: image NOT recognized as rational: [ 9.242640687 - 1.526572865E-87*$.1, -34.97056275 + 5.139890742E-88*$.1, 1.000000000 ]
status: images not rational (no rational fiber)

--- D = -39 (h = 4) ---
  CM point at tau = 0.412791 + 0.0121027*$.1: image NOT recognized as rational: [ -1.133342416E-97 - 1.732050808*$.1, 5.016288704E-98 + 3.464101615*$.1, 1.000000000 ]
  CM point at tau = -0.0872093 + 0.0121027*$.1: image NOT recognized as rational: [ 6.126599692E-99 + 1.732050808*$.1, 6.324472355E-99 - 3.464101615*$.1, 1.000000000 ]
status: images not rational (no rational fiber)

--- D = -156 (h = 4) ---
  CM point at tau = 0.174419 + 0.0242054*$.1  |-->  Q = (1 : -2 : 1)
  CM point at tau = 0.434884 + 0.00484108*$.1  |-->  Q = (1 : -2 : 1)
all disc--156 CM points map to the SAME rational point — as expected

--- fiber of pi over Q1 = (1 : -2 : 1) (image of the disc--156 CM points) ---
  deg-1 place (mult 1): rational point (0 : -1/2 : 1)  [CM disc -8]
  deg-2 place (mult 1) over Number Field with defining polynomial x^2 - 4/17*x - 12/17 over the Rational Field:
      (1/8*(-K.1 + 6) : K.1 : 1)   <-- the two disc--156 CM points
>>> THIRD POINT in the fiber over Q = (1 : -2 : 1):
>>>     (0 : -1/2 : 1)   —   CM disc -8
status: 1 rational fiber(s)

--- D = -180 (h = 2) ---
  CM point at tau = 0.104651 + 0.0260008*$.1: image NOT recognized as rational: [ 2.000000000 - 3.872983346*$.1, -2.000000000 + 11.61895004*$.1, 1.000000000 ]
  CM point at tau = -0.104651 + 0.0260008*$.1: image NOT recognized as rational: [ 2.000000000 + 3.872983346*$.1, -2.000000000 - 11.61895004*$.1, 1.000000000 ]
status: images not rational (no rational fiber)

--- D = -192 (h = 1) ---
  CM point at tau = 0.465117 + 0.0268535*$.1: image NOT recognized as rational: [ 0.7500000000 - 4.383996461E-200*$.1, 0.2373724357 - 1.974652341E-199*$.1, 1.000000000 ]
  CM point at tau = 0.0664452 + 0.00383621*$.1: image NOT recognized as rational: [ 0.7500000000 - 8.701836174E-32*$.1, -0.9873724357 - 6.135357187E-32*$.1, 1.000000000 ]
status: images not rational (no rational fiber)

--- D = -276 (h = 8) ---
  CM point at tau = 0.406977 + 0.0321962*$.1: image NOT recognized as rational: [ -1.000000000 + 2.708339232E-200*$.1, 0.5000000000 + 2.397915762*$.1, 1.000000000 ]
  CM point at tau = -0.406977 + 0.0321962*$.1: image NOT recognized as rational: [ -1.000000000 - 2.708339232E-200*$.1, 0.5000000000 - 2.397915762*$.1, 1.000000000 ]
status: images not rational (no rational fiber)

--- D = -420 (h = 8) ---
  CM point at tau = 0.220930 + 0.0397168*$.1: image NOT recognized as rational: [ -1.500000000 - 1.936491673*$.1, -1.500000000 + 1.936491673*$.1, 1.000000000 ]
  CM point at tau = -0.220930 + 0.0397168*$.1: image NOT recognized as rational: [ -1.500000000 + 1.936491673*$.1, -1.500000000 - 1.936491673*$.1, 1.000000000 ]
status: images not rational (no rational fiber)

--- D = -456 (h = 8) ---
  CM point at tau = 0.0465117 + 0.0413840*$.1: image NOT recognized as rational: [ 3.725082782 + 3.204217613E-200*$.1, -10.64950331 - 2.154779582E-199*$.1, 1.000000000 ]
  CM point at tau = 0.390697 + 0.00827681*$.1: image NOT recognized as rational: [ 11.27491722 - 1.282510809E-65*$.1, 34.64950331 - 8.900270859E-65*$.1, 1.000000000 ]
status: images not rational (no rational fiber)

--- D = -564 (h = 8) ---
  CM point at tau = 0.267442 + 0.0460246*$.1: image NOT recognized as rational: [ -0.2777777778 - 0.3808697000*$.1, 0.3703703704 - 1.777391933*$.1, 1.000000000 ]
  CM point at tau = -0.267442 + 0.0460246*$.1: image NOT recognized as rational: [ -0.2777777778 + 0.3808697000*$.1, 0.3703703704 + 1.777391933*$.1, 1.000000000 ]
status: images not rational (no rational fiber)

--- D = -1032 (h = 8) ---
  CM point at tau = 0.0622573*$.1: image NOT recognized as rational: [ 6.066443100, -19.89907779, 1.000000000 ]
  CM point at tau = 0.142857 + 0.00889389*$.1: image NOT recognized as rational: [ 4.824181900 + 2.790813567E-68*$.1, -14.77475034 + 2.659353359E-68*$.1, 1.000000000 ]
status: images not rational (no rational fiber)

--- D = -1320 (h = 8) ---
  CM point at tau = 0.372093 + 0.0704105*$.1: image NOT recognized as rational: [ -0.9000000000 + 1.936491673*$.1, -0.3000000000 - 0.2323790008*$.1, 1.000000000 ]
  CM point at tau = -0.372093 + 0.0704105*$.1: image NOT recognized as rational: [ -0.9000000000 - 1.936491673*$.1, -0.3000000000 + 0.2323790008*$.1, 1.000000000 ]
status: images not rational (no rational fiber)

--- D = -1752 (h = 8) ---
  CM point at tau = 0.209302 + 0.0811180*$.1: image NOT recognized as rational: [ -1.000000000 - 2.449489743*$.1, 3.000000000 + 2.449489743*$.1, 1.000000000 ]
  CM point at tau = -0.209302 + 0.0811180*$.1: image NOT recognized as rational: [ -1.000000000 + 2.449489743*$.1, 3.000000000 - 2.449489743*$.1, 1.000000000 ]
status: images not rational (no rational fiber)

--- D = -1848 (h = 8) ---
  CM point at tau = 0.418605 + 0.0833108*$.1: image NOT recognized as rational: [ 0.3580246913 + 1.709152140*$.1, 0.2153635117 + 2.088963726*$.1, 1.000000000 ]
  CM point at tau = -0.418605 + 0.0833108*$.1: image NOT recognized as rational: [ 0.3580246913 - 1.709152140*$.1, 0.2153635117 - 2.088963726*$.1, 1.000000000 ]
status: images not rational (no rational fiber)

--- D = -2580 (h = 16) ---
  CM point at tau = 0.500000 + 0.0984374*$.1: image NOT recognized as rational: [ 2.189905663 + 5.588976663E-200*$.1, 3.384603756 + 1.146743711E-199*$.1, 1.000000000 ]
  CM point at tau = 0.136364 + 0.00894885*$.1: image NOT recognized as rational: [ 5.370094337 + 6.302529961E-71*$.1, -16.96860376 + 2.601770467E-70*$.1, 1.000000000 ]
status: images not rational (no rational fiber)

--- D = -5160 (h = 16) ---
  CM point at tau = 0.139211*$.1: image NOT recognized as rational: [ 9.606123087, -36.85918984, 1.000000000 ]
  CM point at tau = 0.230769 + 0.0107086*$.1: image NOT recognized as rational: [ 68.39387691 + 1.961597815E-83*$.1, -605.1408102 + 6.333771013E-82*$.1, 1.000000000 ]
status: images not rational (no rational fiber)

--- D = -6708 (h = 16) ---
  CM point at tau = 0.500000 + 0.158726*$.1: image NOT recognized as rational: [ 5.296923953 + 1.372799824E-199*$.1, 11.37225334 + 4.229506025E-199*$.1, 1.000000000 ]
  CM point at tau = 0.456522 + 0.00690111*$.1: image NOT recognized as rational: [ 0.9252982697 - 7.164440161E-56*$.1, -1.742623709 + 2.559949576E-55*$.1, 1.000000000 ]
status: images not rational (no rational fiber)

================ SWEEP SUMMARY for X_0(258)* -> X_0(258)* ================
  CUSP fiber |--> Q = (0 : 1 : 0); RESIDUAL POINT (1/2 : 1/2 : 1) — CM disc -48
  CUSP fiber |--> Q = (0 : 1 : 0); RESIDUAL POINT (-1 : 1 : 0) — CM disc -12
  RATIONAL-POINT fiber |--> Q = (1 : 1 : 1); RESIDUAL POINT (0 : 1 : 1) — CM disc -72  (partner of known point (0 : 0 : 1) [CM disc -120])
  RATIONAL-POINT fiber |--> Q = (1 : 1 : 1); RESIDUAL POINT (2 : -1 : 1) — CM disc -372  (partner of known point (0 : 0 : 1) [CM disc -120])
  RATIONAL-POINT fiber |--> Q = (0 : 1 : 0); RESIDUAL POINT (1/2 : 1/2 : 1) — CM disc -48  (partner of known point (-1 : 1 : 0) [CM disc -12])
  RATIONAL-POINT fiber |--> Q = (0 : 1 : 0); RESIDUAL POINT (1 : 0 : 0) — cusp  (partner of known point (-1 : 1 : 0) [CM disc -12])
  RATIONAL-POINT fiber |--> Q = (1 : 1 : 1); RESIDUAL POINT (2 : -1 : 1) — CM disc -372  (partner of known point (0 : 1 : 1) [CM disc -72])
  RATIONAL-POINT fiber |--> Q = (0 : 1 : 0); RESIDUAL POINT (1/2 : 1/2 : 1) — CM disc -48  (partner of known point (1 : 0 : 0) [cusp])
  RATIONAL-POINT fiber |--> Q = (2 : -5 : 1); RESIDUAL POINT (1 : -1 : 1) — CM disc -20  (partner of known point (1 : 1 : 1) [CM disc -168])
  RATIONAL-POINT fiber |--> Q = (2 : -5 : 1); RESIDUAL POINT (-1 : -1 : 1) — CM disc -132  (partner of known point (1 : 1 : 1) [CM disc -168])
  RATIONAL-POINT fiber |--> Q = (2 : -5 : 1); RESIDUAL POINT (1 : -1 : 1) — CM disc -20  (partner of known point (-1 : -1 : 1) [CM disc -132])
  D = -156: CM points |--> Q = (1 : -2 : 1); THIRD POINT (0 : -1/2 : 1) — CM disc -8

#################### N = 262, p = 1 ####################
M = 262: new-quotient triple cover to 262b1 (modular degree 12)
[BuildTripleCoverNew] building model of X_0(262)* (eval_prec = 400, cached if available)... [cache] loaded 3000-term star forms for level 262
done (0.380 s)
[cache] loaded triple-cover map for (N=262, p=1) -> 262b1
X_0(262)* = Curve over Rational Field defined by
z[1]^2*z[3] - z[1]*z[2]^2 + z[1]*z[2]*z[4] - 4*z[1]*z[4]^2 - 2*z[2]^2*z[3] - z[2]^2*z[4] + z[2]*z[4]^2 - z[3]^3 + 6*z[4]^3,
z[1]^2*z[4] - 4*z[1]*z[4]^2 - z[2]^2*z[3] - z[2]*z[3]*z[4] + z[3]^2*z[4] - z[3]*z[4]^2 + 5*z[4]^3,
z[1]*z[2]*z[3] - z[1]*z[2]*z[4] - z[2]^3 + z[2]^2*z[4] - z[2]*z[3]^2 + z[2]*z[4]^2,
z[1]*z[3]^2 - z[1]*z[4]^2 - z[2]^2*z[3] - z[2]^2*z[4] + z[2]*z[3]*z[4] + z[2]*z[4]^2 - z[3]^3 - z[3]^2*z[4] + z[3]*z[4]^2 + z[4]^3,
z[1]*z[3]*z[4] - z[1]*z[4]^2 - z[2]^2*z[4] + z[2]*z[4]^2 - z[3]^2*z[4] + z[4]^3
E = [ 1, -1, 0, -2, 2 ] (262b1)

===== SWEEP of CM discriminants for X_0(262)* -> X_0(262)* =====
found 7 small rational points on X_0(262)* (bound 100000)
found CM point at discriminant -8
found CM point at discriminant -88
found CM point at discriminant -148
found CM point at discriminant -24
found CM point at discriminant -72
found CM point at discriminant -40

labelling the rational points:
  disc = -148 -> rats[6] -> (5 : 2 : 2 : 1) (CM)
  disc = -24 -> rats[3] -> (3 : 1 : 1 : 1) (CM)
  disc = -88 -> rats[5] -> (1 : 1 : 1 : 1) (CM)
  disc = -8 -> rats[7] -> (3 : 1 : 2 : 1) (CM)
  disc = -40 -> rats[4] -> (1 : 0 : 1 : 0) (CM)
  disc = -72 -> rats[1] -> (3/2 : 1 : 1/2 : 1) (CM)
  Cusp -> rats[2]
Labelled 7 CM+cusp, 0 exceptional

small rational points, their labels and images under pi:
  P1 = (3/2 : 1 : 1/2 : 1)  [CM disc -72]  |-->  (-1 : -1 : 1)
  P2 = (1 : 0 : 0 : 0)  [cusp]  |-->  (0 : 1 : 0)
  P3 = (3 : 1 : 1 : 1)  [CM disc -24]  |-->  (1 : -1 : 1)
  P4 = (1 : 0 : 1 : 0)  [CM disc -40]  |-->  (1 : 0 : 1)
  P5 = (1 : 1 : 1 : 1)  [CM disc -88]  |-->  (-1 : -1 : 1)
  P6 = (5 : 2 : 2 : 1)  [CM disc -148]  |-->  (7/4 : -17/8 : 1)
  P7 = (3 : 1 : 2 : 1)  [CM disc -8]  |-->  (-1 : 2 : 1)

candidate discs (degree-2 CM points on X_0(262)*): [ -32, -56, -68, -120, -168, -228, -280, -292, -312, -328, -340, -372, -388, -520, -532, -1012 ]

--- CUSP FIBER: fiber of pi over Q = (0 : 1 : 0) (contains the cusp), splits as degrees [ 1, 2 ] ---
  deg-2 place (mult 1) over Number Field with defining polynomial x^2 - 3/2*x + 1 over the Rational Field:
      (K.1 + 1 : 0 : K.1 : 1)
  deg-1 place (mult 1): rational point (1 : 0 : 0 : 0)  [cusp]  <-- the cusp
cusp-fiber status: cusp fiber: degrees [ 1, 2 ]

--- fiber of pi over Q = (-1 : -1 : 1) through known point (3/2 : 1 : 1/2 : 1) [CM disc -72], splits as degrees [ 1, 1 ] ---
  deg-1 place (mult 2): rational point (1 : 1 : 1 : 1)  [CM disc -88]
  deg-1 place (mult 1): rational point (3/2 : 1 : 1/2 : 1)  [CM disc -72]  <-- P itself

--- fiber of pi over Q = (0 : 1 : 0) through known point (1 : 0 : 0 : 0) [cusp], splits as degrees [ 1, 2 ] ---
  deg-2 place (mult 1) over Number Field with defining polynomial x^2 - 3/2*x + 1 over the Rational Field:
      (K.1 + 1 : 0 : K.1 : 1)
  deg-1 place (mult 1): rational point (1 : 0 : 0 : 0)  [cusp]  <-- P itself

--- fiber of pi over Q = (1 : -1 : 1) through known point (3 : 1 : 1 : 1) [CM disc -24], splits as degrees [ 1, 2 ] ---
  deg-1 place (mult 1): rational point (3 : 1 : 1 : 1)  [CM disc -24]  <-- P itself
  deg-2 place (mult 1) over Number Field with defining polynomial x^2 - 5/2*x + 5/2 over the Rational Field:
      (-K.1 + 4 : -1 : K.1 : 1)

--- fiber of pi over Q = (1 : 0 : 1) through known point (1 : 0 : 1 : 0) [CM disc -40], splits as degrees [ 1, 2 ] ---
  deg-2 place (mult 1) over Number Field with defining polynomial x^2 + 1 over the Rational Field:
      (K.1 + 2 : K.1 : 0 : 1)
  deg-1 place (mult 1): rational point (1 : 0 : 1 : 0)  [CM disc -40]  <-- P itself

--- fiber of pi over Q = (-1 : -1 : 1) through known point (1 : 1 : 1 : 1) [CM disc -88], splits as degrees [ 1, 1 ] ---
  deg-1 place (mult 2): rational point (1 : 1 : 1 : 1)  [CM disc -88]  <-- P itself
  deg-1 place (mult 1): rational point (3/2 : 1 : 1/2 : 1)  [CM disc -72]

--- fiber of pi over Q = (7/4 : -17/8 : 1) through known point (5 : 2 : 2 : 1) [CM disc -148], splits as degrees [ 1, 2 ] ---
  deg-1 place (mult 1): rational point (5 : 2 : 2 : 1)  [CM disc -148]  <-- P itself
  deg-2 place (mult 1) over Number Field with defining polynomial x^2 - 3/4*x + 13/8 over the Rational Field:
      (1/8*(-2*K.1 + 17) : 1/4*(-2*K.1 - 3) : K.1 : 1)

--- fiber of pi over Q = (-1 : 2 : 1) through known point (3 : 1 : 2 : 1) [CM disc -8], splits as degrees [ 1, 2 ] ---
  deg-1 place (mult 1): rational point (3 : 1 : 2 : 1)  [CM disc -8]  <-- P itself
  deg-2 place (mult 1) over Number Field with defining polynomial x^2 + 5/8*x + 1/4 over the Rational Field:
      (K.1 + 3 : -4*K.1 - 1 : K.1 : 1)
>>> PARTNER in the fiber over Q = (-1 : -1 : 1) (via known point (3/2 : 1 : 1/2 : 1) [CM disc -72]):
>>>     (1 : 1 : 1 : 1)   —   CM disc -88
rational-point-fiber status: 7 known point(s) checked

--- D = -32 (h = 1) ---
  CM point at tau = 0.213740 + 0.0107955*$.1  |-->  Q = (1 : 0 : 1)
  CM point at tau = -0.213740 + 0.0107955*$.1  |-->  Q = (1 : 0 : 1)
all disc--32 CM points map to the SAME rational point — as expected

--- fiber of pi over Q1 = (1 : 0 : 1) (image of the disc--32 CM points) ---
  deg-2 place (mult 1) over Number Field with defining polynomial x^2 + 1 over the Rational Field:
      (K.1 + 2 : K.1 : 0 : 1)   <-- the two disc--32 CM points
  deg-1 place (mult 1): rational point (1 : 0 : 1 : 0)  [CM disc -40]
>>> THIRD POINT in the fiber over Q = (1 : 0 : 1):
>>>     (1 : 0 : 1 : 0)   —   CM disc -40
status: 1 rational fiber(s)

--- D = -56 (h = 4) ---
  CM point at tau = 0.137405 + 0.0142811*$.1  |-->  Q = (0 : 1 : 0)
  CM point at tau = -0.137405 + 0.0142811*$.1  |-->  Q = (0 : 1 : 0)
all disc--56 CM points map to the SAME rational point — as expected

--- fiber of pi over Q1 = (0 : 1 : 0) (image of the disc--56 CM points) ---
  deg-2 place (mult 1) over Number Field with defining polynomial x^2 - 3/2*x + 1 over the Rational Field:
      (K.1 + 1 : 0 : K.1 : 1)   <-- the two disc--56 CM points
  deg-1 place (mult 1): rational point (1 : 0 : 0 : 0)  [cusp]
>>> THIRD POINT in the fiber over Q = (0 : 1 : 0):
>>>     (1 : 0 : 0 : 0)   —   cusp
status: 1 rational fiber(s)

--- D = -68 (h = 4) ---
  CM point at tau = 0.385496 + 0.0157371*$.1: image NOT recognized as rational: [ 1.000000000 - 1.000000000*$.1, -1.000000000 - 1.000000000*$.1, 1.000000000 ]
  CM point at tau = -0.385496 + 0.0157371*$.1: image NOT recognized as rational: [ 1.000000000 + 1.000000000*$.1, -1.000000000 + 1.000000000*$.1, 1.000000000 ]
status: images not rational (no rational fiber)

--- D = -120 (h = 4) ---
  CM point at tau = 0.404580 + 0.0209054*$.1  |-->  Q = (1 : -1 : 1)
  CM point at tau = -0.404580 + 0.0209054*$.1  |-->  Q = (1 : -1 : 1)
all disc--120 CM points map to the SAME rational point — as expected

--- fiber of pi over Q1 = (1 : -1 : 1) (image of the disc--120 CM points) ---
  deg-1 place (mult 1): rational point (3 : 1 : 1 : 1)  [CM disc -24]
  deg-2 place (mult 1) over Number Field with defining polynomial x^2 - 5/2*x + 5/2 over the Rational Field:
      (-K.1 + 4 : -1 : K.1 : 1)   <-- the two disc--120 CM points
>>> THIRD POINT in the fiber over Q = (1 : -1 : 1):
>>>     (3 : 1 : 1 : 1)   —   CM disc -24
status: 1 rational fiber(s)

--- D = -168 (h = 4) ---
  CM point at tau = 0.221374 + 0.0247357*$.1: image NOT recognized as rational: [ 0.3750000000 - 0.3307189139*$.1, 0.9375000000 + 0.4960783708*$.1, 1.000000000 ]
  CM point at tau = -0.221374 + 0.0247357*$.1: image NOT recognized as rational: [ 0.3750000000 + 0.3307189139*$.1, 0.9375000000 - 0.4960783708*$.1, 1.000000000 ]
status: images not rational (no rational fiber)

--- D = -228 (h = 4) ---
  CM point at tau = 0.103053 + 0.0288162*$.1: image NOT recognized as rational: [ 1.597167715E-198 - 2.000000000*$.1, 3.000000000 + 3.000000000*$.1, 1.000000000 ]
  CM point at tau = -0.103053 + 0.0288162*$.1: image NOT recognized as rational: [ 1.597167715E-198 + 2.000000000*$.1, 3.000000000 - 3.000000000*$.1, 1.000000000 ]
status: images not rational (no rational fiber)

--- D = -280 (h = 4) ---
  CM point at tau = 0.160305 + 0.0319336*$.1: image NOT recognized as rational: [ 4.000000000 - 2.645751311*$.1, -7.500000000 + 9.260129589*$.1, 1.000000000 ]
  CM point at tau = -0.160305 + 0.0319336*$.1: image NOT recognized as rational: [ 4.000000000 + 2.645751311*$.1, -7.500000000 - 9.260129589*$.1, 1.000000000 ]
status: images not rational (no rational fiber)

--- D = -292 (h = 4) ---
  CM point at tau = 0.202290 + 0.0326107*$.1: image NOT recognized as rational: [ 1.000000000 - 1.000000000*$.1, -2.658864750E-199 + 2.000000000*$.1, 1.000000000 ]
  CM point at tau = -0.202290 + 0.0326107*$.1: image NOT recognized as rational: [ 1.000000000 + 1.000000000*$.1, -2.658864750E-199 - 2.000000000*$.1, 1.000000000 ]
status: images not rational (no rational fiber)

--- D = -312 (h = 4) ---
  CM point at tau = 0.267176 + 0.0337090*$.1  |-->  Q = (-1 : 2 : 1)
  CM point at tau = -0.267176 + 0.0337090*$.1  |-->  Q = (-1 : 2 : 1)
all disc--312 CM points map to the SAME rational point — as expected

--- fiber of pi over Q1 = (-1 : 2 : 1) (image of the disc--312 CM points) ---
  deg-1 place (mult 1): rational point (3 : 1 : 2 : 1)  [CM disc -8]
  deg-2 place (mult 1) over Number Field with defining polynomial x^2 + 5/8*x + 1/4 over the Rational Field:
      (K.1 + 3 : -4*K.1 - 1 : K.1 : 1)   <-- the two disc--312 CM points
>>> THIRD POINT in the fiber over Q = (-1 : 2 : 1):
>>>     (3 : 1 : 2 : 1)   —   CM disc -8
status: 1 rational fiber(s)

--- D = -328 (h = 4) ---
  CM point at tau = 0.473282 + 0.0345625*$.1: image NOT recognized as rational: [ 1.556933427 + 1.397277793E-200*$.1, 0.1392333567 + 1.960357166E-200*$.1, 1.000000000 ]
  CM point at tau = 0.360960 + 0.00493751*$.1: image NOT recognized as rational: [ -1.244433427 - 3.622046633E-39*$.1, -0.5611083567 - 8.700250091E-40*$.1, 1.000000000 ]
status: images not rational (no rational fiber)

--- D = -340 (h = 4) ---
  CM point at tau = 0.133588 + 0.0351891*$.1: image NOT recognized as rational: [ 1.000000000 - 6.708203932*$.1, 10.00000000 + 17.88854382*$.1, 1.000000000 ]
  CM point at tau = -0.133588 + 0.0351891*$.1: image NOT recognized as rational: [ 1.000000000 + 6.708203932*$.1, 10.00000000 - 17.88854382*$.1, 1.000000000 ]
status: images not rational (no rational fiber)

--- D = -372 (h = 4) ---
  CM point at tau = 0.0496183 + 0.0368078*$.1: image NOT recognized as rational: [ 2.732050808 + 2.176868735E-199*$.1, -4.732050808 - 3.674690281E-199*$.1, 1.000000000 ]
  CM point at tau = 0.316794 + 0.0122693*$.1: image NOT recognized as rational: [ -0.7320508076 + 7.840406969E-100*$.1, -1.267949192 + 8.707482354E-99*$.1, 1.000000000 ]
status: images not rational (no rational fiber)

--- D = -388 (h = 4) ---
  CM point at tau = 0.293893 + 0.0375910*$.1: image NOT recognized as rational: [ -1.500000000 - 3.509915541E-199*$.1, 0.7500000000 + 0.2500000000*$.1, 1.000000000 ]
  CM point at tau = -0.293893 + 0.0375910*$.1: image NOT recognized as rational: [ -1.500000000 + 3.509915541E-199*$.1, 0.7500000000 - 0.2500000000*$.1, 1.000000000 ]
status: images not rational (no rational fiber)

--- D = -520 (h = 4) ---
  CM point at tau = 0.496183 + 0.0435181*$.1: image NOT recognized as rational: [ 1.882782219 - 1.911146200E-199*$.1, 0.5586088907 - 1.067829070E-199*$.1, 1.000000000 ]
  CM point at tau = 0.0992366 + 0.00870363*$.1: image NOT recognized as rational: [ -0.1327822185 - 7.806515395E-71*$.1, 1.566391109 + 1.241742271E-70*$.1, 1.000000000 ]
status: images not rational (no rational fiber)

--- D = -532 (h = 4) ---
  CM point at tau = 0.393130 + 0.0440174*$.1: image NOT recognized as rational: [ 0.3750000000 + 0.3307189139*$.1, -1.312500000 + 0.1653594569*$.1, 1.000000000 ]
  CM point at tau = -0.393130 + 0.0440174*$.1: image NOT recognized as rational: [ 0.3750000000 - 0.3307189139*$.1, -1.312500000 - 0.1653594569*$.1, 1.000000000 ]
status: images not rational (no rational fiber)

--- D = -1012 (h = 4) ---
  CM point at tau = 0.0114504 + 0.0607098*$.1: image NOT recognized as rational: [ 5.316624790 + 3.252880978E-199*$.1, -13.63324958 - 1.678799010E-198*$.1, 1.000000000 ]
  CM point at tau = 0.362596 + 0.00551908*$.1: image NOT recognized as rational: [ -1.316624790 - 4.628569790E-44*$.1, -0.3667504193 - 8.415564943E-44*$.1, 1.000000000 ]
status: images not rational (no rational fiber)

================ SWEEP SUMMARY for X_0(262)* -> X_0(262)* ================
  RATIONAL-POINT fiber |--> Q = (-1 : -1 : 1); RESIDUAL POINT (1 : 1 : 1 : 1) — CM disc -88  (partner of known point (3/2 : 1 : 1/2 : 1) [CM disc -72])
  D = -32: CM points |--> Q = (1 : 0 : 1); THIRD POINT (1 : 0 : 1 : 0) — CM disc -40
  D = -56: CM points |--> Q = (0 : 1 : 0); THIRD POINT (1 : 0 : 0 : 0) — cusp
  D = -120: CM points |--> Q = (1 : -1 : 1); THIRD POINT (3 : 1 : 1 : 1) — CM disc -24
  D = -312: CM points |--> Q = (-1 : 2 : 1); THIRD POINT (3 : 1 : 2 : 1) — CM disc -8

#################### N = 434, p = 1 ####################
M = 434: new-quotient triple cover to 434a1 (modular degree 24)
[BuildTripleCoverNew] building model of X_0(434)* (eval_prec = 400, cached if available)... [cache] loaded 3000-term star forms for level 434
done (4.290 s)
[cache] loaded triple-cover map for (N=434, p=1) -> 434a1
X_0(434)* = Curve over Rational Field defined by
z[1]^2*z[3] - z[1]*z[2]^2 + 2*z[1]*z[2]*z[4] - z[1]*z[4]^2 - 2*z[2]^2*z[4] + z[2]*z[4]^2 + z[3]^2*z[4] + z[3]*z[4]^2,
z[1]^2*z[4] - z[1]*z[2]*z[4] - z[1]*z[4]^2 - z[2]^3 + z[2]^2*z[3] + z[2]*z[4]^2 + z[3]^2*z[4] + z[3]*z[4]^2,
z[1]*z[2]*z[3] - z[1]*z[2]*z[4] - z[2]^3 + z[2]^2*z[3] + 2*z[2]^2*z[4],
z[1]*z[3]^2 - z[1]*z[4]^2 - z[2]^2*z[3] - z[2]^2*z[4] + z[2]*z[3]^2 + 3*z[2]*z[3]*z[4] + 2*z[2]*z[4]^2,
z[1]*z[3]*z[4] - z[1]*z[4]^2 - z[2]^2*z[4] + z[2]*z[3]*z[4] + 2*z[2]*z[4]^2
E = [ 1, -1, 0, -7, -3 ] (434a1)

===== SWEEP of CM discriminants for X_0(434)* -> X_0(434)* =====
found 6 small rational points on X_0(434)* (bound 100000)
found CM point at discriminant -12
found CM point at discriminant -52
found CM point at discriminant -24
found CM point at discriminant -84
found CM point at discriminant -168

labelling the rational points:
  disc = -24 -> rats[1] -> (0 : 0 : -1 : 1) (CM)
  disc = -12 -> rats[5] -> (0 : 0 : 0 : 1) (CM)
  disc = -52 -> rats[4] -> (-1 : -1 : -1 : 1) (CM)
  disc = -84 -> rats[3] -> (0 : 1 : 1 : 0) (CM)
  disc = -168 -> rats[2] -> (0 : 0 : 1 : 0) (CM)
  Cusp -> rats[6]
Labelled 6 CM+cusp, 0 exceptional

small rational points, their labels and images under pi:
  P1 = (0 : 0 : -1 : 1)  [CM disc -24]  |-->  (-1 : 2 : 1)
  P2 = (0 : 0 : 1 : 0)  [CM disc -168]  |-->  (-1 : 2 : 1)
  P3 = (0 : 1 : 1 : 0)  [CM disc -84]  |-->  (0 : 1 : 0)
  P4 = (-1 : -1 : -1 : 1)  [CM disc -52]  |-->  (6 : -15 : 1)
  P5 = (0 : 0 : 0 : 1)  [CM disc -12]  |-->  (0 : 1 : 0)
  P6 = (1 : 0 : 0 : 0)  [cusp]  |-->  (0 : 1 : 0)

candidate discs (degree-2 CM points on X_0(434)*): [ -48, -68, -136, -292, -308, -420, -616, -840, -868, -952, -1204, -1288, -1540, -2212, -2968, -5208, -8680 ]

--- CUSP FIBER: fiber of pi over Q = (0 : 1 : 0) (contains the cusp), splits as degrees [ 1, 1, 1 ] ---
  deg-1 place (mult 1): rational point (0 : 0 : 0 : 1)  [CM disc -12]
  deg-1 place (mult 1): rational point (0 : 1 : 1 : 0)  [CM disc -84]
  deg-1 place (mult 1): rational point (1 : 0 : 0 : 0)  [cusp]  <-- the cusp
>>> RESIDUAL POINT in the cusp fiber over Q = (0 : 1 : 0):
>>>     (0 : 0 : 0 : 1)   —   CM disc -12
>>> RESIDUAL POINT in the cusp fiber over Q = (0 : 1 : 0):
>>>     (0 : 1 : 1 : 0)   —   CM disc -84
cusp-fiber status: cusp fiber: degrees [ 1, 1, 1 ]

--- fiber of pi over Q = (-1 : 2 : 1) through known point (0 : 0 : -1 : 1) [CM disc -24], splits as degrees [ 1, 1 ] ---
  deg-1 place (mult 1): rational point (0 : 0 : -1 : 1)  [CM disc -24]  <-- P itself
  deg-1 place (mult 2): rational point (0 : 0 : 1 : 0)  [CM disc -168]

--- fiber of pi over Q = (-1 : 2 : 1) through known point (0 : 0 : 1 : 0) [CM disc -168], splits as degrees [ 1, 1 ] ---
  deg-1 place (mult 1): rational point (0 : 0 : -1 : 1)  [CM disc -24]
  deg-1 place (mult 2): rational point (0 : 0 : 1 : 0)  [CM disc -168]  <-- P itself

--- fiber of pi over Q = (0 : 1 : 0) through known point (0 : 1 : 1 : 0) [CM disc -84], splits as degrees [ 1, 1, 1 ] ---
  deg-1 place (mult 1): rational point (0 : 0 : 0 : 1)  [CM disc -12]
  deg-1 place (mult 1): rational point (0 : 1 : 1 : 0)  [CM disc -84]  <-- P itself
  deg-1 place (mult 1): rational point (1 : 0 : 0 : 0)  [cusp]

--- fiber of pi over Q = (6 : -15 : 1) through known point (-1 : -1 : -1 : 1) [CM disc -52], splits as degrees [ 1, 2 ] ---
  deg-1 place (mult 1): rational point (-1 : -1 : -1 : 1)  [CM disc -52]  <-- P itself
  deg-2 place (mult 1) over Number Field with defining polynomial x^2 - 4/3*x - 13/9 over the Rational Field:
      (3*K.1 : 3 : 1 : 1)

--- fiber of pi over Q = (0 : 1 : 0) through known point (0 : 0 : 0 : 1) [CM disc -12], splits as degrees [ 1, 1, 1 ] ---
  deg-1 place (mult 1): rational point (0 : 0 : 0 : 1)  [CM disc -12]  <-- P itself
  deg-1 place (mult 1): rational point (0 : 1 : 1 : 0)  [CM disc -84]
  deg-1 place (mult 1): rational point (1 : 0 : 0 : 0)  [cusp]

--- fiber of pi over Q = (0 : 1 : 0) through known point (1 : 0 : 0 : 0) [cusp], splits as degrees [ 1, 1, 1 ] ---
  deg-1 place (mult 1): rational point (0 : 0 : 0 : 1)  [CM disc -12]
  deg-1 place (mult 1): rational point (0 : 1 : 1 : 0)  [CM disc -84]
  deg-1 place (mult 1): rational point (1 : 0 : 0 : 0)  [cusp]  <-- P itself
>>> PARTNER in the fiber over Q = (-1 : 2 : 1) (via known point (0 : 0 : -1 : 1) [CM disc -24]):
>>>     (0 : 0 : 1 : 0)   —   CM disc -168
>>> PARTNER in the fiber over Q = (0 : 1 : 0) (via known point (0 : 1 : 1 : 0) [CM disc -84]):
>>>     (0 : 0 : 0 : 1)   —   CM disc -12
>>> PARTNER in the fiber over Q = (0 : 1 : 0) (via known point (0 : 1 : 1 : 0) [CM disc -84]):
>>>     (1 : 0 : 0 : 0)   —   cusp
>>> PARTNER in the fiber over Q = (0 : 1 : 0) (via known point (0 : 0 : 0 : 1) [CM disc -12]):
>>>     (1 : 0 : 0 : 0)   —   cusp
rational-point-fiber status: 6 known point(s) checked

--- D = -48 (h = 1) ---
  CM point at tau = 0.377880 + 0.00798181*$.1: image NOT recognized as rational: [ -0.5000000000 + 1.568277028E-64*$.1, 0.6830127019 - 2.907694480E-64*$.1, 1.000000000 ]
  CM point at tau = 0.235023 + 0.00798181*$.1: image NOT recognized as rational: [ -0.5000000000 - 1.397997900E-63*$.1, -0.1830127019 - 3.187973788E-65*$.1, 1.000000000 ]
status: images not rational (no rational fiber)

--- D = -68 (h = 4) ---
  CM point at tau = 0.398618 + 0.00950025*$.1: image NOT recognized as rational: [ -0.5615528128 + 2.396994228E-77*$.1, 1.000000000 + 3.038435021E-77*$.1, 1.000000000 ]
  CM point at tau = 0.172811 + 0.00950025*$.1: image NOT recognized as rational: [ 3.561552813 + 1.516550297E-76*$.1, 1.000000000 + 7.464097979E-77*$.1, 1.000000000 ]
status: images not rational (no rational fiber)

--- D = -136 (h = 4) ---
  CM point at tau = 0.239631 + 0.0134354*$.1: image NOT recognized as rational: [ -0.5615528128 - 2.975990579E-107*$.1, 1.000000000 + 1.135863138E-109*$.1, 1.000000000 ]
  CM point at tau = 0.0460830 + 0.0134354*$.1: image NOT recognized as rational: [ 3.561552813 + 6.065929819E-109*$.1, 1.000000000 + 2.573726194E-108*$.1, 1.000000000 ]
status: images not rational (no rational fiber)

--- D = -292 (h = 4) ---
  CM point at tau = 0.472350 + 0.0196866*$.1: image NOT recognized as rational: [ 11.77200187 + 3.293598992E-159*$.1, -43.86000936 + 3.050835058E-158*$.1, 1.000000000 ]
  CM point at tau = 0.0437788 + 0.0196866*$.1: image NOT recognized as rational: [ 3.227998127 + 1.153882157E-159*$.1, -1.139990637 - 5.054904997E-160*$.1, 1.000000000 ]
status: images not rational (no rational fiber)

--- D = -308 (h = 8) ---
  CM point at tau = 0.0806452 + 0.0202188*$.1: image NOT recognized as rational: [ 0.5000000000 - 1.322875655*$.1, 1.500000000 + 3.968626967*$.1, 1.000000000 ]
  CM point at tau = -0.0806452 + 0.0202188*$.1: image NOT recognized as rational: [ 0.5000000000 + 1.322875655*$.1, 1.500000000 - 3.968626967*$.1, 1.000000000 ]
status: images not rational (no rational fiber)

--- D = -420 (h = 8) ---
  CM point at tau = 0.306452 + 0.0236105*$.1: image NOT recognized as rational: [ -3.000000000 - 1.658198742E-191*$.1, 1.500000000 + 3.968626967*$.1, 1.000000000 ]
  CM point at tau = -0.306452 + 0.0236105*$.1: image NOT recognized as rational: [ -3.000000000 + 1.658198742E-191*$.1, 1.500000000 - 3.968626967*$.1, 1.000000000 ]
status: images not rational (no rational fiber)

--- D = -616 (h = 8) ---
  CM point at tau = 0.354839 + 0.0285937*$.1: image NOT recognized as rational: [ -0.6250000000 - 0.3307189139*$.1, -0.9375000000 - 0.4960783708*$.1, 1.000000000 ]
  CM point at tau = -0.354839 + 0.0285937*$.1: image NOT recognized as rational: [ -0.6250000000 + 0.3307189139*$.1, -0.9375000000 + 0.4960783708*$.1, 1.000000000 ]
status: images not rational (no rational fiber)

--- D = -840 (h = 8) ---
  CM point at tau = 0.451613 + 0.0333903*$.1: image NOT recognized as rational: [ 1.375000000 - 2.976470225*$.1, 1.937500000 + 8.433332304*$.1, 1.000000000 ]
  CM point at tau = -0.451613 + 0.0333903*$.1: image NOT recognized as rational: [ 1.375000000 + 2.976470225*$.1, 1.937500000 - 8.433332304*$.1, 1.000000000 ]
status: images not rational (no rational fiber)

--- D = -868 (h = 8) ---
  CM point at tau = 0.500000 + 0.0339422*$.1: image NOT recognized as rational: [ 3.907334499 - 1.342359463E-397*$.1, -6.178890831 - 2.741743348E-397*$.1, 1.000000000 ]
  CM point at tau = 0.409091 + 0.00308565*$.1: image NOT recognized as rational: [ -0.7962233876 + 1.452786469E-22*$.1, 1.660372313 + 9.703505121E-22*$.1, 1.000000000 ]
status: images not rational (no rational fiber)

--- D = -952 (h = 8) ---
  CM point at tau = 0.0322581 + 0.0355467*$.1: image NOT recognized as rational: [ 3.828427125 - 1.385485472E-200*$.1, -5.828427125 + 3.323640129E-201*$.1, 1.000000000 ]
  CM point at tau = 0.184751 + 0.00323151*$.1: image NOT recognized as rational: [ -1.828427125 - 1.766363094E-26*$.1, -0.1715728753 - 1.613446604E-25*$.1, 1.000000000 ]
status: images not rational (no rational fiber)

--- D = -1204 (h = 8) ---
  CM point at tau = 0.435484 + 0.0399755*$.1: image NOT recognized as rational: [ 0.5000000000 - 1.322875655*$.1, 1.500000000 + 3.968626967*$.1, 1.000000000 ]
  CM point at tau = -0.435484 + 0.0399755*$.1: image NOT recognized as rational: [ 0.5000000000 + 1.322875655*$.1, 1.500000000 - 3.968626967*$.1, 1.000000000 ]
status: images not rational (no rational fiber)

--- D = -1288 (h = 8) ---
  CM point at tau = 0.193548 + 0.0413464*$.1: image NOT recognized as rational: [ 0.5000000000 - 1.322875655*$.1, 1.500000000 + 3.968626967*$.1, 1.000000000 ]
  CM point at tau = -0.193548 + 0.0413464*$.1: image NOT recognized as rational: [ 0.5000000000 + 1.322875655*$.1, 1.500000000 - 3.968626967*$.1, 1.000000000 ]
status: images not rational (no rational fiber)

--- D = -1540 (h = 8) ---
  CM point at tau = 0.0161290 + 0.0452107*$.1: image NOT recognized as rational: [ 4.645751311 - 9.936990194E-201*$.1, -9.291502622 - 4.125433939E-200*$.1, 1.000000000 ]
  CM point at tau = 0.403226 + 0.00904213*$.1: image NOT recognized as rational: [ -0.6457513110 + 3.407670525E-73*$.1, 1.291502622 + 2.601839996E-73*$.1, 1.000000000 ]
status: images not rational (no rational fiber)

--- D = -2212 (h = 8) ---
  CM point at tau = 0.370968 + 0.0541842*$.1: image NOT recognized as rational: [ -0.6250000000 + 0.3307189139*$.1, -0.9375000000 + 0.4960783708*$.1, 1.000000000 ]
  CM point at tau = -0.370968 + 0.0541842*$.1: image NOT recognized as rational: [ -0.6250000000 - 0.3307189139*$.1, -0.9375000000 - 0.4960783708*$.1, 1.000000000 ]
status: images not rational (no rational fiber)

--- D = -2968 (h = 8) ---
  CM point at tau = 0.161290 + 0.0627643*$.1: image NOT recognized as rational: [ 1.375000000 - 2.976470225*$.1, 1.937500000 + 8.433332304*$.1, 1.000000000 ]
  CM point at tau = -0.161290 + 0.0627643*$.1: image NOT recognized as rational: [ 1.375000000 + 2.976470225*$.1, 1.937500000 - 8.433332304*$.1, 1.000000000 ]
status: images not rational (no rational fiber)

--- D = -5208 (h = 16) ---
  CM point at tau = 0.0831411*$.1: image NOT recognized as rational: [ 5.750000000, -13.92318990, 1.000000000 ]
  CM point at tau = 0.0526316 + 0.00437585*$.1: image NOT recognized as rational: [ 5.750000000 - 2.968733255E-33*$.1, 8.173189897 + 4.952814518E-33*$.1, 1.000000000 ]
status: images not rational (no rational fiber)

--- D = -8680 (h = 16) ---
  CM point at tau = 0.107335*$.1: image NOT recognized as rational: [ 6.940711229, -19.17522994, 1.000000000 ]
  CM point at tau = 0.384615 + 0.00825651*$.1: image NOT recognized as rational: [ -0.4962667846 + 7.273257171E-67*$.1, 0.6567114256 - 6.378198813E-68*$.1, 1.000000000 ]
status: images not rational (no rational fiber)

================ SWEEP SUMMARY for X_0(434)* -> X_0(434)* ================
  CUSP fiber |--> Q = (0 : 1 : 0); RESIDUAL POINT (0 : 0 : 0 : 1) — CM disc -12
  CUSP fiber |--> Q = (0 : 1 : 0); RESIDUAL POINT (0 : 1 : 1 : 0) — CM disc -84
  RATIONAL-POINT fiber |--> Q = (-1 : 2 : 1); RESIDUAL POINT (0 : 0 : 1 : 0) — CM disc -168  (partner of known point (0 : 0 : -1 : 1) [CM disc -24])
  RATIONAL-POINT fiber |--> Q = (0 : 1 : 0); RESIDUAL POINT (0 : 0 : 0 : 1) — CM disc -12  (partner of known point (0 : 1 : 1 : 0) [CM disc -84])
  RATIONAL-POINT fiber |--> Q = (0 : 1 : 0); RESIDUAL POINT (1 : 0 : 0 : 0) — cusp  (partner of known point (0 : 1 : 1 : 0) [CM disc -84])
  RATIONAL-POINT fiber |--> Q = (0 : 1 : 0); RESIDUAL POINT (1 : 0 : 0 : 0) — cusp  (partner of known point (0 : 0 : 0 : 1) [CM disc -12])

#################### N = 402, p = 0 ####################
M = 402: cover to 201a1 (conductor 201), expected degree 3
[BuildTripleCoverTo] building model of X_0(402)* (eval_prec = 400, cached if available)... [cache] loaded 9000-term star forms for level 402
done (3.750 s)
[cache] loaded triple-cover map for (N=402, p=0) -> 201a1
X_0(0)* = Curve over Rational Field defined by
64*z[1]^2*z[3] - 64*z[1]*z[2]^2 + 64*z[2]^2*z[3] - 128*z[2]*z[3]^2 + 56*z[2]*z[3]*z[4] + 157*z[2]*z[4]^2 - 78*z[2]*z[4]*z[5] + 29*z[2]*z[5]^2 + 72*z[3]^3 - 93*z[3]^2*z[4] - 65*z[3]^2*z[5] - 48*z[3]*z[4]^2 + 49*z[3]*z[4]*z[5] + 13*z[3]*z[5]^2 + 69*z[4]^3 - 15*z[4]^2*z[5] - 69*z[4]*z[5]^2 + 15*z[5]^3,
64*z[1]^2*z[4] - 64*z[2]^3 - 8*z[2]*z[3]*z[4] - 11*z[2]*z[4]^2 + 146*z[2]*z[4]*z[5] + 101*z[2]*z[5]^2 - 120*z[3]^3 + 267*z[3]^2*z[4] + 279*z[3]^2*z[5] - 176*z[3]*z[4]^2 - 343*z[3]*z[4]*z[5] - 107*z[3]*z[5]^2 + 29*z[4]^3 + 89*z[4]^2*z[5] - 29*z[4]*z[5]^2 - 89*z[5]^3,
64*z[1]^2*z[5] - 64*z[2]*z[3]^2 - 104*z[2]*z[3]*z[4] + 49*z[2]*z[4]^2 - 54*z[2]*z[4]*z[5] + 65*z[2]*z[5]^2 + 40*z[3]^3 - 49*z[3]^2*z[4] + 11*z[3]^2*z[5] + 16*z[3]*z[4]^2 - 43*z[3]*z[4]*z[5] - 15*z[3]*z[5]^2 - 7*z[4]^3 + 37*z[4]^2*z[5] + 7*z[4]*z[5]^2 - 37*z[5]^3,
32*z[1]*z[2]*z[3] - 32*z[2]^3 + 32*z[2]*z[3]^2 - 8*z[2]*z[3]*z[4] - 31*z[2]*z[4]^2 + 90*z[2]*z[4]*z[5] + 33*z[2]*z[5]^2 - 56*z[3]^3 + 127*z[3]^2*z[4] + 107*z[3]^2*z[5] - 80*z[3]*z[4]^2 - 155*z[3]*z[4]*z[5] - 47*z[3]*z[5]^2 + 9*z[4]^3 + 37*z[4]^2*z[5] - 9*z[4]*z[5]^2 - 37*z[5]^3,
64*z[1]*z[2]*z[4] - 64*z[2]^2*z[3] - 40*z[2]*z[3]*z[4] + 17*z[2]*z[4]^2 - 70*z[2]*z[4]*z[5] + 81*z[2]*z[5]^2 - 24*z[3]^3 - 17*z[3]^2*z[4] + 123*z[3]^2*z[5] + 80*z[3]*z[4]^2 - 75*z[3]*z[4]*z[5] - 63*z[3]*z[5]^2 - 39*z[4]^3 + 53*z[4]^2*z[5] + 39*z[4]*z[5]^2 - 53*z[5]^3,
4*z[1]*z[2]*z[5] - 4*z[2]*z[3]*z[4] - 3*z[2]*z[4]^2 - 2*z[2]*z[4]*z[5] + z[2]*z[5]^2 - z[3]^2*z[4] + 3*z[3]^2*z[5] + 4*z[3]*z[4]^2 - 3*z[3]*z[4]*z[5] - 3*z[3]*z[5]^2 - 3*z[4]^3 + z[4]^2*z[5] + 3*z[4]*z[5]^2 - z[5]^3,
4*z[1]*z[3]^2 - 4*z[2]^2*z[3] + 7*z[2]*z[4]^2 - 10*z[2]*z[4]*z[5] + 7*z[2]*z[5]^2 + 4*z[3]^3 - 15*z[3]^2*z[4] + z[3]^2*z[5] + 12*z[3]*z[4]^2 + 3*z[3]*z[4]*z[5] - 5*z[3]*z[5]^2 - z[4]^3 + 3*z[4]^2*z[5] + z[4]*z[5]^2 - 3*z[5]^3,
64*z[1]*z[3]*z[4] - 64*z[2]*z[3]^2 - 40*z[2]*z[3]*z[4] + 49*z[2]*z[4]^2 - 70*z[2]*z[4]*z[5] + 49*z[2]*z[5]^2 + 40*z[3]^3 - 113*z[3]^2*z[4] + 27*z[3]^2*z[5] + 80*z[3]*z[4]^2 + 21*z[3]*z[4]*z[5] - 31*z[3]*z[5]^2 - 7*z[4]^3 + 21*z[4]^2*z[5] + 7*z[4]*z[5]^2 - 21*z[5]^3,
64*z[1]*z[3]*z[5] - 56*z[2]*z[3]*z[4] + 35*z[2]*z[4]^2 - 50*z[2]*z[4]*z[5] + 35*z[2]*z[5]^2 + 56*z[3]^3 - 99*z[3]^2*z[4] - 63*z[3]^2*z[5] + 48*z[3]*z[4]^2 + 15*z[3]*z[4]*z[5] - 13*z[3]*z[5]^2 - 5*z[4]^3 + 15*z[4]^2*z[5] + 5*z[4]*z[5]^2 - 15*z[5]^3,
8*z[1]*z[4]^2 - 8*z[2]*z[3]*z[4] - 5*z[2]*z[4]^2 + 7*z[2]*z[4]*z[5] + 5*z[3]^2*z[4] - 8*z[3]*z[4]^2 - z[3]*z[4]*z[5] + 3*z[4]^3 - 3*z[4]*z[5]^2,
8*z[1]*z[4]*z[5] - 7*z[2]*z[4]^2 + 5*z[2]*z[4]*z[5] + 7*z[3]^2*z[4] - 8*z[3]*z[4]^2 - 11*z[3]*z[4]*z[5] + z[4]^3 - z[4]*z[5]^2,
8*z[1]*z[5]^2 - 7*z[2]*z[4]*z[5] + 5*z[2]*z[5]^2 + 7*z[3]^2*z[5] - 8*z[3]*z[4]*z[5] - 11*z[3]*z[5]^2 + z[4]^2*z[5] - z[5]^3,
64*z[2]^2*z[4] - 64*z[2]*z[3]^2 - 40*z[2]*z[3]*z[4] + 49*z[2]*z[4]^2 - 198*z[2]*z[4]*z[5] + 49*z[2]*z[5]^2 + 40*z[3]^3 - 177*z[3]^2*z[4] + 27*z[3]^2*z[5] + 208*z[3]*z[4]^2 + 85*z[3]*z[4]*z[5] - 31*z[3]*z[5]^2 - 71*z[4]^3 + 21*z[4]^2*z[5] + 71*z[4]*z[5]^2 - 21*z[5]^3,
64*z[2]^2*z[5] - 56*z[2]*z[3]*z[4] + 35*z[2]*z[4]^2 - 50*z[2]*z[4]*z[5] - 93*z[2]*z[5]^2 + 56*z[3]^3 - 99*z[3]^2*z[4] - 127*z[3]^2*z[5] + 48*z[3]*z[4]^2 + 143*z[3]*z[4]*z[5] + 51*z[3]*z[5]^2 - 5*z[4]^3 - 49*z[4]^2*z[5] + 5*z[4]*z[5]^2 + 49*z[5]^3,
8*z[2]*z[3]*z[5] - 7*z[2]*z[4]^2 + 10*z[2]*z[4]*z[5] - 7*z[2]*z[5]^2 + 7*z[3]^2*z[4] - 5*z[3]^2*z[5] - 8*z[3]*z[4]^2 - 3*z[3]*z[4]*z[5] + z[3]*z[5]^2 + z[4]^3 - 3*z[4]^2*z[5] - z[4]*z[5]^2 + 3*z[5]^3
E = [ 0, -1, 1, 2, 0 ] (201a1)

===== SWEEP of CM discriminants for X_0(402)* -> X_0(402)* =====
found 11 small rational points on X_0(402)* (bound 100000)
found CM point at discriminant -8
found CM point at discriminant -12
found CM point at discriminant -48
found CM point at discriminant -20
found CM point at discriminant -72
found CM point at discriminant -228
found CM point at discriminant -168
found CM point at discriminant -708
found CM point at discriminant -312
found CM point at discriminant -120

labelling the rational points:
  disc = -708 -> rats[3] -> (4 : 16/5 : 8/5 : 7/5 : 1) (CM)
  disc = -120 -> rats[6] -> (0 : 1 : 1 : 0 : 1) (CM)
  disc = -12 -> rats[9] -> (0 : 1/2 : 0 : 1/2 : 1) (CM)
  disc = -8 -> rats[7] -> (1 : 1 : 2/3 : 2/3 : 1) (CM)
  disc = -20 -> rats[8] -> (0 : 0 : 0 : -1 : 1) (CM)
  disc = -72 -> rats[11] -> (0 : 0 : 1 : 1 : 0) (CM)
  disc = -228 -> rats[10] -> (1 : -1 : 1 : -1 : 1) (CM)
  disc = -48 -> rats[1] -> (1 : 1/2 : 1 : 1/2 : 1) (CM)
  disc = -312 -> rats[4] -> (2 : 2 : 1 : 1 : 1) (CM)
  disc = -168 -> rats[5] -> (0 : 0 : 0 : 1 : 1) (CM)
  Cusp -> rats[2]
Labelled 11 CM+cusp, 0 exceptional

small rational points, their labels and images under pi:
  P1 = (1 : 1/2 : 1 : 1/2 : 1)  [CM disc -48]  |-->  (4 : 7 : 1)
  P2 = (1 : 0 : 0 : 0 : 0)  [cusp]  |-->  (0 : 1 : 0)
  P3 = (4 : 16/5 : 8/5 : 7/5 : 1)  [CM disc -708]  |-->  (4 : -8 : 1)
  P4 = (2 : 2 : 1 : 1 : 1)  [CM disc -312]  |-->  (5 : -11 : 1)
  P5 = (0 : 0 : 0 : 1 : 1)  [CM disc -168]  |-->  (0 : 0 : 1)
  P6 = (0 : 1 : 1 : 0 : 1)  [CM disc -120]  |-->  (0 : 0 : 1)
  P7 = (1 : 1 : 2/3 : 2/3 : 1)  [CM disc -8]  |-->  (0 : 1 : 0)
  P8 = (0 : 0 : 0 : -1 : 1)  [CM disc -20]  |-->  (0 : 0 : 1)
  P9 = (0 : 1/2 : 0 : 1/2 : 1)  [CM disc -12]  |-->  (0 : -1 : 1)
  P10 = (1 : -1 : 1 : -1 : 1)  [CM disc -228]  |-->  (1 : 1 : 1)
  P11 = (0 : 0 : 1 : 1 : 0)  [CM disc -72]  |-->  (0 : 1 : 0)

candidate discs (degree-2 CM points on X_0(402)*): [ -32, -180, -192, -264, -276, -420, -564, -660, -852, -1032, -1092, -4020 ]

--- CUSP FIBER: fiber of pi over Q = (0 : 1 : 0) (contains the cusp), splits as degrees [ 1, 1, 1 ] ---
  deg-1 place (mult 1): rational point (1 : 1 : 2/3 : 2/3 : 1)  [CM disc -8]
  deg-1 place (mult 1): rational point (0 : 0 : 1 : 1 : 0)  [CM disc -72]
  deg-1 place (mult 1): rational point (1 : 0 : 0 : 0 : 0)  [cusp]  <-- the cusp
>>> RESIDUAL POINT in the cusp fiber over Q = (0 : 1 : 0):
>>>     (1 : 1 : 2/3 : 2/3 : 1)   —   CM disc -8
>>> RESIDUAL POINT in the cusp fiber over Q = (0 : 1 : 0):
>>>     (0 : 0 : 1 : 1 : 0)   —   CM disc -72
cusp-fiber status: cusp fiber: degrees [ 1, 1, 1 ]

--- fiber of pi over Q = (4 : 7 : 1) through known point (1 : 1/2 : 1 : 1/2 : 1) [CM disc -48], splits as degrees [ 1, 2 ] ---
  deg-1 place (mult 1): rational point (1 : 1/2 : 1 : 1/2 : 1)  [CM disc -48]  <-- P itself
  deg-2 place (mult 1) over Number Field with defining polynomial x^2 + 4240/637*x + 12475/1183 over the Rational Field:
      (1/65*(273*K.1 + 695) : 1/65*(-182*K.1 - 485) : 1/65*(91*K.1 + 275) : 1 : 0)

--- fiber of pi over Q = (0 : 1 : 0) through known point (1 : 0 : 0 : 0 : 0) [cusp], splits as degrees [ 1, 1, 1 ] ---
  deg-1 place (mult 1): rational point (1 : 1 : 2/3 : 2/3 : 1)  [CM disc -8]
  deg-1 place (mult 1): rational point (0 : 0 : 1 : 1 : 0)  [CM disc -72]
  deg-1 place (mult 1): rational point (1 : 0 : 0 : 0 : 0)  [cusp]  <-- P itself

--- fiber of pi over Q = (4 : -8 : 1) through known point (4 : 16/5 : 8/5 : 7/5 : 1) [CM disc -708], splits as degrees [ 1, 2 ] ---
  deg-1 place (mult 1): rational point (4 : 16/5 : 8/5 : 7/5 : 1)  [CM disc -708]  <-- P itself
  deg-2 place (mult 1) over Number Field with defining polynomial x^2 - 21/5*x + 64/15 over the Rational Field:
      (-8*K.1 + 20 : -5*K.1 + 13 : 3*K.1 - 3 : K.1 : 1)

--- fiber of pi over Q = (5 : -11 : 1) through known point (2 : 2 : 1 : 1 : 1) [CM disc -312], splits as degrees [ 1, 2 ] ---
  deg-2 place (mult 1) over Number Field with defining polynomial x^2 + 119903/570*x + 13908544013/1299600 over the Rational Field:
      (1/2009*(-1140*K.1 - 97804) : 1/4018*(-1140*K.1 - 95795) : 5 : 3 : 1)
  deg-1 place (mult 1): rational point (2 : 2 : 1 : 1 : 1)  [CM disc -312]  <-- P itself

--- fiber of pi over Q = (0 : 0 : 1) through known point (0 : 0 : 0 : 1 : 1) [CM disc -168], splits as degrees [ 1, 1, 1 ] ---
  deg-1 place (mult 1): rational point (0 : 0 : 0 : 1 : 1)  [CM disc -168]  <-- P itself
  deg-1 place (mult 1): rational point (0 : 1 : 1 : 0 : 1)  [CM disc -120]
  deg-1 place (mult 1): rational point (0 : 0 : 0 : -1 : 1)  [CM disc -20]

--- fiber of pi over Q = (0 : 0 : 1) through known point (0 : 1 : 1 : 0 : 1) [CM disc -120], splits as degrees [ 1, 1, 1 ] ---
  deg-1 place (mult 1): rational point (0 : 0 : 0 : 1 : 1)  [CM disc -168]
  deg-1 place (mult 1): rational point (0 : 1 : 1 : 0 : 1)  [CM disc -120]  <-- P itself
  deg-1 place (mult 1): rational point (0 : 0 : 0 : -1 : 1)  [CM disc -20]

--- fiber of pi over Q = (0 : 1 : 0) through known point (1 : 1 : 2/3 : 2/3 : 1) [CM disc -8], splits as degrees [ 1, 1, 1 ] ---
  deg-1 place (mult 1): rational point (1 : 1 : 2/3 : 2/3 : 1)  [CM disc -8]  <-- P itself
  deg-1 place (mult 1): rational point (0 : 0 : 1 : 1 : 0)  [CM disc -72]
  deg-1 place (mult 1): rational point (1 : 0 : 0 : 0 : 0)  [cusp]

--- fiber of pi over Q = (0 : 0 : 1) through known point (0 : 0 : 0 : -1 : 1) [CM disc -20], splits as degrees [ 1, 1, 1 ] ---
  deg-1 place (mult 1): rational point (0 : 0 : 0 : 1 : 1)  [CM disc -168]
  deg-1 place (mult 1): rational point (0 : 1 : 1 : 0 : 1)  [CM disc -120]
  deg-1 place (mult 1): rational point (0 : 0 : 0 : -1 : 1)  [CM disc -20]  <-- P itself

--- fiber of pi over Q = (0 : -1 : 1) through known point (0 : 1/2 : 0 : 1/2 : 1) [CM disc -12], splits as degrees [ 1, 2 ] ---
  deg-1 place (mult 1): rational point (0 : 1/2 : 0 : 1/2 : 1)  [CM disc -12]  <-- P itself
  deg-2 place (mult 1) over Number Field with defining polynomial x^2 + x - 1/8 over the Rational Field:
      (-1/2 : K.1 + 1 : 1/2*(4*K.1 + 3) : K.1 : 1)

--- fiber of pi over Q = (1 : 1 : 1) through known point (1 : -1 : 1 : -1 : 1) [CM disc -228], splits as degrees [ 1, 2 ] ---
  deg-1 place (mult 1): rational point (1 : -1 : 1 : -1 : 1)  [CM disc -228]  <-- P itself
  deg-2 place (mult 1) over Number Field with defining polynomial x^2 - 4*x + 1/3 over the Rational Field:
      (1/2*(-K.1 + 1) : 1/2*(-K.1 + 1) : 1 : K.1 : 1)

--- fiber of pi over Q = (0 : 1 : 0) through known point (0 : 0 : 1 : 1 : 0) [CM disc -72], splits as degrees [ 1, 1, 1 ] ---
  deg-1 place (mult 1): rational point (1 : 1 : 2/3 : 2/3 : 1)  [CM disc -8]
  deg-1 place (mult 1): rational point (0 : 0 : 1 : 1 : 0)  [CM disc -72]  <-- P itself
  deg-1 place (mult 1): rational point (1 : 0 : 0 : 0 : 0)  [cusp]
>>> PARTNER in the fiber over Q = (0 : 1 : 0) (via known point (1 : 0 : 0 : 0 : 0) [cusp]):
>>>     (1 : 1 : 2/3 : 2/3 : 1)   —   CM disc -8
>>> PARTNER in the fiber over Q = (0 : 1 : 0) (via known point (1 : 0 : 0 : 0 : 0) [cusp]):
>>>     (0 : 0 : 1 : 1 : 0)   —   CM disc -72
>>> PARTNER in the fiber over Q = (0 : 0 : 1) (via known point (0 : 0 : 0 : 1 : 1) [CM disc -168]):
>>>     (0 : 1 : 1 : 0 : 1)   —   CM disc -120
>>> PARTNER in the fiber over Q = (0 : 0 : 1) (via known point (0 : 0 : 0 : 1 : 1) [CM disc -168]):
>>>     (0 : 0 : 0 : -1 : 1)   —   CM disc -20
>>> PARTNER in the fiber over Q = (0 : 0 : 1) (via known point (0 : 1 : 1 : 0 : 1) [CM disc -120]):
>>>     (0 : 0 : 0 : -1 : 1)   —   CM disc -20
>>> PARTNER in the fiber over Q = (0 : 1 : 0) (via known point (1 : 1 : 2/3 : 2/3 : 1) [CM disc -8]):
>>>     (0 : 0 : 1 : 1 : 0)   —   CM disc -72
rational-point-fiber status: 11 known point(s) checked

--- D = -32 (h = 1) ---
  CM point at tau = 0.233831 + 0.00703589*$.1: image NOT recognized as rational: [ 0.5000000000 - 4.021589161E-172*$.1, 0.5606601718 + 7.617655026E-174*$.1, 1.000000000 ]
  CM point at tau = 0.0995024 + 0.00703589*$.1: image NOT recognized as rational: [ 0.5000000000 - 2.357731868E-172*$.1, -1.560660172 - 2.037997286E-171*$.1, 1.000000000 ]
status: images not rational (no rational fiber)

--- D = -180 (h = 2) ---
  CM point at tau = 0.395523 + 0.0166871*$.1: image NOT recognized as rational: [ -1.500000000 + 1.936491673*$.1, -4.500000000 - 1.936491673*$.1, 1.000000000 ]
  CM point at tau = -0.395523 + 0.0166871*$.1: image NOT recognized as rational: [ -1.500000000 - 1.936491673*$.1, -4.500000000 + 1.936491673*$.1, 1.000000000 ]
status: images not rational (no rational fiber)

--- D = -192 (h = 1) ---
  CM point at tau = 0.253731 + 0.0172343*$.1  |-->  Q = (0 : -1 : 1)
  CM point at tau = -0.106610 + 0.00246205*$.1  |-->  Q = (0 : -1 : 1)
all disc--192 CM points map to the SAME rational point — as expected

--- fiber of pi over Q1 = (0 : -1 : 1) (image of the disc--192 CM points) ---
  deg-1 place (mult 1): rational point (0 : 1/2 : 0 : 1/2 : 1)  [CM disc -12]
  deg-2 place (mult 1) over Number Field with defining polynomial x^2 + x - 1/8 over the Rational Field:
      (-1/2 : K.1 + 1 : 1/2*(4*K.1 + 3) : K.1 : 1)   <-- the two disc--192 CM points
>>> THIRD POINT in the fiber over Q = (0 : -1 : 1):
>>>     (0 : 1/2 : 0 : 1/2 : 1)   —   CM disc -12
status: 1 rational fiber(s)

--- D = -264 (h = 8) ---
  CM point at tau = 0.164179 + 0.0202090*$.1  |-->  Q = (1 : 1 : 1)
  CM point at tau = 0.367164 + 0.00404181*$.1  |-->  Q = (1 : 1 : 1)
all disc--264 CM points map to the SAME rational point — as expected

--- fiber of pi over Q1 = (1 : 1 : 1) (image of the disc--264 CM points) ---
  deg-1 place (mult 1): rational point (1 : -1 : 1 : -1 : 1)  [CM disc -228]
  deg-2 place (mult 1) over Number Field with defining polynomial x^2 - 4*x + 1/3 over the Rational Field:
      (1/2*(-K.1 + 1) : 1/2*(-K.1 + 1) : 1 : K.1 : 1)   <-- the two disc--264 CM points
>>> THIRD POINT in the fiber over Q = (1 : 1 : 1):
>>>     (1 : -1 : 1 : -1 : 1)   —   CM disc -228
status: 1 rational fiber(s)

--- D = -276 (h = 8) ---
  CM point at tau = 0.216418 + 0.0206632*$.1: image NOT recognized as rational: [ -0.3750000000 - 0.5994789404*$.1, 0.4375000000 - 0.8992184106*$.1, 1.000000000 ]
  CM point at tau = -0.216418 + 0.0206632*$.1: image NOT recognized as rational: [ -0.3750000000 + 0.5994789404*$.1, 0.4375000000 + 0.8992184106*$.1, 1.000000000 ]
status: images not rational (no rational fiber)

--- D = -420 (h = 8) ---
  CM point at tau = 0.425373 + 0.0254899*$.1: image NOT recognized as rational: [ 0.6250000000 + 1.452368755*$.1, -0.6875000000 + 0.7261843774*$.1, 1.000000000 ]
  CM point at tau = -0.425373 + 0.0254899*$.1: image NOT recognized as rational: [ 0.6250000000 - 1.452368755*$.1, -0.6875000000 - 0.7261843774*$.1, 1.000000000 ]
status: images not rational (no rational fiber)

--- D = -564 (h = 8) ---
  CM point at tau = 0.276119 + 0.0295382*$.1: image NOT recognized as rational: [ 0.1250000000 + 0.8569568251*$.1, -1.562500000 - 0.4284784125*$.1, 1.000000000 ]
  CM point at tau = -0.276119 + 0.0295382*$.1: image NOT recognized as rational: [ 0.1250000000 - 0.8569568251*$.1, -1.562500000 + 0.4284784125*$.1, 1.000000000 ]
status: images not rational (no rational fiber)

--- D = -660 (h = 8) ---
  CM point at tau = 0.485075 + 0.0319533*$.1: image NOT recognized as rational: [ 1.843070331 - 1.110233835E-199*$.1, 2.107675827 + 1.108392574E-199*$.1, 1.000000000 ]
  CM point at tau = 0.0970149 + 0.00639066*$.1: image NOT recognized as rational: [ 0.4069296692 + 4.825762745E-156*$.1, -1.482675827 - 7.754507256E-156*$.1, 1.000000000 ]
status: images not rational (no rational fiber)

--- D = -852 (h = 8) ---
  CM point at tau = 0.126866 + 0.0363048*$.1: image NOT recognized as rational: [ 0.6250000000 - 1.053268722*$.1, -1.312500000 + 0.5266343608*$.1, 1.000000000 ]
  CM point at tau = -0.126866 + 0.0363048*$.1: image NOT recognized as rational: [ 0.6250000000 + 1.053268722*$.1, -1.312500000 - 0.5266343608*$.1, 1.000000000 ]
status: images not rational (no rational fiber)

--- D = -1032 (h = 8) ---
  CM point at tau = 0.0298508 + 0.0399562*$.1  |-->  Q = (4 : -8 : 1)
  CM point at tau = 0.281450 + 0.00570802*$.1  |-->  Q = (4 : -8 : 1)
all disc--1032 CM points map to the SAME rational point — as expected

--- fiber of pi over Q1 = (4 : -8 : 1) (image of the disc--1032 CM points) ---
  deg-1 place (mult 1): rational point (4 : 16/5 : 8/5 : 7/5 : 1)  [CM disc -708]
  deg-2 place (mult 1) over Number Field with defining polynomial x^2 - 21/5*x + 64/15 over the Rational Field:
      (-8*K.1 + 20 : -5*K.1 + 13 : 3*K.1 - 3 : K.1 : 1)   <-- the two disc--1032 CM points
>>> THIRD POINT in the fiber over Q = (4 : -8 : 1):
>>>     (4 : 16/5 : 8/5 : 7/5 : 1)   —   CM disc -708
status: 1 rational fiber(s)

--- D = -1092 (h = 8) ---
  CM point at tau = 0.201493 + 0.0411013*$.1: image NOT recognized as rational: [ -0.4687500000 - 0.5854685624*$.1, 0.4296875000 - 1.024569984*$.1, 1.000000000 ]
  CM point at tau = -0.201493 + 0.0411013*$.1: image NOT recognized as rational: [ -0.4687500000 + 0.5854685624*$.1, 0.4296875000 + 1.024569984*$.1, 1.000000000 ]
status: images not rational (no rational fiber)

--- D = -4020 (h = 16) ---
  CM point at tau = 0.500000 + 0.0788600*$.1: image NOT recognized as rational: [ 3.054195750 + 6.450874801E-200*$.1, 4.551748101 + 1.524429955E-199*$.1, 1.000000000 ]
  CM point at tau = 0.269231 + 0.00606616*$.1: image NOT recognized as rational: [ 0.7858042497 - 1.676270198E-147*$.1, -1.799748101 - 2.165184975E-146*$.1, 1.000000000 ]
status: images not rational (no rational fiber)

================ SWEEP SUMMARY for X_0(402)* -> X_0(402)* ================
  CUSP fiber |--> Q = (0 : 1 : 0); RESIDUAL POINT (1 : 1 : 2/3 : 2/3 : 1) — CM disc -8
  CUSP fiber |--> Q = (0 : 1 : 0); RESIDUAL POINT (0 : 0 : 1 : 1 : 0) — CM disc -72
  RATIONAL-POINT fiber |--> Q = (0 : 1 : 0); RESIDUAL POINT (1 : 1 : 2/3 : 2/3 : 1) — CM disc -8  (partner of known point (1 : 0 : 0 : 0 : 0) [cusp])
  RATIONAL-POINT fiber |--> Q = (0 : 1 : 0); RESIDUAL POINT (0 : 0 : 1 : 1 : 0) — CM disc -72  (partner of known point (1 : 0 : 0 : 0 : 0) [cusp])
  RATIONAL-POINT fiber |--> Q = (0 : 0 : 1); RESIDUAL POINT (0 : 1 : 1 : 0 : 1) — CM disc -120  (partner of known point (0 : 0 : 0 : 1 : 1) [CM disc -168])
  RATIONAL-POINT fiber |--> Q = (0 : 0 : 1); RESIDUAL POINT (0 : 0 : 0 : -1 : 1) — CM disc -20  (partner of known point (0 : 0 : 0 : 1 : 1) [CM disc -168])
  RATIONAL-POINT fiber |--> Q = (0 : 0 : 1); RESIDUAL POINT (0 : 0 : 0 : -1 : 1) — CM disc -20  (partner of known point (0 : 1 : 1 : 0 : 1) [CM disc -120])
  RATIONAL-POINT fiber |--> Q = (0 : 1 : 0); RESIDUAL POINT (0 : 0 : 1 : 1 : 0) — CM disc -72  (partner of known point (1 : 1 : 2/3 : 2/3 : 1) [CM disc -8])
  D = -192: CM points |--> Q = (0 : -1 : 1); THIRD POINT (0 : 1/2 : 0 : 1/2 : 1) — CM disc -12
  D = -264: CM points |--> Q = (1 : 1 : 1); THIRD POINT (1 : -1 : 1 : -1 : 1) — CM disc -228
  D = -1032: CM points |--> Q = (4 : -8 : 1); THIRD POINT (4 : 16/5 : 8/5 : 7/5 : 1) — CM disc -708

#################### N = 438, p = 0 ####################
M = 438: cover to 219a1 (conductor 219), expected degree 3
[BuildTripleCoverTo] building model of X_0(438)* (eval_prec = 400, cached if available)... [cache] loaded 9000-term star forms for level 438
done (4.280 s)
[cache] loaded triple-cover map for (N=438, p=0) -> 219a1
X_0(0)* = Curve over Rational Field defined by
16*z[1]^2*z[3] - 16*z[1]*z[2]^2 + 60*z[2]*z[3]*z[4] - 21*z[2]*z[4]^2 - 18*z[2]*z[4]*z[5] + 19*z[2]*z[5]^2 - 28*z[3]^3 - 11*z[3]^2*z[4] + 37*z[3]^2*z[5] - 19*z[3]*z[4]^2 - 23*z[3]*z[4]*z[5] - 24*z[3]*z[5]^2 + 45*z[4]^3 + 18*z[4]^2*z[5] - 11*z[4]*z[5]^2,
16*z[1]^2*z[4] - 16*z[2]^3 - 28*z[2]*z[3]*z[4] + 57*z[2]*z[4]^2 + 58*z[2]*z[4]*z[5] - 47*z[2]*z[5]^2 + 44*z[3]^3 - 25*z[3]^2*z[4] - 137*z[3]^2*z[5] - z[3]*z[4]^2 + 99*z[3]*z[4]*z[5] + 120*z[3]*z[5]^2 - z[4]^3 - 26*z[4]^2*z[5] - 89*z[4]*z[5]^2,
4*z[1]^2*z[5] - 4*z[2]^2*z[3] - 4*z[2]*z[3]^2 + 12*z[2]*z[3]*z[4] + 9*z[2]*z[4]*z[5] - 15*z[2]*z[5]^2 - 4*z[3]^3 + 8*z[3]^2*z[4] - 13*z[3]^2*z[5] - 9*z[3]*z[4]*z[5] + 24*z[3]*z[5]^2 + 11*z[4]^2*z[5] - 17*z[4]*z[5]^2 - 4*z[5]^3,
16*z[1]*z[2]*z[3] - 16*z[2]^3 - 28*z[2]*z[3]*z[4] + 45*z[2]*z[4]^2 + 38*z[2]*z[4]*z[5] - 23*z[2]*z[5]^2 + 28*z[3]^3 - 13*z[3]^2*z[4] - 81*z[3]^2*z[5] + 11*z[3]*z[4]^2 + 43*z[3]*z[4]*z[5] + 56*z[3]*z[5]^2 - 5*z[4]^3 - 6*z[4]^2*z[5] - 33*z[4]*z[5]^2,
16*z[1]*z[2]*z[4] - 16*z[2]^2*z[3] - 4*z[2]*z[3]*z[4] + 7*z[2]*z[4]^2 + 18*z[2]*z[4]*z[5] - 21*z[2]*z[5]^2 + 4*z[3]^3 + 9*z[3]^2*z[4] - 35*z[3]^2*z[5] + 17*z[3]*z[4]^2 + z[3]*z[4]*z[5] + 40*z[3]*z[5]^2 - 15*z[4]^3 - 2*z[4]^2*z[5] - 19*z[4]*z[5]^2,
16*z[1]*z[2]*z[5] - 16*z[2]*z[3]^2 + 4*z[2]*z[3]*z[4] + 29*z[2]*z[4]^2 - 26*z[2]*z[4]*z[5] - 23*z[2]*z[5]^2 - 20*z[3]^3 + 3*z[3]^2*z[4] + 31*z[3]^2*z[5] + 27*z[3]*z[4]^2 - 21*z[3]*z[4]*z[5] - 8*z[3]*z[5]^2 - 5*z[4]^3 - 22*z[4]^2*z[5] + 15*z[4]*z[5]^2,
16*z[1]*z[3]^2 - 16*z[2]^2*z[3] + 28*z[2]*z[3]*z[4] + 3*z[2]*z[4]^2 - 10*z[2]*z[4]*z[5] + 3*z[2]*z[5]^2 - 28*z[3]^3 - 3*z[3]^2*z[4] + 21*z[3]^2*z[5] + 21*z[3]*z[4]^2 - 23*z[3]*z[4]*z[5] - 8*z[3]*z[5]^2 + 5*z[4]^3 - 6*z[4]^2*z[5] + 5*z[4]*z[5]^2,
16*z[1]*z[3]*z[4] - 16*z[2]*z[3]^2 + 20*z[2]*z[3]*z[4] + 9*z[2]*z[4]^2 - 30*z[2]*z[4]*z[5] + 9*z[2]*z[5]^2 - 20*z[3]^3 - 9*z[3]^2*z[4] + 47*z[3]^2*z[5] - z[3]*z[4]^2 - 21*z[3]*z[4]*z[5] - 24*z[3]*z[5]^2 + 15*z[4]^3 - 18*z[4]^2*z[5] + 15*z[4]*z[5]^2,
16*z[1]*z[3]*z[5] + 12*z[2]*z[3]*z[4] + 15*z[2]*z[4]^2 - 50*z[2]*z[4]*z[5] + 15*z[2]*z[5]^2 - 28*z[3]^3 - 31*z[3]^2*z[4] + 57*z[3]^2*z[5] + 25*z[3]*z[4]^2 - 3*z[3]*z[4]*z[5] - 56*z[3]*z[5]^2 + 25*z[4]^3 - 30*z[4]^2*z[5] + 25*z[4]*z[5]^2,
4*z[1]*z[4]^2 - 4*z[2]*z[3]*z[4] + 5*z[2]*z[4]^2 - 3*z[2]*z[4]*z[5] - 5*z[3]^2*z[4] + 3*z[3]*z[4]^2 + 8*z[3]*z[4]*z[5] - z[4]^3 - 9*z[4]^2*z[5],
4*z[1]*z[4]*z[5] + 3*z[2]*z[4]^2 - 5*z[2]*z[4]*z[5] - 7*z[3]^2*z[4] + z[3]*z[4]^2 + 8*z[3]*z[4]*z[5] + 5*z[4]^3 - 7*z[4]^2*z[5] - 4*z[4]*z[5]^2,
4*z[1]*z[5]^2 + 3*z[2]*z[4]*z[5] - 5*z[2]*z[5]^2 - 7*z[3]^2*z[5] + z[3]*z[4]*z[5] + 8*z[3]*z[5]^2 + 5*z[4]^2*z[5] - 7*z[4]*z[5]^2 - 4*z[5]^3,
16*z[2]^2*z[4] - 16*z[2]*z[3]^2 + 20*z[2]*z[3]*z[4] - 19*z[2]*z[4]^2 - 26*z[2]*z[4]*z[5] + 9*z[2]*z[5]^2 - 20*z[3]^3 + 19*z[3]^2*z[4] + 47*z[3]^2*z[5] - 5*z[3]*z[4]^2 - 37*z[3]*z[4]*z[5] - 24*z[3]*z[5]^2 - 5*z[4]^3 + 10*z[4]^2*z[5] + 15*z[4]*z[5]^2,
16*z[2]^2*z[5] + 12*z[2]*z[3]*z[4] + 15*z[2]*z[4]^2 - 78*z[2]*z[4]*z[5] + 19*z[2]*z[5]^2 - 28*z[3]^3 - 31*z[3]^2*z[4] + 85*z[3]^2*z[5] + 25*z[3]*z[4]^2 - 7*z[3]*z[4]*z[5] - 72*z[3]*z[5]^2 + 25*z[4]^3 - 50*z[4]^2*z[5] + 53*z[4]*z[5]^2,
4*z[2]*z[3]*z[5] + 3*z[2]*z[4]^2 - 10*z[2]*z[4]*z[5] + 3*z[2]*z[5]^2 - 7*z[3]^2*z[4] + 5*z[3]^2*z[5] + z[3]*z[4]^2 + 5*z[3]*z[4]*z[5] - 8*z[3]*z[5]^2 + 5*z[4]^3 - 6*z[4]^2*z[5] + 5*z[4]*z[5]^2
E = [ 0, -1, 1, -6, 8 ] (219a1)

===== SWEEP of CM discriminants for X_0(438)* -> X_0(438)* =====
found 8 small rational points on X_0(438)* (bound 100000)
found CM point at discriminant -8
found CM point at discriminant -12
found CM point at discriminant -48
found CM point at discriminant -24
found CM point at discriminant -72
found CM point at discriminant -36
found CM point at discriminant -228

labelling the rational points:
  disc = -24 -> rats[7] -> (0 : 1 : -1 : 1 : 0) (CM)
  disc = -36 -> rats[1] -> (1 : 0 : 0 : 0 : 1) (CM)
  disc = -12 -> rats[6] -> (0 : 1 : 0 : -1 : 1) (CM)
  disc = -8 -> rats[3] -> (1/2 : 1/2 : 1 : -1/2 : 1) (CM)
  disc = -72 -> rats[4] -> (2 : 2 : 1 : 1 : 1) (CM)
  disc = -228 -> rats[5] -> (1 : 0 : 1 : 1 : 1) (CM)
  disc = -48 -> rats[8] -> (2 : 1 : 0 : 1 : 1) (CM)
  Cusp -> rats[2]
Labelled 8 CM+cusp, 0 exceptional

small rational points, their labels and images under pi:
  P1 = (1 : 0 : 0 : 0 : 1)  [CM disc -36]  |-->  (0 : 1 : 0)
  P2 = (1 : 0 : 0 : 0 : 0)  [cusp]  |-->  (0 : 1 : 0)
  P3 = (1/2 : 1/2 : 1 : -1/2 : 1)  [CM disc -8]  |-->  (1 : -2 : 1)
  P4 = (2 : 2 : 1 : 1 : 1)  [CM disc -72]  |-->  (1 : 1 : 1)
  P5 = (1 : 0 : 1 : 1 : 1)  [CM disc -228]  |-->  (2 : -1 : 1)
  P6 = (0 : 1 : 0 : -1 : 1)  [CM disc -12]  |-->  (1 : -2 : 1)
  P7 = (0 : 1 : -1 : 1 : 0)  [CM disc -24]  |-->  (1 : -2 : 1)
  P8 = (2 : 1 : 0 : 1 : 1)  [CM disc -48]  |-->  (-1 : -4 : 1)

candidate discs (degree-2 CM points on X_0(438)*): [ -32, -96, -192, -276, -420, -456, -552, -600, -660, -840, -852, -1092, -1320, -1428, -1752, -1848 ]

--- CUSP FIBER: fiber of pi over Q = (0 : 1 : 0) (contains the cusp), splits as degrees [ 1, 1 ] ---
  deg-1 place (mult 2): rational point (1 : 0 : 0 : 0 : 1)  [CM disc -36]
  deg-1 place (mult 1): rational point (1 : 0 : 0 : 0 : 0)  [cusp]  <-- the cusp
>>> RESIDUAL POINT in the cusp fiber over Q = (0 : 1 : 0):
>>>     (1 : 0 : 0 : 0 : 1)   —   CM disc -36
>>> RESIDUAL POINT in the cusp fiber over Q = (0 : 1 : 0):
>>>     (1 : 0 : 0 : 0 : 1)   —   CM disc -36
cusp-fiber status: cusp fiber: degrees [ 1, 1 ]

--- fiber of pi over Q = (0 : 1 : 0) through known point (1 : 0 : 0 : 0 : 1) [CM disc -36], splits as degrees [ 1, 1 ] ---
  deg-1 place (mult 2): rational point (1 : 0 : 0 : 0 : 1)  [CM disc -36]  <-- P itself
  deg-1 place (mult 1): rational point (1 : 0 : 0 : 0 : 0)  [cusp]

--- fiber of pi over Q = (0 : 1 : 0) through known point (1 : 0 : 0 : 0 : 0) [cusp], splits as degrees [ 1, 1 ] ---
  deg-1 place (mult 2): rational point (1 : 0 : 0 : 0 : 1)  [CM disc -36]
  deg-1 place (mult 1): rational point (1 : 0 : 0 : 0 : 0)  [cusp]  <-- P itself

--- fiber of pi over Q = (1 : -2 : 1) through known point (1/2 : 1/2 : 1 : -1/2 : 1) [CM disc -8], splits as degrees [ 1, 1, 1 ] ---
  deg-1 place (mult 1): rational point (1/2 : 1/2 : 1 : -1/2 : 1)  [CM disc -8]  <-- P itself
  deg-1 place (mult 1): rational point (0 : 1 : 0 : -1 : 1)  [CM disc -12]
  deg-1 place (mult 1): rational point (0 : 1 : -1 : 1 : 0)  [CM disc -24]

--- fiber of pi over Q = (1 : 1 : 1) through known point (2 : 2 : 1 : 1 : 1) [CM disc -72], splits as degrees [ 1, 2 ] ---
  deg-1 place (mult 1): rational point (2 : 2 : 1 : 1 : 1)  [CM disc -72]  <-- P itself
  deg-2 place (mult 1) over Number Field with defining polynomial x^2 - 14/9*x + 7/9 over the Rational Field:
      (0 : K.1 - 1 : 2*K.1 - 1 : K.1 : 1)

--- fiber of pi over Q = (2 : -1 : 1) through known point (1 : 0 : 1 : 1 : 1) [CM disc -228], splits as degrees [ 1, 2 ] ---
  deg-1 place (mult 1): rational point (1 : 0 : 1 : 1 : 1)  [CM disc -228]  <-- P itself
  deg-2 place (mult 1) over Number Field with defining polynomial x^2 + 2396/49*x + 4461/4 over the Rational Field:
      (1/997*(56*K.1 + 2651) : 1/997*(14*K.1 + 1909) : 1/997*(28*K.1 + 1824) : 1 : 1)

--- fiber of pi over Q = (1 : -2 : 1) through known point (0 : 1 : 0 : -1 : 1) [CM disc -12], splits as degrees [ 1, 1, 1 ] ---
  deg-1 place (mult 1): rational point (1/2 : 1/2 : 1 : -1/2 : 1)  [CM disc -8]
  deg-1 place (mult 1): rational point (0 : 1 : 0 : -1 : 1)  [CM disc -12]  <-- P itself
  deg-1 place (mult 1): rational point (0 : 1 : -1 : 1 : 0)  [CM disc -24]

--- fiber of pi over Q = (1 : -2 : 1) through known point (0 : 1 : -1 : 1 : 0) [CM disc -24], splits as degrees [ 1, 1, 1 ] ---
  deg-1 place (mult 1): rational point (1/2 : 1/2 : 1 : -1/2 : 1)  [CM disc -8]
  deg-1 place (mult 1): rational point (0 : 1 : 0 : -1 : 1)  [CM disc -12]
  deg-1 place (mult 1): rational point (0 : 1 : -1 : 1 : 0)  [CM disc -24]  <-- P itself

--- fiber of pi over Q = (-1 : -4 : 1) through known point (2 : 1 : 0 : 1 : 1) [CM disc -48], splits as degrees [ 1, 2 ] ---
  deg-1 place (mult 1): rational point (2 : 1 : 0 : 1 : 1)  [CM disc -48]  <-- P itself
  deg-2 place (mult 1) over Number Field with defining polynomial x^2 - 7/2*x + 49 over the Rational Field:
      (1/14*(-2*K.1 + 7) : 3/2 : 1/7*K.1 : -1/2 : 1)
>>> PARTNER in the fiber over Q = (0 : 1 : 0) (via known point (1 : 0 : 0 : 0 : 1) [CM disc -36]):
>>>     (1 : 0 : 0 : 0 : 0)   —   cusp
>>> PARTNER in the fiber over Q = (1 : -2 : 1) (via known point (1/2 : 1/2 : 1 : -1/2 : 1) [CM disc -8]):
>>>     (0 : 1 : 0 : -1 : 1)   —   CM disc -12
>>> PARTNER in the fiber over Q = (1 : -2 : 1) (via known point (1/2 : 1/2 : 1 : -1/2 : 1) [CM disc -8]):
>>>     (0 : 1 : -1 : 1 : 0)   —   CM disc -24
>>> PARTNER in the fiber over Q = (1 : -2 : 1) (via known point (0 : 1 : 0 : -1 : 1) [CM disc -12]):
>>>     (0 : 1 : -1 : 1 : 0)   —   CM disc -24
rational-point-fiber status: 8 known point(s) checked

--- D = -32 (h = 1) ---
  CM point at tau = 0.388128 + 0.00645760*$.1: image NOT recognized as rational: [ 4.000000000 - 1.000000000*$.1, 3.423255819 + 5.705568451*$.1, 1.000000000 ]
  CM point at tau = -0.278539 + 0.00645760*$.1: image NOT recognized as rational: [ 4.000000000 + 1.000000000*$.1, 5.657552400 - 4.696605224*$.1, 1.000000000 ]
status: images not rational (no rational fiber)

--- D = -96 (h = 2) ---
  CM point at tau = 0.150685 + 0.0111849*$.1: image NOT recognized as rational: [ 1.732050808 + 3.894349428E-200*$.1, -0.7320508076 + 5.298169572E-200*$.1, 1.000000000 ]
  CM point at tau = 0.0301370 + 0.00223698*$.1: image NOT recognized as rational: [ -1.732050808 - 1.107019227E-53*$.1, 2.732050808 - 2.200225906E-53*$.1, 1.000000000 ]
status: images not rational (no rational fiber)

--- D = -192 (h = 1) ---
  CM point at tau = 0.178082 + 0.0158178*$.1: image NOT recognized as rational: [ 16.34846923 - 1.390973635E-198*$.1, -63.84336666 + 1.372295773E-197*$.1, 1.000000000 ]
  CM point at tau = 0.0254403 + 0.00225969*$.1: image NOT recognized as rational: [ 1.651530772 + 1.911148254E-54*$.1, -0.1566333438 - 4.018663676E-55*$.1, 1.000000000 ]
status: images not rational (no rational fiber)

--- D = -276 (h = 8) ---
  CM point at tau = 0.171233 + 0.0189649*$.1: image NOT recognized as rational: [ 4.732050808 - 2.111493015E-199*$.1, -8.464101615 + 5.509863658E-199*$.1, 1.000000000 ]
  CM point at tau = 0.434247 + 0.00379298*$.1: image NOT recognized as rational: [ 1.267949192 - 3.371231041E-92*$.1, -1.535898385 - 1.303286322E-91*$.1, 1.000000000 ]
status: images not rational (no rational fiber)

--- D = -420 (h = 8) ---
  CM point at tau = 0.390411 + 0.0233949*$.1: image NOT recognized as rational: [ 1.500000000 + 1.936491673*$.1, -2.000000000 + 3.872983346*$.1, 1.000000000 ]
  CM point at tau = -0.390411 + 0.0233949*$.1: image NOT recognized as rational: [ 1.500000000 - 1.936491673*$.1, -2.000000000 - 3.872983346*$.1, 1.000000000 ]
status: images not rational (no rational fiber)

--- D = -456 (h = 8) ---
  CM point at tau = 0.0410959 + 0.0243769*$.1: image NOT recognized as rational: [ 5.274917217 + 5.847142085E-198*$.1, -10.27491722 + 9.897741245E-199*$.1, 1.000000000 ]
  CM point at tau = 0.408219 + 0.00487538*$.1: image NOT recognized as rational: [ -2.274917218 + 2.486689740E-118*$.1, -2.725082782 + 2.620400473E-117*$.1, 1.000000000 ]
status: images not rational (no rational fiber)

--- D = -552 (h = 8) ---
  CM point at tau = 0.479452 + 0.0268204*$.1: image NOT recognized as rational: [ 2.449489743 - 1.336843775E-198*$.1, 1.000000000 + 1.217793486E-199*$.1, 1.000000000 ]
  CM point at tau = 0.211350 + 0.00383149*$.1: image NOT recognized as rational: [ -2.449489743 - 1.912096101E-93*$.1, 1.000000000 + 3.783596308E-93*$.1, 1.000000000 ]
status: images not rational (no rational fiber)

--- D = -600 (h = 2) ---
  CM point at tau = 0.123288 + 0.0279622*$.1: image NOT recognized as rational: [ 1.781250000 - 0.1210307296*$.1, -0.4765625000 + 0.1512884120*$.1, 1.000000000 ]
  CM point at tau = -0.123288 + 0.0279622*$.1: image NOT recognized as rational: [ 1.781250000 + 0.1210307296*$.1, -0.4765625000 - 0.1512884120*$.1, 1.000000000 ]
status: images not rational (no rational fiber)

--- D = -660 (h = 8) ---
  CM point at tau = 0.102740 + 0.0293270*$.1  |-->  Q = (2 : -1 : 1)
  CM point at tau = -0.102740 + 0.0293270*$.1  |-->  Q = (2 : -1 : 1)
all disc--660 CM points map to the SAME rational point — as expected

--- fiber of pi over Q1 = (2 : -1 : 1) (image of the disc--660 CM points) ---
  deg-1 place (mult 1): rational point (1 : 0 : 1 : 1 : 1)  [CM disc -228]
  deg-2 place (mult 1) over Number Field with defining polynomial x^2 + 2396/49*x + 4461/4 over the Rational Field:
      (1/997*(56*K.1 + 2651) : 1/997*(14*K.1 + 1909) : 1/997*(28*K.1 + 1824) : 1 : 1)   <-- the two disc--660 CM points
>>> THIRD POINT in the fiber over Q = (2 : -1 : 1):
>>>     (1 : 0 : 1 : 1 : 1)   —   CM disc -228
status: 1 rational fiber(s)

--- D = -840 (h = 8) ---
  CM point at tau = 0.493151 + 0.0330853*$.1: image NOT recognized as rational: [ 2.741901634 - 2.399935648E-199*$.1, 1.712295071 - 1.121164118E-199*$.1, 1.000000000 ]
  CM point at tau = 0.301370 + 0.00661707*$.1: image NOT recognized as rational: [ 0.8205983657 + 3.437730915E-162*$.1, -2.290420071 + 1.666289344E-161*$.1, 1.000000000 ]
status: images not rational (no rational fiber)

--- D = -852 (h = 8) ---
  CM point at tau = 0.0342466 + 0.0333208*$.1: image NOT recognized as rational: [ 4.732050808 + 1.244527136E-199*$.1, -8.464101615 + 6.211301750E-199*$.1, 1.000000000 ]
  CM point at tau = 0.290606 + 0.00476012*$.1: image NOT recognized as rational: [ 1.267949192 - 3.249247170E-116*$.1, -1.535898385 - 1.259362920E-115*$.1, 1.000000000 ]
status: images not rational (no rational fiber)

--- D = -1092 (h = 8) ---
  CM point at tau = 0.226027 + 0.0377231*$.1: image NOT recognized as rational: [ -3.000000000 + 2.299549319E-199*$.1, -0.5000000000 + 3.122498999*$.1, 1.000000000 ]
  CM point at tau = -0.226027 + 0.0377231*$.1: image NOT recognized as rational: [ -3.000000000 - 2.299549319E-199*$.1, -0.5000000000 - 3.122498999*$.1, 1.000000000 ]
status: images not rational (no rational fiber)

--- D = -1320 (h = 8) ---
  CM point at tau = 0.287671 + 0.0414746*$.1  |-->  Q = (-1 : -4 : 1)
  CM point at tau = -0.287671 + 0.0414746*$.1  |-->  Q = (-1 : -4 : 1)
all disc--1320 CM points map to the SAME rational point — as expected

--- fiber of pi over Q1 = (-1 : -4 : 1) (image of the disc--1320 CM points) ---
  deg-1 place (mult 1): rational point (2 : 1 : 0 : 1 : 1)  [CM disc -48]
  deg-2 place (mult 1) over Number Field with defining polynomial x^2 - 7/2*x + 49 over the Rational Field:
      (1/14*(-2*K.1 + 7) : 3/2 : 1/7*K.1 : -1/2 : 1)   <-- the two disc--1320 CM points
>>> THIRD POINT in the fiber over Q = (-1 : -4 : 1):
>>>     (2 : 1 : 0 : 1 : 1)   —   CM disc -48
status: 1 rational fiber(s)

--- D = -1428 (h = 8) ---
  CM point at tau = 0.0205480 + 0.0431380*$.1: image NOT recognized as rational: [ 4.732050808 - 1.833667655E-199*$.1, -8.464101615 + 8.577545190E-199*$.1, 1.000000000 ]
  CM point at tau = 0.431507 + 0.00616257*$.1: image NOT recognized as rational: [ 1.267949192 + 4.798383665E-150*$.1, -1.535898385 + 1.663316709E-149*$.1, 1.000000000 ]
status: images not rational (no rational fiber)

--- D = -1752 (h = 8) ---
  CM point at tau = 0.0477818*$.1: image NOT recognized as rational: [ 4.871803117, -8.921066393, 1.000000000 ]
  CM point at tau = 0.461538 + 0.00367553*$.1: image NOT recognized as rational: [ 1.918320340 - 1.674033084E-86*$.1, -0.1543794228 + 1.630147215E-87*$.1, 1.000000000 ]
status: images not rational (no rational fiber)

--- D = -1848 (h = 8) ---
  CM point at tau = 0.150685 + 0.0490735*$.1  |-->  Q = (1 : 1 : 1)
  CM point at tau = -0.150685 + 0.0490735*$.1  |-->  Q = (1 : 1 : 1)
all disc--1848 CM points map to the SAME rational point — as expected

--- fiber of pi over Q1 = (1 : 1 : 1) (image of the disc--1848 CM points) ---
  deg-1 place (mult 1): rational point (2 : 2 : 1 : 1 : 1)  [CM disc -72]
  deg-2 place (mult 1) over Number Field with defining polynomial x^2 - 14/9*x + 7/9 over the Rational Field:
      (0 : K.1 - 1 : 2*K.1 - 1 : K.1 : 1)   <-- the two disc--1848 CM points
>>> THIRD POINT in the fiber over Q = (1 : 1 : 1):
>>>     (2 : 2 : 1 : 1 : 1)   —   CM disc -72
status: 1 rational fiber(s)

================ SWEEP SUMMARY for X_0(438)* -> X_0(438)* ================
  CUSP fiber |--> Q = (0 : 1 : 0); RESIDUAL POINT (1 : 0 : 0 : 0 : 1) — CM disc -36
  CUSP fiber |--> Q = (0 : 1 : 0); RESIDUAL POINT (1 : 0 : 0 : 0 : 1) — CM disc -36
  RATIONAL-POINT fiber |--> Q = (0 : 1 : 0); RESIDUAL POINT (1 : 0 : 0 : 0 : 0) — cusp  (partner of known point (1 : 0 : 0 : 0 : 1) [CM disc -36])
  RATIONAL-POINT fiber |--> Q = (1 : -2 : 1); RESIDUAL POINT (0 : 1 : 0 : -1 : 1) — CM disc -12  (partner of known point (1/2 : 1/2 : 1 : -1/2 : 1) [CM disc -8])
  RATIONAL-POINT fiber |--> Q = (1 : -2 : 1); RESIDUAL POINT (0 : 1 : -1 : 1 : 0) — CM disc -24  (partner of known point (1/2 : 1/2 : 1 : -1/2 : 1) [CM disc -8])
  RATIONAL-POINT fiber |--> Q = (1 : -2 : 1); RESIDUAL POINT (0 : 1 : -1 : 1 : 0) — CM disc -24  (partner of known point (0 : 1 : 0 : -1 : 1) [CM disc -12])
  D = -660: CM points |--> Q = (2 : -1 : 1); THIRD POINT (1 : 0 : 1 : 1 : 1) — CM disc -228
  D = -1320: CM points |--> Q = (-1 : -4 : 1); THIRD POINT (2 : 1 : 0 : 1 : 1) — CM disc -48
  D = -1848: CM points |--> Q = (1 : 1 : 1); THIRD POINT (2 : 2 : 1 : 1 : 1) — CM disc -72

#################### N = 185, p = 1 ####################
M = 185: new-quotient triple cover to 185c1 (modular degree 6)
[BuildTripleCoverNew] building model of X_0(185)* (eval_prec = 400, cached if available)... [cache] loaded 3000-term star forms for level 185
done (0.150 s)
[cache] loaded triple-cover map for (N=185, p=1) -> 185c2
X_0(185)* = Curve over Rational Field defined by
z[1]^3*z[3] - z[1]^2*z[2]^2 - 7/2*z[1]^2*z[3]^2 + 4*z[1]*z[2]^2*z[3] - 4*z[1]*z[2]*z[3]^2 + 5*z[1]*z[3]^3 - 3/2*z[2]^4 + 4*z[2]^3*z[3] - 6*z[2]^2*z[3]^2 + 6*z[2]*z[3]^3 - 5/2*z[3]^4
E = [ 1, 0, 1, 1, -9 ] (185c2)

===== SWEEP of CM discriminants for X_0(185)* -> X_0(185)* =====
found 7 small rational points on X_0(185)* (bound 100000)
found CM point at discriminant -4
found CM point at discriminant -11
found CM point at discriminant -16
found CM point at discriminant -115
found CM point at discriminant -40
found CM point at discriminant -555

labelling the rational points:
  disc = -4 -> rats[3] -> (1 : 2 : 1) (CM)
  disc = -11 -> rats[2] -> (2 : 1 : 1) (CM)
  disc = -40 -> rats[6] -> (0 : 1 : 1) (CM)
  disc = -16 -> rats[5] -> (1 : 0 : 1) (CM)
  disc = -115 -> rats[4] -> (5/2 : 1 : 1) (CM)
  disc = -555 -> rats[1] -> (5/2 : -1 : 1) (CM)
  Cusp -> rats[7]
Labelled 7 CM+cusp, 0 exceptional

small rational points, their labels and images under pi:
  P1 = (5/2 : -1 : 1)  [CM disc -555]  |-->  (11 : 31 : 1)
  P2 = (2 : 1 : 1)  [CM disc -11]  |-->  (0 : 1 : 0)
  P3 = (1 : 2 : 1)  [CM disc -4]  |-->  (11/4 : -49/8 : 1)
  P4 = (5/2 : 1 : 1)  [CM disc -115]  |-->  (3 : 3 : 1)
  P5 = (1 : 0 : 1)  [CM disc -16]  |-->  (0 : 1 : 0)
  P6 = (0 : 1 : 1)  [CM disc -40]  |-->  (3 : -7 : 1)
  P7 = (1 : 0 : 0)  [cusp]  |-->  (0 : 1 : 0)

candidate discs (degree-2 CM points on X_0(185)*): [ -36, -64, -75, -99, -100, -120, -155, -160, -195, -259, -280, -340, -435, -595, -715, -955, -1555, -2035 ]

--- CUSP FIBER: fiber of pi over Q = (0 : 1 : 0) (contains the cusp), splits as degrees [ 1, 1, 1 ] ---
  deg-1 place (mult 1): rational point (2 : 1 : 1)  [CM disc -11]
  deg-1 place (mult 1): rational point (1 : 0 : 1)  [CM disc -16]
  deg-1 place (mult 1): rational point (1 : 0 : 0)  [cusp]  <-- the cusp
>>> RESIDUAL POINT in the cusp fiber over Q = (0 : 1 : 0):
>>>     (2 : 1 : 1)   —   CM disc -11
>>> RESIDUAL POINT in the cusp fiber over Q = (0 : 1 : 0):
>>>     (1 : 0 : 1)   —   CM disc -16
cusp-fiber status: cusp fiber: degrees [ 1, 1, 1 ]

--- fiber of pi over Q = (11 : 31 : 1) through known point (5/2 : -1 : 1) [CM disc -555], splits as degrees [ 1, 2 ] ---
  deg-1 place (mult 1): rational point (5/2 : -1 : 1)  [CM disc -555]  <-- P itself
  deg-2 place (mult 1) over Number Field with defining polynomial x^2 + x - 8/5 over the Rational Field:
      (-K.1 + 3 : K.1 : 1)

--- fiber of pi over Q = (0 : 1 : 0) through known point (2 : 1 : 1) [CM disc -11], splits as degrees [ 1, 1, 1 ] ---
  deg-1 place (mult 1): rational point (2 : 1 : 1)  [CM disc -11]  <-- P itself
  deg-1 place (mult 1): rational point (1 : 0 : 1)  [CM disc -16]
  deg-1 place (mult 1): rational point (1 : 0 : 0)  [cusp]

--- fiber of pi over Q = (11/4 : -49/8 : 1) through known point (1 : 2 : 1) [CM disc -4], splits as degrees [ 1, 2 ] ---
  deg-1 place (mult 1): rational point (1 : 2 : 1)  [CM disc -4]  <-- P itself
  deg-2 place (mult 1) over Number Field with defining polynomial x^2 - 43/14*x + 31/14 over the Rational Field:
      (1/2*(13*K.1 - 15) : K.1 : 1)

--- fiber of pi over Q = (3 : 3 : 1) through known point (5/2 : 1 : 1) [CM disc -115], splits as degrees [ 1, 2 ] ---
  deg-1 place (mult 1): rational point (5/2 : 1 : 1)  [CM disc -115]  <-- P itself
  deg-2 place (mult 1) over Number Field with defining polynomial x^2 + x + 4 over the Rational Field:
      (-K.1 - 1 : K.1 : 1)

--- fiber of pi over Q = (0 : 1 : 0) through known point (1 : 0 : 1) [CM disc -16], splits as degrees [ 1, 1, 1 ] ---
  deg-1 place (mult 1): rational point (2 : 1 : 1)  [CM disc -11]
  deg-1 place (mult 1): rational point (1 : 0 : 1)  [CM disc -16]  <-- P itself
  deg-1 place (mult 1): rational point (1 : 0 : 0)  [cusp]

--- fiber of pi over Q = (3 : -7 : 1) through known point (0 : 1 : 1) [CM disc -40], splits as degrees [ 1, 2 ] ---
  deg-2 place (mult 1) over Number Field with defining polynomial x^2 - 13*x + 26 over the Rational Field:
      (1/2*K.1 : 2 : 1)
  deg-1 place (mult 1): rational point (0 : 1 : 1)  [CM disc -40]  <-- P itself

--- fiber of pi over Q = (0 : 1 : 0) through known point (1 : 0 : 0) [cusp], splits as degrees [ 1, 1, 1 ] ---
  deg-1 place (mult 1): rational point (2 : 1 : 1)  [CM disc -11]
  deg-1 place (mult 1): rational point (1 : 0 : 1)  [CM disc -16]
  deg-1 place (mult 1): rational point (1 : 0 : 0)  [cusp]  <-- P itself
>>> PARTNER in the fiber over Q = (0 : 1 : 0) (via known point (2 : 1 : 1) [CM disc -11]):
>>>     (1 : 0 : 1)   —   CM disc -16
>>> PARTNER in the fiber over Q = (0 : 1 : 0) (via known point (2 : 1 : 1) [CM disc -11]):
>>>     (1 : 0 : 0)   —   cusp
>>> PARTNER in the fiber over Q = (0 : 1 : 0) (via known point (1 : 0 : 1) [CM disc -16]):
>>>     (1 : 0 : 0)   —   cusp
rational-point-fiber status: 7 known point(s) checked

--- D = -36 (h = 1) ---
  CM point at tau = 0.302703 + 0.0162162*$.1: image NOT recognized as rational: [ -1.000000000 - 1.732050808*$.1, -0.5000000000 + 2.598076211*$.1, 1.000000000 ]
  CM point at tau = 0.102703 + 0.0162162*$.1: image NOT recognized as rational: [ -1.000000000 + 1.732050808*$.1, -0.5000000000 - 2.598076211*$.1, 1.000000000 ]
status: images not rational (no rational fiber)

--- D = -64 (h = 1) ---
  CM point at tau = 0.470270 + 0.0216216*$.1: image NOT recognized as rational: [ 27.10660172 - 3.655190650E-175*$.1, 127.8363094 + 7.044108783E-173*$.1, 1.000000000 ]
  CM point at tau = 0.0702703 + 0.0216216*$.1: image NOT recognized as rational: [ 5.893398282 + 5.711968978E-175*$.1, 11.16369055 + 1.264268878E-174*$.1, 1.000000000 ]
status: images not rational (no rational fiber)

--- D = -75 (h = 1) ---
  CM point at tau = 0.283784 + 0.0234061*$.1: image NOT recognized as rational: [ -5.000000000 + 2.944975088E-190*$.1, 2.000000000 + 11.61895004*$.1, 1.000000000 ]
  CM point at tau = -0.283784 + 0.0234061*$.1: image NOT recognized as rational: [ -5.000000000 - 2.944975088E-190*$.1, 2.000000000 - 11.61895004*$.1, 1.000000000 ]
status: images not rational (no rational fiber)

--- D = -99 (h = 1) ---
  CM point at tau = 0.381081 + 0.0268916*$.1: image NOT recognized as rational: [ 1.666666667 + 1.496738178E-199*$.1, -1.333333333 - 0.9622504486*$.1, 1.000000000 ]
  CM point at tau = -0.218919 + 0.0268916*$.1: image NOT recognized as rational: [ 1.666666667 + 6.021360485E-200*$.1, -1.333333333 + 0.9622504486*$.1, 1.000000000 ]
status: images not rational (no rational fiber)

--- D = -100 (h = 1) ---
  CM point at tau = 0.162162 + 0.0270270*$.1: image NOT recognized as rational: [ -1.000000000 - 4.472135955*$.1, -8.000000000 - 2.236067978*$.1, 1.000000000 ]
  CM point at tau = -0.162162 + 0.0270270*$.1: image NOT recognized as rational: [ -1.000000000 + 4.472135955*$.1, -8.000000000 + 2.236067978*$.1, 1.000000000 ]
status: images not rational (no rational fiber)

--- D = -120 (h = 4) ---
  CM point at tau = 0.351351 + 0.0296066*$.1: image NOT recognized as rational: [ 1.000000000 - 7.461551990E-202*$.1, -1.000000000 + 2.449489743*$.1, 1.000000000 ]
  CM point at tau = -0.351351 + 0.0296066*$.1: image NOT recognized as rational: [ 1.000000000 + 7.461551990E-202*$.1, -1.000000000 - 2.449489743*$.1, 1.000000000 ]
status: images not rational (no rational fiber)

--- D = -155 (h = 4) ---
  CM point at tau = 0.445946 + 0.0336484*$.1: image NOT recognized as rational: [ 6.375000000 - 7.655675999*$.1, 4.812500000 - 26.79486600*$.1, 1.000000000 ]
  CM point at tau = -0.445946 + 0.0336484*$.1: image NOT recognized as rational: [ 6.375000000 + 7.655675999*$.1, 4.812500000 + 26.79486600*$.1, 1.000000000 ]
status: images not rational (no rational fiber)

--- D = -160 (h = 2) ---
  CM point at tau = 0.486486 + 0.0341868*$.1: image NOT recognized as rational: [ 13.00000000 - 3.728476880E-199*$.1, 40.43416490 + 3.335761454E-197*$.1, 1.000000000 ]
  CM point at tau = 0.121622 + 0.00854670*$.1: image NOT recognized as rational: [ 13.00000000 - 2.006747727E-68*$.1, -54.43416490 - 6.453163788E-69*$.1, 1.000000000 ]
status: images not rational (no rational fiber)

--- D = -195 (h = 4) ---
  CM point at tau = 0.121622 + 0.0377412*$.1: image NOT recognized as rational: [ -2.333333333 + 1.696902316E-199*$.1, 0.6666666667 + 4.857220666*$.1, 1.000000000 ]
  CM point at tau = -0.121622 + 0.0377412*$.1: image NOT recognized as rational: [ -2.333333333 - 1.696902316E-199*$.1, 0.6666666667 - 4.857220666*$.1, 1.000000000 ]
status: images not rational (no rational fiber)

--- D = -259 (h = 4) ---
  CM point at tau = 0.300000 + 0.0434959*$.1: image NOT recognized as rational: [ -1.125000000 + 0.9921567417*$.1, 0.6875000000 + 2.480391854*$.1, 1.000000000 ]
  CM point at tau = -0.300000 + 0.0434959*$.1: image NOT recognized as rational: [ -1.125000000 - 0.9921567417*$.1, 0.6875000000 - 2.480391854*$.1, 1.000000000 ]
status: images not rational (no rational fiber)

--- D = -280 (h = 4) ---
  CM point at tau = 0.189189 + 0.0452248*$.1: image NOT recognized as rational: [ 0.5000000000 - 1.870828693*$.1, -1.000000000 - 2.806243040*$.1, 1.000000000 ]
  CM point at tau = -0.189189 + 0.0452248*$.1: image NOT recognized as rational: [ 0.5000000000 + 1.870828693*$.1, -1.000000000 + 2.806243040*$.1, 1.000000000 ]
status: images not rational (no rational fiber)

--- D = -340 (h = 4) ---
  CM point at tau = 0.0540541 + 0.0498354*$.1: image NOT recognized as rational: [ 1.780455543 - 2.065594207E-200*$.1, -1.987950058 + 1.464799460E-199*$.1, 1.000000000 ]
  CM point at tau = 0.472973 + 0.0249177*$.1: image NOT recognized as rational: [ 20.21954446 - 6.816972193E-199*$.1, 80.98795006 + 1.748657783E-196*$.1, 1.000000000 ]
status: images not rational (no rational fiber)

--- D = -435 (h = 4) ---
  CM point at tau = 0.391892 + 0.0563693*$.1  |-->  Q = (3 : 3 : 1)
  CM point at tau = -0.391892 + 0.0563693*$.1  |-->  Q = (3 : 3 : 1)
all disc--435 CM points map to the SAME rational point — as expected

--- fiber of pi over Q1 = (3 : 3 : 1) (image of the disc--435 CM points) ---
  deg-1 place (mult 1): rational point (5/2 : 1 : 1)  [CM disc -115]
  deg-2 place (mult 1) over Number Field with defining polynomial x^2 + x + 4 over the Rational Field:
      (-K.1 - 1 : K.1 : 1)   <-- the two disc--435 CM points
>>> THIRD POINT in the fiber over Q = (3 : 3 : 1):
>>>     (5/2 : 1 : 1)   —   CM disc -115
status: 1 rational fiber(s)

--- D = -595 (h = 4) ---
  CM point at tau = 0.256757 + 0.0659260*$.1: image NOT recognized as rational: [ -0.7187500000 + 1.704486268*$.1, -0.05468750000 - 2.982850969*$.1, 1.000000000 ]
  CM point at tau = -0.256757 + 0.0659260*$.1: image NOT recognized as rational: [ -0.7187500000 - 1.704486268*$.1, -0.05468750000 + 2.982850969*$.1, 1.000000000 ]
status: images not rational (no rational fiber)

--- D = -715 (h = 4) ---
  CM point at tau = 0.0135135 + 0.0722688*$.1  |-->  Q = (3 : -7 : 1)
  CM point at tau = 0.364865 + 0.00656990*$.1  |-->  Q = (3 : -7 : 1)
all disc--715 CM points map to the SAME rational point — as expected

--- fiber of pi over Q1 = (3 : -7 : 1) (image of the disc--715 CM points) ---
  deg-2 place (mult 1) over Number Field with defining polynomial x^2 - 13*x + 26 over the Rational Field:
      (1/2*K.1 : 2 : 1)   <-- the two disc--715 CM points
  deg-1 place (mult 1): rational point (0 : 1 : 1)  [CM disc -40]
>>> THIRD POINT in the fiber over Q = (3 : -7 : 1):
>>>     (0 : 1 : 1)   —   CM disc -40
status: 1 rational fiber(s)

--- D = -955 (h = 4) ---
  CM point at tau = 0.175676 + 0.0835218*$.1: image NOT recognized as rational: [ -1.125000000 - 1.727534370*$.1, 0.9375000000 - 0.8637671851*$.1, 1.000000000 ]
  CM point at tau = -0.175676 + 0.0835218*$.1: image NOT recognized as rational: [ -1.125000000 + 1.727534370*$.1, 0.9375000000 + 0.8637671851*$.1, 1.000000000 ]
status: images not rational (no rational fiber)

--- D = -1555 (h = 4) ---
  CM point at tau = 0.283784 + 0.106577*$.1: image NOT recognized as rational: [ -1.618827160 + 2.748695063*$.1, -4.177383402 - 1.679758094*$.1, 1.000000000 ]
  CM point at tau = -0.283784 + 0.106577*$.1: image NOT recognized as rational: [ -1.618827160 - 2.748695063*$.1, -4.177383402 + 1.679758094*$.1, 1.000000000 ]
status: images not rational (no rational fiber)

--- D = -2035 (h = 8) ---
  CM point at tau = 0.500000 + 0.121922*$.1  |-->  Q = (11 : 31 : 1)
  CM point at tau = 0.0714285 + 0.0174174*$.1  |-->  Q = (11 : 31 : 1)
all disc--2035 CM points map to the SAME rational point — as expected

--- fiber of pi over Q1 = (11 : 31 : 1) (image of the disc--2035 CM points) ---
  deg-1 place (mult 1): rational point (5/2 : -1 : 1)  [CM disc -555]
  deg-2 place (mult 1) over Number Field with defining polynomial x^2 + x - 8/5 over the Rational Field:
      (-K.1 + 3 : K.1 : 1)   <-- the two disc--2035 CM points
>>> THIRD POINT in the fiber over Q = (11 : 31 : 1):
>>>     (5/2 : -1 : 1)   —   CM disc -555
status: 1 rational fiber(s)

================ SWEEP SUMMARY for X_0(185)* -> X_0(185)* ================
  CUSP fiber |--> Q = (0 : 1 : 0); RESIDUAL POINT (2 : 1 : 1) — CM disc -11
  CUSP fiber |--> Q = (0 : 1 : 0); RESIDUAL POINT (1 : 0 : 1) — CM disc -16
  RATIONAL-POINT fiber |--> Q = (0 : 1 : 0); RESIDUAL POINT (1 : 0 : 1) — CM disc -16  (partner of known point (2 : 1 : 1) [CM disc -11])
  RATIONAL-POINT fiber |--> Q = (0 : 1 : 0); RESIDUAL POINT (1 : 0 : 0) — cusp  (partner of known point (2 : 1 : 1) [CM disc -11])
  RATIONAL-POINT fiber |--> Q = (0 : 1 : 0); RESIDUAL POINT (1 : 0 : 0) — cusp  (partner of known point (1 : 0 : 1) [CM disc -16])
  D = -435: CM points |--> Q = (3 : 3 : 1); THIRD POINT (5/2 : 1 : 1) — CM disc -115
  D = -715: CM points |--> Q = (3 : -7 : 1); THIRD POINT (0 : 1 : 1) — CM disc -40
  D = -2035: CM points |--> Q = (11 : 31 : 1); THIRD POINT (5/2 : -1 : 1) — CM disc -555


==================== GRAND SUMMARY (all cases) ====================
X_0(290)* -> X_0(58)*: D = -64: CM points |--> Q = (1 : -1 : 1); THIRD POINT (-1 : -3 : 1) — CM disc -20
X_0(290)* -> X_0(58)*: D = -80: CM points |--> Q = (0 : -1 : 1); THIRD POINT (0 : -2 : 1) — CM disc -100
X_0(290)* -> X_0(58)*: D = -136: CM points |--> Q = (0 : 1 : 0); THIRD POINT (1 : 0 : 0) — cusp
X_0(290)* -> X_0(58)*: D = -196: CM points |--> Q = (1 : 0 : 1); THIRD POINT (0 : -1 : 1) — CM disc -24
X_0(154)* -> X_0(77)*: RATIONAL-POINT fiber |--> Q = (0 : -1 : 1); RESIDUAL POINT (4 : 22 : 1) — CM disc -132  (partner of known point (0 : -2 : 1) [CM disc -24])
X_0(154)* -> X_0(77)*: RATIONAL-POINT fiber |--> Q = (0 : -1 : 1); RESIDUAL POINT (1 : 4 : 1) — CM disc -28  (partner of known point (0 : -2 : 1) [CM disc -24])
X_0(154)* -> X_0(77)*: RATIONAL-POINT fiber |--> Q = (4 : -9 : 1); RESIDUAL POINT (4 : -22 : 1) — CM disc -1848  (partner of known point (0 : 2 : 1) [CM disc -52])
X_0(154)* -> X_0(77)*: RATIONAL-POINT fiber |--> Q = (4 : -9 : 1); RESIDUAL POINT (1 : -4 : 1) — CM disc -7  (partner of known point (0 : 2 : 1) [CM disc -52])
X_0(154)* -> X_0(77)*: RATIONAL-POINT fiber |--> Q = (4 : -9 : 1); RESIDUAL POINT (4 : -22 : 1) — CM disc -1848  (partner of known point (1 : -4 : 1) [CM disc -7])
X_0(154)* -> X_0(77)*: RATIONAL-POINT fiber |--> Q = (0 : -1 : 1); RESIDUAL POINT (4 : 22 : 1) — CM disc -132  (partner of known point (1 : 4 : 1) [CM disc -28])
X_0(154)* -> X_0(77)*: D = -55: CM points |--> Q = (0 : 1 : 0); THIRD POINT (1 : -1 : 0) — cusp
X_0(154)* -> X_0(77)*: D = -63: CM points |--> Q = (1/4 : 3/8 : 1); THIRD POINT (-3 : -77 : 2) — NOT CM (exceptional)
X_0(154)* -> X_0(77)*: D = -8008: CM points |--> Q = (30 : -165 : 1); THIRD POINT (-1 : 56 : 3) — CM disc -112
X_0(455)* -> X_0(91)*: D = -56: CM points |--> Q = (0 : -1 : 1); THIRD POINT (0 : -1 : 1) — CM disc -195
X_0(455)* -> X_0(91)*: D = -220: CM points |--> Q = (1 : -2 : 1); THIRD POINT (-1 : -2/3 : 1) — CM disc -315
X_0(455)* -> X_0(91)*: D = -259: CM points |--> Q = (0 : 0 : 1); THIRD POINT (1/2 : -1/2 : 1) — CM disc -40
X_0(590)* -> X_0(118)*: D = -56: CM points |--> Q = (0 : -1 : 1); THIRD POINT (0 : 0 : 1 : 1 : 0 : 1) — CM disc -120
X_0(590)* -> X_0(118)*: D = -136: CM points |--> Q = (0 : 1 : 0); THIRD POINT (1 : 0 : 0 : 0 : 0 : 0) — cusp
X_0(590)* -> X_0(118)*: D = -220: CM points |--> Q = (-1 : 0 : 1); THIRD POINT (0 : 2 : 0 : 0 : 1 : 1) — CM disc -40
X_0(590)* -> X_0(118)*: D = -260: CM points |--> Q = (0 : 1 : 1); THIRD POINT (-4 : 2 : -3 : 1 : -2 : 1) — CM disc -280
X_0(590)* -> X_0(118)*: D = -660: CM points |--> Q = (-1 : 1 : 1); THIRD POINT (1 : 0 : 1 : 0 : 1 : 0) — CM disc -24
X_0(590)* -> X_0(118)*: D = -1780: CM points |--> Q = (2 : -5 : 1); THIRD POINT (10 : 8 : 5 : 3 : 4 : 1) — CM disc -760
X_0(246)* -> X_0(123)*: CUSP fiber |--> Q = (0 : 1 : 0); RESIDUAL POINT (1 : 1 : 1) — CM disc -36
X_0(246)* -> X_0(123)*: CUSP fiber |--> Q = (0 : 1 : 0); RESIDUAL POINT (1 : -1 : 1) — CM disc -168
X_0(246)* -> X_0(123)*: RATIONAL-POINT fiber |--> Q = (13/4 : 37/8 : 1); RESIDUAL POINT (-1 : 1 : 1) — CM disc -228  (partner of known point (1/4 : 1/2 : 1) [NOT CM (exceptional)])
X_0(246)* -> X_0(123)*: RATIONAL-POINT fiber |--> Q = (0 : 1 : 0); RESIDUAL POINT (1 : 1 : 1) — CM disc -36  (partner of known point (1 : -1 : 1) [CM disc -168])
X_0(246)* -> X_0(123)*: RATIONAL-POINT fiber |--> Q = (0 : 1 : 0); RESIDUAL POINT (1 : 0 : 0) — cusp  (partner of known point (1 : -1 : 1) [CM disc -168])
X_0(246)* -> X_0(123)*: RATIONAL-POINT fiber |--> Q = (3 : 4 : 1); RESIDUAL POINT (-2 : 2 : 1) — CM disc -312  (partner of known point (0 : 1/2 : 1) [CM disc -72])
X_0(246)* -> X_0(123)*: RATIONAL-POINT fiber |--> Q = (0 : 1 : 0); RESIDUAL POINT (1 : 1 : 1) — CM disc -36  (partner of known point (1 : 0 : 0) [cusp])
X_0(246)* -> X_0(123)*: RATIONAL-POINT fiber |--> Q = (1 : 0 : 1); RESIDUAL POINT (1 : 1/2 : 1) — CM disc -84  (partner of known point (0 : 1 : 0) [CM disc -132])
X_0(246)* -> X_0(123)*: RATIONAL-POINT fiber |--> Q = (1 : 0 : 1); RESIDUAL POINT (0 : 0 : 1) — CM disc -20  (partner of known point (0 : 1 : 0) [CM disc -132])
X_0(246)* -> X_0(123)*: RATIONAL-POINT fiber |--> Q = (1 : 0 : 1); RESIDUAL POINT (0 : 0 : 1) — CM disc -20  (partner of known point (1 : 1/2 : 1) [CM disc -84])
X_0(246)* -> X_0(123)*: D = -39: CM points |--> Q = (1 : -1 : 1); THIRD POINT (2 : 1 : 1) — CM disc -408
X_0(286)* -> X_0(143)*: D = -39: CM points |--> Q = (4 : -7 : 1); THIRD POINT (5/2 : -143/16 : 1) — NOT CM (exceptional)
X_0(286)* -> X_0(143)*: D = -55: CM points |--> Q = (0 : 1 : 0); THIRD POINT (1 : -1/2 : 0) — cusp
X_0(286)* -> X_0(143)*: D = -660: CM points |--> Q = (2 : 0 : 1); THIRD POINT (-1 : -2 : 1) — CM disc -52
X_0(570)* -> X_0(114)*: RATIONAL-POINT fiber |--> Q = (4 : -7 : 1); RESIDUAL POINT (3 : 2 : 1 : 1) — CM disc -1380  (partner of known point (-3/2 : 1/2 : 1 : 1) [CM disc -60])
X_0(570)* -> X_0(114)*: D = -56: CM points |--> Q = (1 : 0 : 1); THIRD POINT (-1 : -1 : -1 : 1) — CM disc -84
X_0(570)* -> X_0(114)*: D = -276: CM points |--> Q = (0 : 1 : 0); THIRD POINT (1 : 0 : 0 : 0) — cusp
X_0(570)* -> X_0(114)*: D = -456: CM points |--> Q = (0 : 1 : 1); THIRD POINT (-1/2 : -1/2 : -1 : 1) — CM disc -15
X_0(570)* -> X_0(114)*: D = -564: CM points |--> Q = (2 : 1 : 1); THIRD POINT (1/2 : -1/2 : 1 : 0) — CM disc -240
X_0(570)* -> X_0(114)*: D = -3480: CM points |--> Q = (-1 : -2 : 1); THIRD POINT (-1/3 : 1/3 : -2/3 : 1) — CM disc -420
X_0(798)* -> X_0(114)*: D = -192: CM points |--> Q = (0 : -2 : 1); THIRD POINT (-1/3 : 1/3 : -4/3 : -4/3 : 1) — CM disc -12
X_0(798)* -> X_0(114)*: D = -276: CM points |--> Q = (0 : 1 : 0); THIRD POINT (1 : 0 : 0 : 0 : 0) — cusp
X_0(798)* -> X_0(114)*: D = -504: CM points |--> Q = (1 : -1 : 1); THIRD POINT (0 : 0 : -1 : -2 : 1) — CM disc -132
X_0(798)* -> X_0(114)*: D = -1140: CM points |--> Q = (-1 : -2 : 1); THIRD POINT (0 : 0 : -2 : -1 : 1) — CM disc -420
X_0(798)* -> X_0(114)*: D = -2280: CM points |--> Q = (1 : 0 : 1); THIRD POINT (1 : 0 : 2 : 1 : 0) — CM disc -84
X_0(870)* -> X_0(174)*: D = -80: CM points |--> Q = (1 : 0 : 1); THIRD POINT (3 : -1 : 2 : -1 : 2 : -1 : 1) — CM disc -840
X_0(870)* -> X_0(174)*: D = -96: CM points |--> Q = (1 : -1 : 1); THIRD POINT (0 : 0 : 0 : 1 : -1 : 1 : 0) — CM disc -36
X_0(870)* -> X_0(174)*: D = -260: CM points |--> Q = (0 : -1 : 1); THIRD POINT (0 : 1/2 : -1/2 : 1 : -1/2 : -1/2 : 1) — CM disc -660
X_0(870)* -> X_0(174)*: D = -564: CM points |--> Q = (2 : -3 : 1); THIRD POINT (0 : 1 : 1 : 2 : -1 : 1 : 0) — CM disc -180
X_0(870)* -> X_0(174)*: D = -1140: CM points |--> Q = (0 : 1 : 0); THIRD POINT (1 : 0 : 0 : 0 : 0 : 0 : 0) — cusp
X_0(870)* -> X_0(174)*: D = -2436: CM points |--> Q = (-1 : 0 : 1); THIRD POINT (0 : 1 : 1 : -1 : 2 : 1 : 0) — CM disc -20
X_0(870)* -> X_0(174)*: D = -2760: CM points |--> Q = (-1 : 1 : 1); THIRD POINT (1 : 1 : 2 : 0 : 2 : 1 : 1) — CM disc -24
X_0(910)* -> X_0(182)*: D = -55: CM points |--> Q = (0 : -1 : 1); THIRD POINT (1 : 0 : 1 : -1 : 1) — CM disc -420
X_0(910)* -> X_0(182)*: D = -56: CM points |--> Q = (1 : 1 : 1); THIRD POINT (-2 : 2 : -2 : 2 : 1) — CM disc -5460
X_0(910)* -> X_0(182)*: D = -196: CM points |--> Q = (0 : 1 : 0); THIRD POINT (1 : 0 : 0 : 0 : 0) — cusp
X_0(910)* -> X_0(182)*: D = -504: CM points |--> Q = (1 : -2 : 1); THIRD POINT (1 : 2 : 1 : 2 : 1) — CM disc -40
X_0(570)* -> X_0(190)*: RATIONAL-POINT fiber |--> Q = (-1 : 0 : 1); RESIDUAL POINT (1/3 : -1/3 : -1/3 : 1) — CM disc -660  (partner of known point (-1/2 : -1/2 : -1 : 1) [CM disc -15])
X_0(570)* -> X_0(190)*: RATIONAL-POINT fiber |--> Q = (-1 : 0 : 1); RESIDUAL POINT (1/2 : -1/2 : 1 : 0) — CM disc -240  (partner of known point (-1/2 : -1/2 : -1 : 1) [CM disc -15])
X_0(570)* -> X_0(190)*: RATIONAL-POINT fiber |--> Q = (-1 : 0 : 1); RESIDUAL POINT (1/3 : -1/3 : -1/3 : 1) — CM disc -660  (partner of known point (1/2 : -1/2 : 1 : 0) [CM disc -240])
X_0(570)* -> X_0(190)*: D = -56: CM points |--> Q = (0 : 1 : 0); THIRD POINT (1 : 0 : 0 : 0) — cusp
X_0(570)* -> X_0(190)*: D = -260: CM points |--> Q = (1 : -3 : 1); THIRD POINT (3 : 2 : 1 : 1) — CM disc -1380
X_0(570)* -> X_0(190)*: D = -564: CM points |--> Q = (-1 : 1 : 1); THIRD POINT (-1 : -1 : -1 : 1) — CM disc -84
X_0(462)* -> X_0(231)*: RATIONAL-POINT fiber |--> Q = (4 : 8 : 1); RESIDUAL POINT (1 : 0 : 1) — CM disc -24  (partner of known point (-2 : 1 : 0) [CM disc -132])
X_0(462)* -> X_0(231)*: D = -63: CM points |--> Q = (2 : 3 : 1); THIRD POINT (1 : -1 : 1) — CM disc -420
X_0(462)* -> X_0(231)*: D = -68: CM points |--> Q = (0 : 1 : 0); THIRD POINT (1 : 0 : 0) — cusp
X_0(462)* -> X_0(231)*: D = -308: CM points |--> Q = (0 : 0 : 1); THIRD POINT (2 : 1 : 0) — CM disc -84
X_0(285)* -> X_0(57)*: D = -84: CM points |--> Q = (2 : 1 : 1); THIRD POINT (-3/2 : 57/16 : 1) — CM disc -1995
X_0(285)* -> X_0(57)*: D = -171: CM points |--> Q = (0 : 1 : 0); THIRD POINT (1 : -1/2 : 0) — cusp
X_0(285)* -> X_0(57)*: D = -219: CM points |--> Q = (5/4 : -7/8 : 1); THIRD POINT (-3/2 : -57/16 : 1) — NOT CM (exceptional)
X_0(285)* -> X_0(57)*: D = -456: CM points |--> Q = (1 : -1 : 1); THIRD POINT (-1 : -2 : 1) — CM disc -15
X_0(285)* -> X_0(57)*: D = -2451: CM points |--> Q = (11 : -35 : 1); THIRD POINT (3 : 12 : 1) — CM disc -240
X_0(310)* -> X_0(155)*: RATIONAL-POINT fiber |--> Q = (19 : 80 : 1); RESIDUAL POINT (6 : -2 : 1) — NOT CM (exceptional)  (partner of known point (2 : -1/2 : 1) [CM disc -520])
X_0(310)* -> X_0(155)*: RATIONAL-POINT fiber |--> Q = (1 : 0 : 1); RESIDUAL POINT (0 : 0 : 1) — CM disc -60  (partner of known point (1 : 1/2 : 1) [CM disc -120])
X_0(310)* -> X_0(155)*: RATIONAL-POINT fiber |--> Q = (1 : 0 : 1); RESIDUAL POINT (0 : 1 : 0) — CM disc -24  (partner of known point (1 : 1/2 : 1) [CM disc -120])
X_0(310)* -> X_0(155)*: RATIONAL-POINT fiber |--> Q = (1 : 0 : 1); RESIDUAL POINT (0 : 0 : 1) — CM disc -60  (partner of known point (0 : 1 : 0) [CM disc -24])
X_0(310)* -> X_0(155)*: D = -55: CM points |--> Q = (1 : -1 : 1); THIRD POINT (2 : 1 : 1) — CM disc -340
X_0(310)* -> X_0(155)*: D = -1540: CM points |--> Q = (-1 : 0 : 1); THIRD POINT (2 : 2 : 1) — CM disc -15
X_0(399)* -> X_0(57)*: RATIONAL-POINT fiber |--> Q = (4 : 6 : 1); RESIDUAL POINT (1 : 3/2 : 1 : 1) — CM disc -75  (partner of known point (5 : -3/2 : 1 : 0) [NOT CM (exceptional)])
X_0(399)* -> X_0(57)*: RATIONAL-POINT fiber |--> Q = (4 : 6 : 1); RESIDUAL POINT (-2 : 2 : 1 : 0) — CM disc -483  (partner of known point (5 : -3/2 : 1 : 0) [NOT CM (exceptional)])
X_0(399)* -> X_0(57)*: RATIONAL-POINT fiber |--> Q = (4 : 6 : 1); RESIDUAL POINT (1 : 3/2 : 1 : 1) — CM disc -75  (partner of known point (-2 : 2 : 1 : 0) [CM disc -483])
X_0(399)* -> X_0(57)*: D = -132: CM points |--> Q = (2 : -2 : 1); THIRD POINT (0 : 1 : 1/2 : 1) — CM disc -147
X_0(399)* -> X_0(57)*: D = -192: CM points |--> Q = (1 : 0 : 1); THIRD POINT (-1 : 0 : 1 : 0) — CM disc -48
X_0(399)* -> X_0(57)*: D = -363: CM points |--> Q = (2 : 1 : 1); THIRD POINT (3 : 1 : 2 : 1) — CM disc -1995
X_0(318)* -> 318c1: CUSP fiber |--> Q = (0 : 1 : 0); RESIDUAL POINT (0 : 0 : 1) — CM disc -36
X_0(318)* -> 318c1: CUSP fiber |--> Q = (0 : 1 : 0); RESIDUAL POINT (0 : 1 : 0) — CM disc -168
X_0(318)* -> 318c1: RATIONAL-POINT fiber |--> Q = (1 : 0 : 1); RESIDUAL POINT (2 : 0 : 1) — CM disc -312  (partner of known point (0 : -1 : 1) [CM disc -24])
X_0(318)* -> 318c1: RATIONAL-POINT fiber |--> Q = (5 : 11 : 1); RESIDUAL POINT (-1 : -2 : 1) — CM disc -15  (partner of known point (8 : -2 : 1) [NOT CM (exceptional)])
X_0(318)* -> 318c1: RATIONAL-POINT fiber |--> Q = (1 : -1 : 1); RESIDUAL POINT (0 : -2 : 1) — CM disc -228  (partner of known point (1 : 0 : 1) [CM disc -60])
X_0(318)* -> 318c1: RATIONAL-POINT fiber |--> Q = (5 : -16 : 1); RESIDUAL POINT (2 : 1 : 1) — CM disc -372  (partner of known point (2 : -8 : 1) [CM disc -408])
X_0(318)* -> 318c1: RATIONAL-POINT fiber |--> Q = (0 : 1 : 0); RESIDUAL POINT (0 : 0 : 1) — CM disc -36  (partner of known point (1 : 0 : 0) [cusp])
X_0(318)* -> 318c1: RATIONAL-POINT fiber |--> Q = (0 : 1 : 0); RESIDUAL POINT (0 : 1 : 0) — CM disc -168  (partner of known point (1 : 0 : 0) [cusp])
X_0(318)* -> 318c1: RATIONAL-POINT fiber |--> Q = (0 : 1 : 0); RESIDUAL POINT (0 : 0 : 1) — CM disc -36  (partner of known point (0 : 1 : 0) [CM disc -168])
X_0(430)* -> 430a1: RATIONAL-POINT fiber |--> Q = (1 : 4 : 1); RESIDUAL POINT (-3 : -2 : 1) — CM disc -340  (partner of known point (1 : 1 : 1) [CM disc -20])
X_0(430)* -> 430a1: RATIONAL-POINT fiber |--> Q = (3/4 : 37/8 : 1); RESIDUAL POINT (3/4 : 1/2 : 1) — NOT CM (exceptional)  (partner of known point (1 : 1 : 0) [CM disc -280])
X_0(430)* -> 430a1: D = -80: CM points |--> Q = (3 : -2 : 1); THIRD POINT (1 : 0 : 1) — CM disc -120
X_0(430)* -> 430a1: D = -220: CM points |--> Q = (3 : -1 : 1); THIRD POINT (-2 : 1 : 0) — CM disc -760
X_0(154)* -> 154a1: RATIONAL-POINT fiber |--> Q = (2 : 3 : 1); RESIDUAL POINT (2 : 0 : 1) — CM disc -84  (partner of known point (0 : -2 : 1) [CM disc -24])
X_0(154)* -> 154a1: RATIONAL-POINT fiber |--> Q = (2 : 3 : 1); RESIDUAL POINT (0 : 2 : 1) — CM disc -52  (partner of known point (0 : -2 : 1) [CM disc -24])
X_0(154)* -> 154a1: RATIONAL-POINT fiber |--> Q = (2 : 3 : 1); RESIDUAL POINT (2 : 0 : 1) — CM disc -84  (partner of known point (0 : 2 : 1) [CM disc -52])
X_0(154)* -> 154a1: RATIONAL-POINT fiber |--> Q = (3 : 0 : 1); RESIDUAL POINT (-1 : 56 : 3) — CM disc -112  (partner of known point (1 : -4 : 1) [CM disc -7])
X_0(154)* -> 154a1: RATIONAL-POINT fiber |--> Q = (-5/9 : 256/27 : 1); RESIDUAL POINT (-1 : -56 : 3) — NOT CM (exceptional)  (partner of known point (1 : 4 : 1) [CM disc -28])
X_0(154)* -> 154a1: D = -220: CM points |--> Q = (5 : 3 : 1); THIRD POINT (-3 : 77 : 2) — CM disc -1540
X_0(154)* -> 154a1: D = -252: CM points |--> Q = (0 : 1 : 0); THIRD POINT (1 : -1 : 0) — cusp
X_0(285)* -> 285b1: CUSP fiber |--> Q = (0 : 1 : 0); RESIDUAL POINT (0 : 0 : 1) — CM disc -75
X_0(285)* -> 285b1: CUSP fiber |--> Q = (0 : 1 : 0); RESIDUAL POINT (1 : 1/2 : 0) — CM disc -51
X_0(285)* -> 285b1: RATIONAL-POINT fiber |--> Q = (0 : 1 : 0); RESIDUAL POINT (0 : 0 : 1) — CM disc -75  (partner of known point (1 : -1/2 : 0) [cusp])
X_0(285)* -> 285b1: RATIONAL-POINT fiber |--> Q = (0 : 1 : 0); RESIDUAL POINT (1 : 1/2 : 0) — CM disc -51  (partner of known point (1 : -1/2 : 0) [cusp])
X_0(285)* -> 285b1: RATIONAL-POINT fiber |--> Q = (0 : 1 : 0); RESIDUAL POINT (0 : 0 : 1) — CM disc -75  (partner of known point (1 : 1/2 : 0) [CM disc -51])
X_0(285)* -> 285b1: RATIONAL-POINT fiber |--> Q = (6 : -19 : 1); RESIDUAL POINT (3 : -12 : 1) — NOT CM (exceptional)  (partner of known point (-1 : -2 : 1) [CM disc -15])
X_0(285)* -> 285b1: RATIONAL-POINT fiber |--> Q = (6 : 13 : 1); RESIDUAL POINT (3 : 12 : 1) — CM disc -240  (partner of known point (-1 : 2 : 1) [CM disc -60])
X_0(286)* -> 286c1: D = -156: CM points |--> Q = (0 : 1 : 0); THIRD POINT (1 : -1/2 : 0) — cusp
X_0(286)* -> 286c1: D = -208: CM points |--> Q = (3 : -1 : 1); THIRD POINT (-1 : 2 : 1) — CM disc -88
X_0(286)* -> 286c1: D = -220: CM points |--> Q = (15/4 : -37/8 : 1); THIRD POINT (5/2 : 143/16 : 1) — NOT CM (exceptional)
X_0(237)* -> X_0(79)*: CUSP fiber |--> Q = (0 : 1 : 0); RESIDUAL POINT (3 : 1 : 1 : 1 : 1) — CM disc -24
X_0(237)* -> X_0(79)*: CUSP fiber |--> Q = (0 : 1 : 0); RESIDUAL POINT (3 : 1 : 1 : 1 : 1) — CM disc -24
X_0(237)* -> X_0(79)*: RATIONAL-POINT fiber |--> Q = (1 : -2 : 1); RESIDUAL POINT (3 : 0 : 2 : 0 : 1) — CM disc -12  (partner of known point (5 : 4 : 2 : 2 : 1) [CM disc -48])
X_0(237)* -> X_0(79)*: RATIONAL-POINT fiber |--> Q = (0 : 1 : 0); RESIDUAL POINT (1 : 0 : 0 : 0 : 0) — cusp  (partner of known point (3 : 1 : 1 : 1 : 1) [CM disc -24])
X_0(237)* -> X_0(79)*: RATIONAL-POINT fiber |--> Q = (-2 : 0 : 1); RESIDUAL POINT (1 : 0 : 0 : 1 : 1) — CM disc -75  (partner of known point (1 : 1 : 2 : 0 : 1) [CM disc -147])
X_0(237)* -> X_0(79)*: RATIONAL-POINT fiber |--> Q = (-2 : 0 : 1); RESIDUAL POINT (-1/2 : 3/2 : 3/2 : -1/2 : 1) — CM disc -267  (partner of known point (1 : 1 : 2 : 0 : 1) [CM disc -147])
X_0(237)* -> X_0(79)*: RATIONAL-POINT fiber |--> Q = (-2 : 0 : 1); RESIDUAL POINT (-1/2 : 3/2 : 3/2 : -1/2 : 1) — CM disc -267  (partner of known point (1 : 0 : 0 : 1 : 1) [CM disc -75])
X_0(237)* -> X_0(79)*: D = -35: CM points |--> Q = (0 : 0 : 1); THIRD POINT (1 : 1 : 1 : 1 : 0) — CM disc -27
X_0(237)* -> X_0(79)*: D = -312: CM points |--> Q = (-2 : 1 : 1); THIRD POINT (2 : 1 : 2 : 1/2 : 1) — CM disc -60
X_0(237)* -> X_0(79)*: D = -363: CM points |--> Q = (0 : -1 : 1); THIRD POINT (2 : 2 : 2 : 1 : 0) — CM disc -15
X_0(393)* -> X_0(131)*: D = -32: CM points |--> Q = (0 : 0 : 1); THIRD POINT (1 : 0 : 1 : 1 : 0) — CM disc -24
X_0(393)* -> X_0(131)*: D = -120: CM points |--> Q = (0 : -1 : 1); THIRD POINT (1 : 1 : 1 : 1 : 0) — CM disc -51
X_0(393)* -> X_0(131)*: D = -219: CM points |--> Q = (0 : 1 : 0); THIRD POINT (1 : 0 : 0 : 0 : 0) — cusp
X_0(393)* -> X_0(131)*: D = -4323: CM points |--> Q = (2 : 2 : 1); THIRD POINT (2 : 1 : 2 : 1 : 1) — CM disc -8
X_0(465)* -> X_0(155)*: CUSP fiber |--> Q = (0 : 1 : 0); RESIDUAL POINT (1 : 1 : 0 : 0 : 1) — CM disc -75
X_0(465)* -> X_0(155)*: CUSP fiber |--> Q = (0 : 1 : 0); RESIDUAL POINT (1 : 1 : 0 : 0 : 1) — CM disc -75
X_0(465)* -> X_0(155)*: RATIONAL-POINT fiber |--> Q = (0 : 1 : 0); RESIDUAL POINT (1 : 0 : 0 : 0 : 0) — cusp  (partner of known point (1 : 1 : 0 : 0 : 1) [CM disc -75])
X_0(465)* -> X_0(155)*: RATIONAL-POINT fiber |--> Q = (1 : 0 : 1); RESIDUAL POINT (2 : 1 : 2 : 1 : 1) — CM disc -120  (partner of known point (0 : 0 : 0 : 0 : 1) [CM disc -24])
X_0(465)* -> X_0(155)*: RATIONAL-POINT fiber |--> Q = (1 : 0 : 1); RESIDUAL POINT (1/2 : -1/2 : 1/2 : -1/2 : 1) — CM disc -240  (partner of known point (0 : 0 : 0 : 0 : 1) [CM disc -24])
X_0(465)* -> X_0(155)*: RATIONAL-POINT fiber |--> Q = (1 : 0 : 1); RESIDUAL POINT (2 : 1 : 2 : 1 : 1) — CM disc -120  (partner of known point (1/2 : -1/2 : 1/2 : -1/2 : 1) [CM disc -240])
X_0(465)* -> X_0(155)*: D = -155: CM points |--> Q = (-1 : 0 : 1); THIRD POINT (1 : -1 : 1 : 1 : 0) — CM disc -15
X_0(465)* -> X_0(155)*: D = -291: CM points |--> Q = (-1 : -1 : 1); THIRD POINT (1 : 0 : 1 : 1 : 0) — CM disc -11
X_0(574)* -> 574a1: RATIONAL-POINT fiber |--> Q = (-1 : 0 : 1); RESIDUAL POINT (0 : -1 : 0 : -1 : 1) — CM disc -40  (partner of known point (0 : -1 : 1 : 0 : 1) [CM disc -20])
X_0(574)* -> 574a1: RATIONAL-POINT fiber |--> Q = (-1 : 0 : 1); RESIDUAL POINT (-1 : -1 : 1 : -1 : 1) — CM disc -168  (partner of known point (0 : -1 : 1 : 0 : 1) [CM disc -20])
X_0(574)* -> 574a1: RATIONAL-POINT fiber |--> Q = (-1 : 0 : 1); RESIDUAL POINT (-1 : -1 : 1 : -1 : 1) — CM disc -168  (partner of known point (0 : -1 : 0 : -1 : 1) [CM disc -40])
X_0(574)* -> 574a1: D = -196: CM points |--> Q = (0 : 1 : 0); THIRD POINT (1 : 0 : 0 : 0 : 0) — cusp
X_0(574)* -> 574a1: D = -420: CM points |--> Q = (-1 : 1 : 1); THIRD POINT (0 : -2 : 0 : -1 : 1) — CM disc -84
X_0(574)* -> 574a1: D = -1540: CM points |--> Q = (3 : -7 : 1); THIRD POINT (4 : 2 : 2 : 1 : 1) — CM disc -532
X_0(163)* -> 163a1: CUSP fiber |--> Q = (0 : 1 : 0); RESIDUAL POINT (7 : 5 : 3 : 2 : 1 : 1) — CM disc -11
X_0(163)* -> 163a1: CUSP fiber |--> Q = (0 : 1 : 0); RESIDUAL POINT (3 : 3 : 2 : 1 : 0 : 1) — CM disc -12
X_0(163)* -> 163a1: RATIONAL-POINT fiber |--> Q = (0 : 1 : 0); RESIDUAL POINT (7 : 5 : 3 : 2 : 1 : 1) — CM disc -11  (partner of known point (1 : 0 : 0 : 0 : 0 : 0) [cusp])
X_0(163)* -> 163a1: RATIONAL-POINT fiber |--> Q = (0 : 1 : 0); RESIDUAL POINT (3 : 3 : 2 : 1 : 0 : 1) — CM disc -12  (partner of known point (1 : 0 : 0 : 0 : 0 : 0) [cusp])
X_0(163)* -> 163a1: RATIONAL-POINT fiber |--> Q = (0 : 1 : 0); RESIDUAL POINT (7 : 5 : 3 : 2 : 1 : 1) — CM disc -11  (partner of known point (3 : 3 : 2 : 1 : 0 : 1) [CM disc -12])
X_0(163)* -> 163a1: RATIONAL-POINT fiber |--> Q = (1 : -1 : 1); RESIDUAL POINT (11 : 8 : 5 : 3 : 1 : 1) — CM disc -27  (partner of known point (9 : 7 : 4 : 3 : 1 : 1) [CM disc -7])
X_0(163)* -> 163a1: RATIONAL-POINT fiber |--> Q = (1 : -1 : 1); RESIDUAL POINT (5 : 3 : 2 : 1 : 1 : 0) — CM disc -8  (partner of known point (9 : 7 : 4 : 3 : 1 : 1) [CM disc -7])
X_0(163)* -> 163a1: RATIONAL-POINT fiber |--> Q = (1 : -1 : 1); RESIDUAL POINT (11 : 8 : 5 : 3 : 1 : 1) — CM disc -27  (partner of known point (5 : 3 : 2 : 1 : 1 : 0) [CM disc -8])
X_0(163)* -> 163a1: D = -20: CM points |--> Q = (1 : 0 : 1); THIRD POINT (1 : 0 : 1 : 0 : 0 : 0) — CM disc -19
X_0(163)* -> 163a1: D = -75: CM points |--> Q = (-1 : -2 : 1); THIRD POINT (2 : 2 : 1 : 0 : 1 : 0) — CM disc -67
X_0(163)* -> 163a1: D = -235: CM points |--> Q = (-1 : 1 : 1); THIRD POINT (1 : 1 : 2 : 1 : -1 : 1) — CM disc -28
X_0(269)* -> 269a1: RATIONAL-POINT fiber |--> Q = (-1 : -1 : 1); RESIDUAL POINT (3 : 2 : 3 : 1 : 1 : 1) — CM disc -67  (partner of known point (5 : 3 : 3 : 1 : 2 : 1) [CM disc -11])
X_0(269)* -> 269a1: RATIONAL-POINT fiber |--> Q = (-1 : -1 : 1); RESIDUAL POINT (3 : 2 : 1 : 1 : 1 : 1) — CM disc -43  (partner of known point (5 : 3 : 3 : 1 : 2 : 1) [CM disc -11])
X_0(269)* -> 269a1: RATIONAL-POINT fiber |--> Q = (-1 : -1 : 1); RESIDUAL POINT (3 : 2 : 3 : 1 : 1 : 1) — CM disc -67  (partner of known point (3 : 2 : 1 : 1 : 1 : 1) [CM disc -43])
X_0(269)* -> 269a1: D = -24: CM points |--> Q = (0 : 1 : 0); THIRD POINT (1 : 0 : 0 : 0 : 0 : 0) — cusp
X_0(269)* -> 269a1: D = -64: CM points |--> Q = (-1 : 0 : 1); THIRD POINT (3 : 1 : 1 : 1 : 1 : 1) — CM disc -16
X_0(274)* -> 274c1: CUSP fiber |--> Q = (0 : 1 : 0); RESIDUAL POINT (1 : 0 : 1 : 1 : 1 : 0) — CM disc -28
X_0(274)* -> 274c1: CUSP fiber |--> Q = (0 : 1 : 0); RESIDUAL POINT (3 : 2 : 3 : 1 : 1 : 0) — CM disc -7
X_0(274)* -> 274c1: RATIONAL-POINT fiber |--> Q = (0 : 1 : 0); RESIDUAL POINT (3 : 2 : 3 : 1 : 1 : 0) — CM disc -7  (partner of known point (1 : 0 : 1 : 1 : 1 : 0) [CM disc -28])
X_0(274)* -> 274c1: RATIONAL-POINT fiber |--> Q = (0 : 1 : 0); RESIDUAL POINT (1 : 0 : 0 : 0 : 0 : 0) — cusp  (partner of known point (1 : 0 : 1 : 1 : 1 : 0) [CM disc -28])
X_0(274)* -> 274c1: RATIONAL-POINT fiber |--> Q = (0 : 1 : 0); RESIDUAL POINT (3 : 2 : 3 : 1 : 1 : 0) — CM disc -7  (partner of known point (1 : 0 : 0 : 0 : 0 : 0) [cusp])
X_0(274)* -> 274c1: RATIONAL-POINT fiber |--> Q = (-1 : 0 : 1); RESIDUAL POINT (2 : 1 : 2 : 0 : 1 : 0) — CM disc -16  (partner of known point (5 : 1 : 3 : 1 : 1 : 1) [CM disc -100])
X_0(274)* -> 274c1: RATIONAL-POINT fiber |--> Q = (-1 : 0 : 1); RESIDUAL POINT (4 : 1 : 3 : 0 : 1 : 1) — CM disc -8  (partner of known point (5 : 1 : 3 : 1 : 1 : 1) [CM disc -100])
X_0(274)* -> 274c1: RATIONAL-POINT fiber |--> Q = (-1 : 0 : 1); RESIDUAL POINT (4 : 1 : 3 : 0 : 1 : 1) — CM disc -8  (partner of known point (2 : 1 : 2 : 0 : 1 : 0) [CM disc -16])
X_0(274)* -> 274c1: D = -56: CM points |--> Q = (0 : 0 : 1); THIRD POINT (5 : 3 : 3 : 1 : 2 : 1) — CM disc -36
X_0(274)* -> 274c1: D = -60: CM points |--> Q = (-1 : 1 : 1); THIRD POINT (2 : 1 : 1 : 0 : 1 : 0) — CM disc -88
X_0(274)* -> 274c1: D = -196: CM points |--> Q = (2 : -2 : 1); THIRD POINT (7 : -1 : 3 : -1 : 2 : 1) — CM disc -148
X_0(274)* -> 274c1: D = -532: CM points |--> Q = (2 : 0 : 1); THIRD POINT (13 : 7 : 9 : 3 : 4 : 1) — CM disc -72
X_0(291)* -> 291c1: CUSP fiber |--> Q = (0 : 1 : 0); RESIDUAL POINT (3 : 2 : 1 : 1 : 1 : 0) — CM disc -75
X_0(291)* -> 291c1: CUSP fiber |--> Q = (0 : 1 : 0); RESIDUAL POINT (-1 : 0 : 1 : 0 : -1 : 1) — CM disc -8
X_0(291)* -> 291c1: RATIONAL-POINT fiber |--> Q = (0 : 1 : 0); RESIDUAL POINT (3 : 2 : 1 : 1 : 1 : 0) — CM disc -75  (partner of known point (1 : 0 : 0 : 0 : 0 : 0) [cusp])
X_0(291)* -> 291c1: RATIONAL-POINT fiber |--> Q = (0 : 1 : 0); RESIDUAL POINT (-1 : 0 : 1 : 0 : -1 : 1) — CM disc -8  (partner of known point (1 : 0 : 0 : 0 : 0 : 0) [cusp])
X_0(291)* -> 291c1: RATIONAL-POINT fiber |--> Q = (0 : -1 : 1); RESIDUAL POINT (1 : 1 : 2 : 1 : 0 : 1) — CM disc -48  (partner of known point (1 : 1 : 2 : 0 : 0 : 1) [CM disc -27])
X_0(291)* -> 291c1: RATIONAL-POINT fiber |--> Q = (0 : -1 : 1); RESIDUAL POINT (1 : -1 : 2 : -1 : 0 : 1) — CM disc -12  (partner of known point (1 : 1 : 2 : 0 : 0 : 1) [CM disc -27])
X_0(291)* -> 291c1: RATIONAL-POINT fiber |--> Q = (0 : -1 : 1); RESIDUAL POINT (1 : 1 : 2 : 1 : 0 : 1) — CM disc -48  (partner of known point (1 : -1 : 2 : -1 : 0 : 1) [CM disc -12])
X_0(291)* -> 291c1: RATIONAL-POINT fiber |--> Q = (0 : 1 : 0); RESIDUAL POINT (3 : 2 : 1 : 1 : 1 : 0) — CM disc -75  (partner of known point (-1 : 0 : 1 : 0 : -1 : 1) [CM disc -8])
X_0(291)* -> 291c1: D = -96: CM points |--> Q = (0 : 0 : 1); THIRD POINT (1 : 0 : 1 : 0 : 0 : 1) — CM disc -11
X_0(291)* -> 291c1: D = -192: CM points |--> Q = (-2 : -1 : 1); THIRD POINT (1 : -3 : 2 : 2 : -2 : 1) — CM disc -267
X_0(291)* -> 291c1: D = -195: CM points |--> Q = (1 : -1 : 1); THIRD POINT (-1/2 : 3/2 : 1/2 : 1/2 : -1/2 : 1) — CM disc -147
X_0(291)* -> 291c1: D = -507: CM points |--> Q = (-2 : 2 : 1); THIRD POINT (4 : 3 : 2 : 2 : 1 : 1) — CM disc -24
X_0(202)* -> X_0(101)*: CUSP fiber |--> Q = (0 : 1 : 0); RESIDUAL POINT (2 : 1 : 1 : 0) — CM disc -24
X_0(202)* -> X_0(101)*: CUSP fiber |--> Q = (0 : 1 : 0); RESIDUAL POINT (2 : -1 : 1 : 0) — CM disc -148
X_0(202)* -> X_0(101)*: RATIONAL-POINT fiber |--> Q = (0 : 1 : 0); RESIDUAL POINT (2 : 1 : 1 : 0) — CM disc -24  (partner of known point (2 : -1 : 1 : 0) [CM disc -148])
X_0(202)* -> X_0(101)*: RATIONAL-POINT fiber |--> Q = (0 : 1 : 0); RESIDUAL POINT (1 : 0 : 0 : 0) — cusp  (partner of known point (2 : -1 : 1 : 0) [CM disc -148])
X_0(202)* -> X_0(101)*: RATIONAL-POINT fiber |--> Q = (0 : 1 : 0); RESIDUAL POINT (2 : 1 : 1 : 0) — CM disc -24  (partner of known point (1 : 0 : 0 : 0) [cusp])
X_0(202)* -> X_0(101)*: RATIONAL-POINT fiber |--> Q = (-1 : -1 : 1); RESIDUAL POINT (4 : 1 : 2 : 1) — CM disc -16  (partner of known point (3 : 0 : 1 : 1) [CM disc -52])
X_0(202)* -> X_0(101)*: RATIONAL-POINT fiber |--> Q = (1 : 0 : 1); RESIDUAL POINT (1 : 1 : 1 : 1) — CM disc -88  (partner of known point (10 : 4 : 4 : 1) [CM disc -232])
X_0(202)* -> X_0(101)*: D = -196: CM points |--> Q = (-1 : 0 : 1); THIRD POINT (3 : 1 : 1 : 1) — CM disc -20
X_0(202)* -> X_0(101)*: D = -408: CM points |--> Q = (1 : -1 : 1); THIRD POINT (1 : 0 : 1 : 1) — CM disc -36
X_0(249)* -> X_0(83)*: D = -20: CM points |--> Q = (0 : 1 : 0); THIRD POINT (1 : 0 : 0) — cusp
X_0(249)* -> X_0(83)*: D = -32: CM points |--> Q = (1 : -3 : 1); THIRD POINT (2 : 2 : 1) — CM disc -267
X_0(249)* -> X_0(83)*: D = -35: CM points |--> Q = (0 : -1 : 1); THIRD POINT (0 : 1 : 0) — CM disc -24
X_0(249)* -> X_0(83)*: D = -240: CM points |--> Q = (0 : 0 : 1); THIRD POINT (1 : 1 : 1) — CM disc -15
X_0(262)* -> X_0(131)*: CUSP fiber |--> Q = (0 : 1 : 0); RESIDUAL POINT (1 : 0 : 1 : 0) — CM disc -40
X_0(262)* -> X_0(131)*: CUSP fiber |--> Q = (0 : 1 : 0); RESIDUAL POINT (1 : 0 : 1 : 0) — CM disc -40
X_0(262)* -> X_0(131)*: RATIONAL-POINT fiber |--> Q = (0 : 1 : 0); RESIDUAL POINT (1 : 0 : 1 : 0) — CM disc -40  (partner of known point (1 : 0 : 0 : 0) [cusp])
X_0(262)* -> X_0(131)*: RATIONAL-POINT fiber |--> Q = (2 : 2 : 1); RESIDUAL POINT (3 : 1 : 2 : 1) — CM disc -8  (partner of known point (1 : 1 : 1 : 1) [CM disc -88])
X_0(262)* -> X_0(131)*: D = -280: CM points |--> Q = (0 : 0 : 1); THIRD POINT (3 : 1 : 1 : 1) — CM disc -24
X_0(262)* -> X_0(131)*: D = -292: CM points |--> Q = (0 : -1 : 1); THIRD POINT (5 : 2 : 2 : 1) — CM disc -148
X_0(267)* -> X_0(89)*: D = -20: CM points |--> Q = (0 : 0 : 1); THIRD POINT (0 : 1 : 0 : 1) — CM disc -123
X_0(267)* -> X_0(89)*: D = -32: CM points |--> Q = (-1 : 1 : 1); THIRD POINT (0 : 0 : 0 : 1) — CM disc -11
X_0(267)* -> X_0(89)*: D = -84: CM points |--> Q = (0 : 1 : 0); THIRD POINT (1 : 0 : 0 : 0) — cusp
X_0(267)* -> X_0(89)*: D = -555: CM points |--> Q = (-1 : -1 : 1); THIRD POINT (1 : 1 : 1 : 0) — CM disc -8
X_0(282)* -> X_0(141)*: RATIONAL-POINT fiber |--> Q = (0 : -1 : 1); RESIDUAL POINT (1 : 0 : 1) — CM disc -20  (partner of known point (2 : 0 : 1) [CM disc -132])
X_0(282)* -> X_0(141)*: RATIONAL-POINT fiber |--> Q = (2 : 1 : 1); RESIDUAL POINT (3 : 2 : 1) — CM disc -228  (partner of known point (0 : 2 : 1) [CM disc -312])
X_0(282)* -> X_0(141)*: RATIONAL-POINT fiber |--> Q = (2 : 1 : 1); RESIDUAL POINT (-1 : 0 : 1) — CM disc -120  (partner of known point (0 : 2 : 1) [CM disc -312])
X_0(282)* -> X_0(141)*: RATIONAL-POINT fiber |--> Q = (2 : 1 : 1); RESIDUAL POINT (3 : 2 : 1) — CM disc -228  (partner of known point (-1 : 0 : 1) [CM disc -120])
X_0(282)* -> X_0(141)*: D = -39: CM points |--> Q = (0 : 1 : 0); THIRD POINT (1 : 0 : 0) — cusp
X_0(282)* -> X_0(141)*: D = -456: CM points |--> Q = (0 : 0 : 1); THIRD POINT (2 : 1 : 1) — CM disc -60
X_0(282)* -> X_0(141)*: D = -1092: CM points |--> Q = (2 : -2 : 1); THIRD POINT (0 : -1 : 1) — CM disc -15
X_0(305)* -> X_0(61)*: D = -36: CM points |--> Q = (0 : -1 : 1); THIRD POINT (0 : 1 : 0 : 0) — CM disc -19
X_0(305)* -> X_0(61)*: D = -64: CM points |--> Q = (0 : 1 : 0); THIRD POINT (1 : 0 : 0 : 0) — cusp
X_0(305)* -> X_0(61)*: D = -80: CM points |--> Q = (1 : 0 : 1); THIRD POINT (0 : 0 : -1 : 1) — CM disc -15
X_0(305)* -> X_0(61)*: D = -180: CM points |--> Q = (0 : 1 : 1); THIRD POINT (0 : -1/2 : 0 : 1) — CM disc -235
X_0(354)* -> X_0(118)*: RATIONAL-POINT fiber |--> Q = (-1 : 1 : 1); RESIDUAL POINT (1/2 : -1/2 : 1/2 : 1) — CM disc -408  (partner of known point (1 : 1 : 1 : 0) [CM disc -24])
X_0(354)* -> X_0(118)*: RATIONAL-POINT fiber |--> Q = (-1 : 1 : 1); RESIDUAL POINT (-1 : 1 : -1 : 1) — CM disc -132  (partner of known point (1 : 1 : 1 : 0) [CM disc -24])
X_0(354)* -> X_0(118)*: RATIONAL-POINT fiber |--> Q = (-1 : 1 : 1); RESIDUAL POINT (1/2 : -1/2 : 1/2 : 1) — CM disc -408  (partner of known point (-1 : 1 : -1 : 1) [CM disc -132])
X_0(354)* -> X_0(118)*: D = -32: CM points |--> Q = (-1 : 0 : 1); THIRD POINT (1 : 0 : 0 : 1) — CM disc -372
X_0(354)* -> X_0(118)*: D = -56: CM points |--> Q = (0 : -1 : 1); THIRD POINT (1 : 1 : 0 : 1) — CM disc -120
X_0(354)* -> X_0(118)*: D = -156: CM points |--> Q = (0 : 1 : 0); THIRD POINT (1 : 0 : 0 : 0) — cusp
X_0(354)* -> X_0(118)*: D = -564: CM points |--> Q = (0 : 1 : 1); THIRD POINT (-1 : -1 : 0 : 1) — CM disc -72
X_0(354)* -> X_0(118)*: D = -1092: CM points |--> Q = (2 : -5 : 1); THIRD POINT (-1 : 1 : 2 : 1) — CM disc -168
X_0(354)* -> X_0(118)*: D = -2832: CM points |--> Q = (3 : -8 : 1); THIRD POINT (-1 : 2 : 0 : 1) — CM disc -8
X_0(395)* -> X_0(79)*: D = -24: CM points |--> Q = (0 : 1 : 0); THIRD POINT (1 : 0 : 0 : 0) — cusp
X_0(395)* -> X_0(79)*: D = -91: CM points |--> Q = (0 : 0 : 1); THIRD POINT (1 : 1 : 1 : 1) — CM disc -35
X_0(395)* -> X_0(79)*: D = -120: CM points |--> Q = (0 : -1 : 1); THIRD POINT (0 : 0 : 1 : 0) — CM disc -15
X_0(426)* -> X_0(142)*: RATIONAL-POINT fiber |--> Q = (1 : -1 : 1); RESIDUAL POINT (-2 : 4/3 : -4/3 : 1) — CM disc -708  (partner of known point (3 : 3 : 2 : 1) [CM disc -408])
X_0(426)* -> X_0(142)*: RATIONAL-POINT fiber |--> Q = (1 : -1 : 1); RESIDUAL POINT (0 : -1 : 1 : 0) — CM disc -132  (partner of known point (3 : 3 : 2 : 1) [CM disc -408])
X_0(426)* -> X_0(142)*: RATIONAL-POINT fiber |--> Q = (1 : -1 : 1); RESIDUAL POINT (0 : -1 : 1 : 0) — CM disc -132  (partner of known point (-2 : 4/3 : -4/3 : 1) [CM disc -708])
X_0(426)* -> X_0(142)*: D = -56: CM points |--> Q = (-1 : 1 : 1); THIRD POINT (0 : 0 : 0 : 1) — CM disc -168
X_0(426)* -> X_0(142)*: D = -68: CM points |--> Q = (0 : 1 : 0); THIRD POINT (1 : 0 : 0 : 0) — cusp
X_0(426)* -> X_0(142)*: D = -156: CM points |--> Q = (-1 : 0 : 1); THIRD POINT (1 : 1 : 0 : 1) — CM disc -84
X_0(429)* -> X_0(143)*: RATIONAL-POINT fiber |--> Q = (2 : 0 : 1); RESIDUAL POINT (0 : 0 : 1) — CM disc -51  (partner of known point (4 : 2 : 1) [CM disc -627])
X_0(429)* -> X_0(143)*: RATIONAL-POINT fiber |--> Q = (2 : 0 : 1); RESIDUAL POINT (1 : -1 : 1) — CM disc -3003  (partner of known point (4 : 2 : 1) [CM disc -627])
X_0(429)* -> X_0(143)*: RATIONAL-POINT fiber |--> Q = (2 : 0 : 1); RESIDUAL POINT (1 : -1 : 1) — CM disc -3003  (partner of known point (0 : 0 : 1) [CM disc -51])
X_0(429)* -> X_0(143)*: D = -35: CM points |--> Q = (0 : 1 : 0); THIRD POINT (1 : 0 : 0) — cusp
X_0(201)* -> 201a1: CUSP fiber |--> Q = (0 : 1 : 0); RESIDUAL POINT (2 : 2 : 1 : 1) — CM disc -75
X_0(201)* -> 201a1: CUSP fiber |--> Q = (0 : 1 : 0); RESIDUAL POINT (1 : 1 : 0 : 1) — CM disc -8
X_0(201)* -> 201a1: RATIONAL-POINT fiber |--> Q = (0 : 1 : 0); RESIDUAL POINT (1 : 1 : 0 : 1) — CM disc -8  (partner of known point (2 : 2 : 1 : 1) [CM disc -75])
X_0(201)* -> 201a1: RATIONAL-POINT fiber |--> Q = (0 : 1 : 0); RESIDUAL POINT (1 : 0 : 0 : 0) — cusp  (partner of known point (2 : 2 : 1 : 1) [CM disc -75])
X_0(201)* -> 201a1: RATIONAL-POINT fiber |--> Q = (0 : 0 : 1); RESIDUAL POINT (1 : 1 : 1 : 0) — CM disc -11  (partner of known point (0 : 0 : 1 : 0) [CM disc -27])
X_0(201)* -> 201a1: RATIONAL-POINT fiber |--> Q = (0 : 0 : 1); RESIDUAL POINT (1 : -1 : 1 : 0) — CM disc -147  (partner of known point (0 : 0 : 1 : 0) [CM disc -27])
X_0(201)* -> 201a1: RATIONAL-POINT fiber |--> Q = (0 : 0 : 1); RESIDUAL POINT (1 : -1 : 1 : 0) — CM disc -147  (partner of known point (1 : 1 : 1 : 0) [CM disc -11])
X_0(201)* -> 201a1: RATIONAL-POINT fiber |--> Q = (0 : 1 : 0); RESIDUAL POINT (1 : 1 : 0 : 1) — CM disc -8  (partner of known point (1 : 0 : 0 : 0) [cusp])
X_0(201)* -> 201a1: D = -168: CM points |--> Q = (1 : -2 : 1); THIRD POINT (0 : 1 : 1 : 1) — CM disc -51
X_0(201)* -> 201a1: D = -192: CM points |--> Q = (1 : 1 : 1); THIRD POINT (0 : 1 : -2 : 1) — CM disc -48
X_0(214)* -> 214b1: CUSP fiber |--> Q = (0 : 1 : 0); RESIDUAL POINT (3 : 3 : 2 : 1) — CM disc -72
X_0(214)* -> 214b1: CUSP fiber |--> Q = (0 : 1 : 0); RESIDUAL POINT (0 : 0 : -1 : 1) — CM disc -8
X_0(214)* -> 214b1: RATIONAL-POINT fiber |--> Q = (0 : 0 : 1); RESIDUAL POINT (1 : 1 : 1 : 1) — CM disc -7  (partner of known point (1 : 1 : 0 : 1) [CM disc -24])
X_0(214)* -> 214b1: RATIONAL-POINT fiber |--> Q = (0 : 0 : 1); RESIDUAL POINT (0 : 1 : 0 : 0) — CM disc -20  (partner of known point (1 : 1 : 0 : 1) [CM disc -24])
X_0(214)* -> 214b1: RATIONAL-POINT fiber |--> Q = (0 : 1 : 0); RESIDUAL POINT (3 : 3 : 2 : 1) — CM disc -72  (partner of known point (1 : 0 : 0 : 0) [cusp])
X_0(214)* -> 214b1: RATIONAL-POINT fiber |--> Q = (0 : 1 : 0); RESIDUAL POINT (0 : 0 : -1 : 1) — CM disc -8  (partner of known point (1 : 0 : 0 : 0) [cusp])
X_0(214)* -> 214b1: RATIONAL-POINT fiber |--> Q = (0 : 1 : 0); RESIDUAL POINT (3 : 3 : 2 : 1) — CM disc -72  (partner of known point (0 : 0 : -1 : 1) [CM disc -8])
X_0(214)* -> 214b1: RATIONAL-POINT fiber |--> Q = (0 : 0 : 1); RESIDUAL POINT (1 : 1 : 1 : 1) — CM disc -7  (partner of known point (0 : 1 : 0 : 0) [CM disc -20])
X_0(214)* -> 214b1: D = -60: CM points |--> Q = (0 : -1 : 1); THIRD POINT (1 : -1 : 0 : 1) — CM disc -88
X_0(214)* -> 214b1: D = -328: CM points |--> Q = (2 : 2 : 1); THIRD POINT (-1 : 1 : -1 : 1) — CM disc -28
X_0(219)* -> 219a1: CUSP fiber |--> Q = (0 : 1 : 0); RESIDUAL POINT (6 : 4 : 4 : 1) — CM disc -147
X_0(219)* -> 219a1: CUSP fiber |--> Q = (0 : 1 : 0); RESIDUAL POINT (2 : 0 : 0 : 1) — CM disc -267
X_0(219)* -> 219a1: RATIONAL-POINT fiber |--> Q = (2 : 0 : 1); RESIDUAL POINT (3/2 : 1 : -1/2 : 1) — CM disc -123  (partner of known point (1 : 0 : 1 : 0) [CM disc -75])
X_0(219)* -> 219a1: RATIONAL-POINT fiber |--> Q = (0 : 1 : 0); RESIDUAL POINT (2 : 0 : 0 : 1) — CM disc -267  (partner of known point (6 : 4 : 4 : 1) [CM disc -147])
X_0(219)* -> 219a1: RATIONAL-POINT fiber |--> Q = (0 : 1 : 0); RESIDUAL POINT (1 : 0 : 0 : 0) — cusp  (partner of known point (6 : 4 : 4 : 1) [CM disc -147])
X_0(219)* -> 219a1: RATIONAL-POINT fiber |--> Q = (2 : -1 : 1); RESIDUAL POINT (1 : 1 : 0 : 0) — CM disc -48  (partner of known point (1 : 1 : 0 : 1) [CM disc -8])
X_0(219)* -> 219a1: RATIONAL-POINT fiber |--> Q = (2 : -1 : 1); RESIDUAL POINT (0 : 1 : 1 : 1) — CM disc -24  (partner of known point (1 : 1 : 0 : 1) [CM disc -8])
X_0(219)* -> 219a1: RATIONAL-POINT fiber |--> Q = (0 : 1 : 0); RESIDUAL POINT (1 : 0 : 0 : 0) — cusp  (partner of known point (2 : 0 : 0 : 1) [CM disc -267])
X_0(219)* -> 219a1: RATIONAL-POINT fiber |--> Q = (2 : -1 : 1); RESIDUAL POINT (1 : 1 : 0 : 0) — CM disc -48  (partner of known point (0 : 1 : 1 : 1) [CM disc -24])
X_0(219)* -> 219a1: D = -96: CM points |--> Q = (0 : 1 : 0); THIRD POINT (6 : 4 : 4 : 1) — CM disc -147
X_0(219)* -> 219a1: D = -96: CM points |--> Q = (0 : 1 : 0); THIRD POINT (2 : 0 : 0 : 1) — CM disc -267
X_0(219)* -> 219a1: D = -96: CM points |--> Q = (0 : 1 : 0); THIRD POINT (1 : 0 : 0 : 0) — cusp
X_0(219)* -> 219a1: D = -363: CM points |--> Q = (1 : 1 : 1); THIRD POINT (0 : 0 : 1 : 0) — CM disc -27
X_0(254)* -> 254c1: CUSP fiber |--> Q = (0 : 1 : 0); RESIDUAL POINT (1 : 1 : 1 : 1) — CM disc -12
X_0(254)* -> 254c1: CUSP fiber |--> Q = (0 : 1 : 0); RESIDUAL POINT (0 : 1 : 0 : 0) — CM disc -24
X_0(254)* -> 254c1: RATIONAL-POINT fiber |--> Q = (-1 : 1 : 1); RESIDUAL POINT (0 : 0 : 1 : 0) — CM disc -20  (partner of known point (1 : 0 : 1 : 0) [CM disc -40])
X_0(254)* -> 254c1: RATIONAL-POINT fiber |--> Q = (0 : 1 : 0); RESIDUAL POINT (0 : 1 : 0 : 0) — CM disc -24  (partner of known point (1 : 1 : 1 : 1) [CM disc -12])
X_0(254)* -> 254c1: RATIONAL-POINT fiber |--> Q = (0 : 1 : 0); RESIDUAL POINT (1 : 0 : 0 : 0) — cusp  (partner of known point (1 : 1 : 1 : 1) [CM disc -12])
X_0(254)* -> 254c1: RATIONAL-POINT fiber |--> Q = (0 : 1 : 0); RESIDUAL POINT (1 : 0 : 0 : 0) — cusp  (partner of known point (0 : 1 : 0 : 0) [CM disc -24])
X_0(254)* -> 254c1: D = -112: CM points |--> Q = (-1 : 0 : 1); THIRD POINT (2 : 1 : 2 : 1) — CM disc -7
X_0(254)* -> 254c1: D = -408: CM points |--> Q = (3 : -3 : 1); THIRD POINT (3 : 2 : 3/2 : 1) — CM disc -232
X_0(258)* -> 258a1: CUSP fiber |--> Q = (0 : 1 : 0); RESIDUAL POINT (1/2 : 1/2 : 1) — CM disc -48
X_0(258)* -> 258a1: CUSP fiber |--> Q = (0 : 1 : 0); RESIDUAL POINT (-1 : 1 : 0) — CM disc -12
X_0(258)* -> 258a1: RATIONAL-POINT fiber |--> Q = (1 : 1 : 1); RESIDUAL POINT (0 : 1 : 1) — CM disc -72  (partner of known point (0 : 0 : 1) [CM disc -120])
X_0(258)* -> 258a1: RATIONAL-POINT fiber |--> Q = (1 : 1 : 1); RESIDUAL POINT (2 : -1 : 1) — CM disc -372  (partner of known point (0 : 0 : 1) [CM disc -120])
X_0(258)* -> 258a1: RATIONAL-POINT fiber |--> Q = (0 : 1 : 0); RESIDUAL POINT (1/2 : 1/2 : 1) — CM disc -48  (partner of known point (-1 : 1 : 0) [CM disc -12])
X_0(258)* -> 258a1: RATIONAL-POINT fiber |--> Q = (0 : 1 : 0); RESIDUAL POINT (1 : 0 : 0) — cusp  (partner of known point (-1 : 1 : 0) [CM disc -12])
X_0(258)* -> 258a1: RATIONAL-POINT fiber |--> Q = (1 : 1 : 1); RESIDUAL POINT (2 : -1 : 1) — CM disc -372  (partner of known point (0 : 1 : 1) [CM disc -72])
X_0(258)* -> 258a1: RATIONAL-POINT fiber |--> Q = (0 : 1 : 0); RESIDUAL POINT (1/2 : 1/2 : 1) — CM disc -48  (partner of known point (1 : 0 : 0) [cusp])
X_0(258)* -> 258a1: RATIONAL-POINT fiber |--> Q = (2 : -5 : 1); RESIDUAL POINT (1 : -1 : 1) — CM disc -20  (partner of known point (1 : 1 : 1) [CM disc -168])
X_0(258)* -> 258a1: RATIONAL-POINT fiber |--> Q = (2 : -5 : 1); RESIDUAL POINT (-1 : -1 : 1) — CM disc -132  (partner of known point (1 : 1 : 1) [CM disc -168])
X_0(258)* -> 258a1: RATIONAL-POINT fiber |--> Q = (2 : -5 : 1); RESIDUAL POINT (1 : -1 : 1) — CM disc -20  (partner of known point (-1 : -1 : 1) [CM disc -132])
X_0(258)* -> 258a1: D = -156: CM points |--> Q = (1 : -2 : 1); THIRD POINT (0 : -1/2 : 1) — CM disc -8
X_0(262)* -> 262b1: RATIONAL-POINT fiber |--> Q = (-1 : -1 : 1); RESIDUAL POINT (1 : 1 : 1 : 1) — CM disc -88  (partner of known point (3/2 : 1 : 1/2 : 1) [CM disc -72])
X_0(262)* -> 262b1: D = -32: CM points |--> Q = (1 : 0 : 1); THIRD POINT (1 : 0 : 1 : 0) — CM disc -40
X_0(262)* -> 262b1: D = -56: CM points |--> Q = (0 : 1 : 0); THIRD POINT (1 : 0 : 0 : 0) — cusp
X_0(262)* -> 262b1: D = -120: CM points |--> Q = (1 : -1 : 1); THIRD POINT (3 : 1 : 1 : 1) — CM disc -24
X_0(262)* -> 262b1: D = -312: CM points |--> Q = (-1 : 2 : 1); THIRD POINT (3 : 1 : 2 : 1) — CM disc -8
X_0(434)* -> 434a1: CUSP fiber |--> Q = (0 : 1 : 0); RESIDUAL POINT (0 : 0 : 0 : 1) — CM disc -12
X_0(434)* -> 434a1: CUSP fiber |--> Q = (0 : 1 : 0); RESIDUAL POINT (0 : 1 : 1 : 0) — CM disc -84
X_0(434)* -> 434a1: RATIONAL-POINT fiber |--> Q = (-1 : 2 : 1); RESIDUAL POINT (0 : 0 : 1 : 0) — CM disc -168  (partner of known point (0 : 0 : -1 : 1) [CM disc -24])
X_0(434)* -> 434a1: RATIONAL-POINT fiber |--> Q = (0 : 1 : 0); RESIDUAL POINT (0 : 0 : 0 : 1) — CM disc -12  (partner of known point (0 : 1 : 1 : 0) [CM disc -84])
X_0(434)* -> 434a1: RATIONAL-POINT fiber |--> Q = (0 : 1 : 0); RESIDUAL POINT (1 : 0 : 0 : 0) — cusp  (partner of known point (0 : 1 : 1 : 0) [CM disc -84])
X_0(434)* -> 434a1: RATIONAL-POINT fiber |--> Q = (0 : 1 : 0); RESIDUAL POINT (1 : 0 : 0 : 0) — cusp  (partner of known point (0 : 0 : 0 : 1) [CM disc -12])
X_0(402)* -> 201a1: CUSP fiber |--> Q = (0 : 1 : 0); RESIDUAL POINT (1 : 1 : 2/3 : 2/3 : 1) — CM disc -8
X_0(402)* -> 201a1: CUSP fiber |--> Q = (0 : 1 : 0); RESIDUAL POINT (0 : 0 : 1 : 1 : 0) — CM disc -72
X_0(402)* -> 201a1: RATIONAL-POINT fiber |--> Q = (0 : 1 : 0); RESIDUAL POINT (1 : 1 : 2/3 : 2/3 : 1) — CM disc -8  (partner of known point (1 : 0 : 0 : 0 : 0) [cusp])
X_0(402)* -> 201a1: RATIONAL-POINT fiber |--> Q = (0 : 1 : 0); RESIDUAL POINT (0 : 0 : 1 : 1 : 0) — CM disc -72  (partner of known point (1 : 0 : 0 : 0 : 0) [cusp])
X_0(402)* -> 201a1: RATIONAL-POINT fiber |--> Q = (0 : 0 : 1); RESIDUAL POINT (0 : 1 : 1 : 0 : 1) — CM disc -120  (partner of known point (0 : 0 : 0 : 1 : 1) [CM disc -168])
X_0(402)* -> 201a1: RATIONAL-POINT fiber |--> Q = (0 : 0 : 1); RESIDUAL POINT (0 : 0 : 0 : -1 : 1) — CM disc -20  (partner of known point (0 : 0 : 0 : 1 : 1) [CM disc -168])
X_0(402)* -> 201a1: RATIONAL-POINT fiber |--> Q = (0 : 0 : 1); RESIDUAL POINT (0 : 0 : 0 : -1 : 1) — CM disc -20  (partner of known point (0 : 1 : 1 : 0 : 1) [CM disc -120])
X_0(402)* -> 201a1: RATIONAL-POINT fiber |--> Q = (0 : 1 : 0); RESIDUAL POINT (0 : 0 : 1 : 1 : 0) — CM disc -72  (partner of known point (1 : 1 : 2/3 : 2/3 : 1) [CM disc -8])
X_0(402)* -> 201a1: D = -192: CM points |--> Q = (0 : -1 : 1); THIRD POINT (0 : 1/2 : 0 : 1/2 : 1) — CM disc -12
X_0(402)* -> 201a1: D = -264: CM points |--> Q = (1 : 1 : 1); THIRD POINT (1 : -1 : 1 : -1 : 1) — CM disc -228
X_0(402)* -> 201a1: D = -1032: CM points |--> Q = (4 : -8 : 1); THIRD POINT (4 : 16/5 : 8/5 : 7/5 : 1) — CM disc -708
X_0(438)* -> 219a1: CUSP fiber |--> Q = (0 : 1 : 0); RESIDUAL POINT (1 : 0 : 0 : 0 : 1) — CM disc -36
X_0(438)* -> 219a1: CUSP fiber |--> Q = (0 : 1 : 0); RESIDUAL POINT (1 : 0 : 0 : 0 : 1) — CM disc -36
X_0(438)* -> 219a1: RATIONAL-POINT fiber |--> Q = (0 : 1 : 0); RESIDUAL POINT (1 : 0 : 0 : 0 : 0) — cusp  (partner of known point (1 : 0 : 0 : 0 : 1) [CM disc -36])
X_0(438)* -> 219a1: RATIONAL-POINT fiber |--> Q = (1 : -2 : 1); RESIDUAL POINT (0 : 1 : 0 : -1 : 1) — CM disc -12  (partner of known point (1/2 : 1/2 : 1 : -1/2 : 1) [CM disc -8])
X_0(438)* -> 219a1: RATIONAL-POINT fiber |--> Q = (1 : -2 : 1); RESIDUAL POINT (0 : 1 : -1 : 1 : 0) — CM disc -24  (partner of known point (1/2 : 1/2 : 1 : -1/2 : 1) [CM disc -8])
X_0(438)* -> 219a1: RATIONAL-POINT fiber |--> Q = (1 : -2 : 1); RESIDUAL POINT (0 : 1 : -1 : 1 : 0) — CM disc -24  (partner of known point (0 : 1 : 0 : -1 : 1) [CM disc -12])
X_0(438)* -> 219a1: D = -660: CM points |--> Q = (2 : -1 : 1); THIRD POINT (1 : 0 : 1 : 1 : 1) — CM disc -228
X_0(438)* -> 219a1: D = -1320: CM points |--> Q = (-1 : -4 : 1); THIRD POINT (2 : 1 : 0 : 1 : 1) — CM disc -48
X_0(438)* -> 219a1: D = -1848: CM points |--> Q = (1 : 1 : 1); THIRD POINT (2 : 2 : 1 : 1 : 1) — CM disc -72
X_0(185)* -> 185c2: CUSP fiber |--> Q = (0 : 1 : 0); RESIDUAL POINT (2 : 1 : 1) — CM disc -11
X_0(185)* -> 185c2: CUSP fiber |--> Q = (0 : 1 : 0); RESIDUAL POINT (1 : 0 : 1) — CM disc -16
X_0(185)* -> 185c2: RATIONAL-POINT fiber |--> Q = (0 : 1 : 0); RESIDUAL POINT (1 : 0 : 1) — CM disc -16  (partner of known point (2 : 1 : 1) [CM disc -11])
X_0(185)* -> 185c2: RATIONAL-POINT fiber |--> Q = (0 : 1 : 0); RESIDUAL POINT (1 : 0 : 0) — cusp  (partner of known point (2 : 1 : 1) [CM disc -11])
X_0(185)* -> 185c2: RATIONAL-POINT fiber |--> Q = (0 : 1 : 0); RESIDUAL POINT (1 : 0 : 0) — cusp  (partner of known point (1 : 0 : 1) [CM disc -16])
X_0(185)* -> 185c2: D = -435: CM points |--> Q = (3 : 3 : 1); THIRD POINT (5/2 : 1 : 1) — CM disc -115
X_0(185)* -> 185c2: D = -715: CM points |--> Q = (3 : -7 : 1); THIRD POINT (0 : 1 : 1) — CM disc -40
X_0(185)* -> 185c2: D = -2035: CM points |--> Q = (11 : 31 : 1); THIRD POINT (5/2 : -1 : 1) — CM disc -555
